file	existing extensions	removed
0569IbnAhmadCattarHamadhani.Futya.Shamela0006429-ara1	[]	[]
0569IbnAhmadCattarHamadhani.Futya.JK001050-ara1	[]	[]
0575IbnKhayrIshbili.Fahrasa.JK001084-ara1	['completed']	[]
0575IbnKhayrIshbili.Fahrasa.Shamela0010726-ara1	[]	[]
0562Samcani.Tahbir.Shamela0001694-ara1	['completed']	[]
0562Samcani.Tahbir.JK001322-ara1	[]	[]
0562Samcani.AdabImla.JK000448-ara1	[]	[]
0562Samcani.AdabImla.Shamela0006018-ara1	[]	[]
0562Samcani.AdabImla.Shia002173-ara1	[]	[]
0562Samcani.FadailSham.Shamela0012743-ara1	[]	[]
0562Samcani.Muntakhab.Shamela0021556-ara1	['completed']	[]
0562Samcani.Ansab.Shia003430Vols-ara1	[]	[]
0562Samcani.Ansab.Sham30K0012317-ara1	[]	[]
0562Samcani.Ansab.Shamela0012317-ara1	['completed']	[]
0562Samcani.Ansab.JK000952-ara1	['completed']	[]
0562Samcani.Ansab.Sham30K0045603-ara1	[]	[]
0562Samcani.Ansab.Sham30K0002009-ara1	[]	[]
0573NashwanHimyari.HurCin.JK010635-ara1	[]	[]
0573NashwanHimyari.HurCin.Shamela0022885-ara1	[]	[]
0573NashwanHimyari.ShamsCulum.Shamela0023358-ara1	[]	[]
0573NashwanHimyari.ShamsCulum.ShamIbadiyya0000880-ara1	[]	[]
0573NashwanHimyari.KhulasaSiyar.JK010763-ara1	[]	[]
0573NashwanHimyari.KhulasaSiyar.Shamela0000763-ara1	[]	[]
0562IbnHasanIsbahaniThaqafi.Fawaid.Shamela0029976-ara1	[]	[]
0562IbnHasanIsbahaniThaqafi.CarusAjza.Shamela0026746-ara1	[]	[]
0560SharifIdrisi.NuzhaMushtaq.Shamela0011787-ara1	[]	[]
0560SharifIdrisi.NuzhaMushtaq.JK001331-ara1	[]	[]
0560SharifIdrisi.NuzhaMushtaq.Shia003491Vols-ara1	[]	[]
0570IbnYahyaSamawalMaghribi.GhayatMaqsud.Shamela0012757-ara1	[]	[]
0570IbnYahyaSamawalMaghribi.IfhamYahud.JK001024-ara1	[]	[]
0570IbnYahyaSamawalMaghribi.IfhamYahud.Shamela0006529-ara1	[]	[]
0570IbnYahyaSamawalMaghribi.BadhlMajhudFiIfhamYahud.Shamela0010719-ara1	[]	[]
0560IbnCaliIbnHamzaTusi.Wasila.Shia000046-ara1	[]	[]
0560IbnCaliIbnHamzaTusi.ThaqibFiManaqib.Shia001341-ara1	[]	[]
0558IbnAbiKhayrCimraniYamani.IntisarFiRadd.JK007004-ara1	[]	[]
0558IbnAbiKhayrCimraniYamani.IntisarFiRadd.Shamela0007361-ara1	[]	[]
0558IbnAbiKhayrCimraniYamani.ByanFiMadhhabShafici.Shamela0021721-ara1	[]	[]
0564IbnNasrIbnDajajiHanbali.SafatMulah.Shamela0005355-ara1	[]	[]
0573IbnHibatAllahQutbDinRawandi.Kharaij.Zaydiyya0000120-ara1	[]	[]
0573IbnHibatAllahQutbDinRawandi.Kharaij.Shia001344Vols-ara1	[]	[]
0573IbnHibatAllahQutbDinRawandi.FiqhQuran.Shia002369Vols-ara1	[]	[]
0573IbnHibatAllahQutbDinRawandi.QisasAnbiya.Shia003700-ara1	[]	[]
0573IbnHibatAllahQutbDinRawandi.Dacawat.Shia000047-ara1	[]	[]
0555IbnQalanisi.Tarikh.Shamela0022799-ara1	['completed']	[]
0555IbnQalanisi.Tarikh.JK010402-ara1	[]	[]
0568IbnAhmadKhwarazmiMakki.Manaqib.Shia003697-ara1	[]	[]
0567CarqalaKalbi.Diwan.JK007621-ara1	[]	[]
0571IbnCasakir.ArbacunaFiHathth.JK000616-ara1	[]	[]
0571IbnCasakir.ArbacunaFiHathth.Shamela0005716-ara1	[]	[]
0571IbnCasakir.ArbacunaBuldaniyya.JK000854-ara1	[]	[]
0571IbnCasakir.ArbacunaBuldaniyya.Shia002174-ara1	[]	[]
0571IbnCasakir.ArbacunaBuldaniyya.Shamela0005713-ara1	[]	[]
0571IbnCasakir.ArbacunaBuldaniyya.JK010919-ara1	[]	[]
0571IbnCasakir.MadhTawaduc.Shamela0012747-ara1	[]	[]
0571IbnCasakir.DhammQuranaSu.Shamela0026861-ara1	[]	[]
0571IbnCasakir.TarikhDimashq.Sham30K0000071-ara1	[]	[]
0571IbnCasakir.TarikhDimashq.Shamela0000071-ara1	[]	[]
0571IbnCasakir.TarikhDimashq.JK000916-ara1	['mARkdwon']	[]
0571IbnCasakir.TarikhDimashq.Sham30K0032602-ara1	[]	[]
0571IbnCasakir.TarikhDimashq.Shia003157Vols-ara1	[]	[]
0571IbnCasakir.TarikhDimashq.Sham30K0004624-ara1	[]	[]
0571IbnCasakir.TarikhDimashq.Sham30K0032852-ara1	[]	[]
0571IbnCasakir.KashfMughatta.Shamela0006032-ara1	[]	[]
0571IbnCasakir.KashfMughatta.JK001124-ara1	[]	[]
0571IbnCasakir.ArbacunaMinMusawat.Shamela0009371-ara1	[]	[]
0571IbnCasakir.FadlYawmCarafa.Shamela0026469-ara1	[]	[]
0571IbnCasakir.DhammMalahi.Shamela0026707-ara1	[]	[]
0571IbnCasakir.TacziyatMuslim.JK000023-ara1	[]	[]
0571IbnCasakir.TacziyatMuslim.Shamela0006766-ara1	[]	[]
0571IbnCasakir.TacziyatMuslim.Shia002180-ara1	[]	[]
0571IbnCasakir.TabyinImtinan.Shamela0009965-ara1	[]	[]
0571IbnCasakir.HadiWaKhamsunMinAmali.Shamela0029789-ara1	[]	[]
0571IbnCasakir.Tawba.JK000068-ara1	[]	[]
0571IbnCasakir.Tawba.Shamela0026465-ara1	[]	[]
0571IbnCasakir.FadlUmmMumininCaisha.Shamela0026735-ara1	[]	[]
0571IbnCasakir.MucjamShuyukh.Shamela0012750-ara1	['completed']	[]
0571IbnCasakir.TarjamatHasan.Shia003698-ara1	[]	[]
0571IbnCasakir.AkhbarLiHifzQuran.Shamela0026866-ara1	[]	[]
0571IbnCasakir.DhammDhiWajhayn.Shamela0026467-ara1	[]	[]
0571IbnCasakir.DhammManLaYacmaluBiCilmihi.Shamela0026501-ara1	[]	[]
0571IbnCasakir.ArbacunaAbdalCawali.Shamela0026742-ara1	[]	[]
0571IbnCasakir.TabyinKadhb.Shamela0006549-ara1	[]	[]
0571IbnCasakir.TabyinKadhb.JK000318-ara1	[]	[]
0571IbnCasakir.FadlShahrRamadan.Shamela0026468-ara1	[]	[]
0571IbnCasakir.JuzFiFadlRajab.Shamela0022053-ara1	[]	[]
0571IbnCasakir.MinHadithAhlHurdan.Shamela0026851-ara1	[]	[]
0571IbnCasakir.FadilatDhikrAllah.Shamela0026719-ara1	[]	[]
0571IbnCasakir.TarjamatHusayn.Shia003699-ara1	[]	[]
0555IbnMuhammadHamadhaniTai.ArbacunaFiIrshad.Shamela0026842-ara1	[]	[]
0567IbnKhashshabBaghdadi.TarikhMawalidAimma.Shia001342-ara1	[]	[]
0566AbuMascudHajji.WafayatJamacatMinMuhaddithin.Shamela0026437-ara1	[]	[]
0572RusafiBalansi.Diwan.JK007575-ara1	[]	[]
0569CumaraHakami.NukatCasriyya.Shamela0009248BK1-ara1	['mARkdwon']	[]
0573RashidWatwat.MatlubKullTalib.Shia001347-ara1	[]	[]
0569BinyaminTutili.Rihla.Shamela0011681-ara1	[]	[]
0557IbnCabdAllahKindi.JawharMuqtasar.ShamIbadiyya0000475-ara1	[]	[]
0566MutawakkilAhmad.UsulAhkam.Zaydiyya0000357-ara1	[]	[]
0566MutawakkilAhmad.UsulAhkam.Zaydiyya0000390Vols-ara1	[]	[]
0566MutawakkilAhmad.UsulAhkam.Zaydiyya0000010-ara2	[]	[]
0566MutawakkilAhmad.HaqaiqMacrifa.Zaydiyya0000044-ara1	[]	[]
0574ShuhdaBintAhmad.Cumda.Shamela0007375-ara1	[]	[]
0574ShuhdaBintAhmad.Cumda.JK001207-ara1	[]	[]
0553BayanHaqqNaysaburi.BahirBurhan.Shamela0037538-ara1	[]	[]
0553BayanHaqqNaysaburi.IjazBayan.Shamela0023593-ara1	[]	[]
0562IbnHamdun.TadhkiraHamduniyya.Shamela0010646-ara1	[]	[]
0562IbnHamdun.TadhkiraHamduniyya.JK009325-ara1	[]	[]
0565IbnZaydBayhaqi.TarikhBayhaq.Shamela0011758-ara1	['completed']	[]
0565IbnZaydBayhaqi.TatimmaSiwanHikma.Shamela0000273-ara1	['completed']	[]
0565IbnZaydBayhaqi.TatimmaSiwanHikma.JK010273-ara1	[]	[]
0565IbnZaydBayhaqi.LubabAnsab.Shamela0000355-ara1	['completed']	[]
0565IbnZaydBayhaqi.LubabAnsab.JK010355-ara1	[]	[]
0571IbnIbrahimIbnSacdKhayrAnsari.QurtCalaKamil.Shamela0000670-ara1	[]	[]
0571IbnIbrahimIbnSacdKhayrAnsari.QurtCalaKamil.JK010670-ara1	[]	[]
0563AbuCalaKirmani.MafatihAghani.Shamela0021819-ara1	[]	[]
0570IbnMuhammadKarabisiNaysaburi.Furuq.JK000234-ara1	[]	[]
0570IbnMuhammadKarabisiNaysaburi.Furuq.Shamela0008182-ara1	[]	[]
0570AbuCammarCabdKafiIbadi.Mujaz.ShamIbadiyya0000730-ara1	[]	[]
0564IbnCabdWahidSamarqandi.Majlis.JK007025-ara1	[]	[]
0564IbnCabdWahidSamarqandi.MujibatJanna.Shamela0026378-ara1	[]	[]
0560WazirIbnHubayraShaybani.IkhtilafAimma.JK009140-ara1	[]	[]
0560WazirIbnHubayraShaybani.IkhtilafAimma.Shamela0006228-ara1	[]	[]
0570AbuYacqubWarjalani.CadlWaInsaf.ShamIbadiyya0000100-ara1	[]	[]
0570AbuYacqubWarjalani.Asma.ShamIbadiyya0000636-ara1	[]	[]
0570AbuYacqubWarjalani.DalilWaBurhan.ShamIbadiyya0000007-ara1	[]	[]
0575IbnBabawayh.Fihrist.Shia002937-ara1	['completed']	[]
0575IbnBabawayh.Arbacuna.Shia001348-ara1	[]	[]
0571IbnCaliDiyaDinRawandi.Nawadir.Shia001343-ara1	[]	[]
0563IbnMuqarrabBaghdadiKarkhi.Arbacuna.Shamela0009361-ara1	[]	[]
0565IbnMuhammadAbuBakrBaghdadi.Mashyakha.Shamela0026665-ara1	[]	[]
0565IbnMuhammadAbuBakrBaghdadi.Khumasiyyat.Shamela0029932-ara1	[]	[]
0807IbnAhmarKhazraji.NafhaNisriniyya.Shamela0000401-ara1	[]	[]
0807IbnAhmarKhazraji.NafhaNisriniyya.JK010401-ara1	[]	[]
0801IbnCuthmanIbnQasihBaghdadiCudhri.SirajQari.Shamela0095577-ara1	[]	[]
0810IbnHadi.JawharShaffaf.Zaydiyya0000062-ara1	[]	[]
0825IbnQasimSabti.IkhtisarAkhbar.Shamela0036150-ara1	[]	[]
0813RajabIbnMuhammadBursi.MashariqAnwar.Shia004023-ara1	[]	[]
0815IbnCabdAllahGhazuli.MatalicBudur.Shamela0005390-ara1	[]	[]
0806IbnHusaynZaynDinCiraqi.AlfiyyatSira.Shamela0023660-ara1	[]	[]
0806IbnHusaynZaynDinCiraqi.AlfiyyaTabsira.Shamela0005902-ara1	[]	[]
0806IbnHusaynZaynDinCiraqi.Taqyid.Shamela0007581-ara1	[]	[]
0806IbnHusaynZaynDinCiraqi.Taqyid.JK000985-ara1	[]	[]
0806IbnHusaynZaynDinCiraqi.ArbacunaCushariyya.Shamela0005715-ara1	[]	[]
0806IbnHusaynZaynDinCiraqi.ArbacunaCushariyya.Shia002230-ara1	[]	[]
0806IbnHusaynZaynDinCiraqi.ArbacunaCushariyya.JK000663-ara1	[]	[]
0806IbnHusaynZaynDinCiraqi.Mughni.JK005021-ara1	[]	[]
0806IbnHusaynZaynDinCiraqi.Mughni.Shamela0021550-ara1	[]	[]
0806IbnHusaynZaynDinCiraqi.DhaylMizan.Shamela0005847-ara1	[]	[]
0806IbnHusaynZaynDinCiraqi.DhaylMizan.JK005015-ara1	[]	[]
0806IbnHusaynZaynDinCiraqi.TaqribAsanid.JK007116-ara1	[]	[]
0806IbnHusaynZaynDinCiraqi.MustakhrajCalaMustadrak.Shamela0006008-ara1	[]	[]
0806IbnHusaynZaynDinCiraqi.MustakhrajCalaMustadrak.JK000628-ara1	[]	[]
0806IbnHusaynZaynDinCiraqi.MustakhrajCalaMustadrak.JK000861-ara1	[]	[]
0806IbnHusaynZaynDinCiraqi.MustakhrajCalaMustadrak.Shia002229-ara1	[]	[]
0806IbnHusaynZaynDinCiraqi.KhamsatAhadith.Shamela0009484-ara1	[]	[]
0806IbnHusaynZaynDinCiraqi.TarhTarthib.Shamela0011036-ara1	[]	[]
0806IbnHusaynZaynDinCiraqi.TarhTarthib.JK007117-ara1	[]	[]
0806IbnHusaynZaynDinCiraqi.TawsicaCalaCiyal.Shamela0029509-ara1	[]	[]
0805SirajDinBulqini.TarjumnaShucabIman.JK009381-ara1	[]	[]
0805SirajDinBulqini.MuqaddimatIbnSalah.Shamela0029878-ara1	[]	[]
0821Qalqashandi.QalaidJuman.JK010489-ara1	[]	[]
0821Qalqashandi.QalaidJuman.Shamela0000315-ara1	['completed']	[]
0821Qalqashandi.Maathir.JK000401-ara1	[]	[]
0821Qalqashandi.Maathir.Shamela0008460-ara1	[]	[]
0821Qalqashandi.SubhAcsha.Shamela0009429-ara1	[]	[]
0821Qalqashandi.SubhAcsha.JK000958-ara1	[]	[]
0821Qalqashandi.NihayaArab.Shamela0031382-ara1	['completed']	[]
0803IbnMusaJamalDinMalati.MuctasarMinMukhtasar.Shamela0011816-ara1	[]	[]
0803IbnMusaJamalDinMalati.MuctasarMinMukhtasar.JK000232-ara1	[]	[]
0815IbnMuhammadShihabDinIbnHaim.TibyanFiTafsirGharib.Shamela0023598-ara1	[]	[]
0815IbnMuhammadShihabDinIbnHaim.TibyanFiTafsirGharib.JK001123-ara1	[]	[]
0816AbuBakrMaraghi.Mashyakha.Shamela0026731-ara1	['completed']	[]
0816AbuBakrMaraghi.ArbacunaMinMacali.Shamela0009375-ara1	[]	[]
0812CaliKhazraji.CuqudLuluiyya.Shamela0009233-ara1	[]	[]
0817MajdDinFiruzabadi.QamusMuhit.Shamela0007283-ara1	[]	[]
0817MajdDinFiruzabadi.QamusMuhit.JK001437-ara1	[]	[]
0817MajdDinFiruzabadi.QamusMuhit.Shia003957Vols-ara1	[]	[]
0817MajdDinFiruzabadi.TanwirMiqbas.Shamela0012877-ara1	[]	[]
0817MajdDinFiruzabadi.TanwirMiqbas.Shia002666-ara1	[]	[]
0817MajdDinFiruzabadi.TanwirMiqbas.JK000865-ara1	[]	[]
0817MajdDinFiruzabadi.RaddCalaRafida.Shamela0037554-ara1	[]	[]
0817MajdDinFiruzabadi.BasairDhawiTamyiz.Shamela0009856-ara1	[]	[]
0817MajdDinFiruzabadi.RisalaFiBayan.Shamela0011760-ara1	[]	[]
0817MajdDinFiruzabadi.BulghaFiTarajim.Shamela0009984-ara1	[]	[]
0817MajdDinFiruzabadi.BulghaFiTarajim.JK000396-ara1	[]	[]
0816IbnMuhammadSharifJurjani.Risalatan.JK006972-ara1	[]	[]
0816IbnMuhammadSharifJurjani.Risalatan.Shamela0005984-ara1	[]	[]
0816IbnMuhammadSharifJurjani.Risalatan.Shamela0030531-ara1	[]	[]
0816IbnMuhammadSharifJurjani.Tacrifat.Shamela0007312-ara1	[]	[]
0816IbnMuhammadSharifJurjani.Tacrifat.JK000768-ara1	[]	[]
0816IbnMuhammadSharifJurjani.Nahw.Shamela0038149-ara1	[]	[]
0803IbnCarafaWarghami.MukhtasarFiMantiq.Shamela0000708-ara1	[]	[]
0803IbnCarafaWarghami.MukhtasarFiMantiq.JK010708-ara1	[]	[]
0803IbnCarafaWarghami.Tafsir.Shamela0000067-ara1	[]	[]
0803IbnCarafaWarghami.Tafsir.Shamela0096753-ara1	[]	[]
0803IbnCarafaWarghami.Tafsir.JK009258-ara1	[]	[]
0803IbnLahhamCalaDinBacli.Qawacid.Shamela0008526-ara1	[]	[]
0803IbnLahhamCalaDinBacli.Qawacid.JK000879-ara1	[]	[]
0803IbnLahhamCalaDinBacli.IkhtiyaratCilmiyya.JK011090-ara1	[]	[]
0803IbnLahhamCalaDinBacli.MukhtasarFiUsulFiqh.JK000223-ara1	[]	[]
0803IbnLahhamCalaDinBacli.MukhtasarFiUsulFiqh.Shamela0006308-ara1	[]	[]
0809IbnQunfudh.WasilatIslam.Shamela0006587-ara1	[]	[]
0809IbnQunfudh.WasilatIslam.JK001286-ara1	[]	[]
0809IbnQunfudh.Wafayat.Shia003615-ara1	[]	[]
0809IbnQunfudh.Wafayat.Shamela0010921-ara1	['completed']	[]
0809IbnQunfudh.Wafayat.JK001481-ara1	[]	[]
0802IbnMusaAbnasi.ShadhaFayyah.JK000981-ara1	[]	[]
0802IbnMusaAbnasi.ShadhaFayyah.Shamela0007349-ara1	[]	[]
0803BahaDinNajafi.MuntakhabAnwar.Shia004022-ara1	[]	[]
0804IbnMulaqqin.TadhkiraFiFiqhShafici.Shamela0021553-ara1	[]	[]
0804IbnMulaqqin.MustadrakDhahabi.Shamela0096551-ara1	[]	[]
0804IbnMulaqqin.TadhkiratMuhtaj.Shamela0009569-ara1	[]	[]
0804IbnMulaqqin.TadhkiratMuhtaj.JK006802-ara1	[]	[]
0804IbnMulaqqin.MuqnicFiCulumHadith.JK000996-ara1	[]	[]
0804IbnMulaqqin.MuqnicFiCulumHadith.Shamela0005976-ara1	[]	[]
0804IbnMulaqqin.TuhfaMuhtaj.Shamela0005911-ara1	[]	[]
0804IbnMulaqqin.TuhfaMuhtaj.JK000271-ara1	[]	[]
0804IbnMulaqqin.BadrMunir.JK009137-ara1	[]	[]
0804IbnMulaqqin.BadrMunir.Shamela0005922-ara1	[]	[]
0804IbnMulaqqin.GhayatSul.JK001472-ara1	[]	[]
0804IbnMulaqqin.GhayatSul.Shamela0006588-ara1	[]	[]
0804IbnMulaqqin.KhulasatBadrMunir.JK000734-ara1	[]	[]
0804IbnMulaqqin.KhulasatBadrMunir.Shamela0021104-ara1	[]	[]
0804IbnMulaqqin.TadhkiraFiCulumHadith.Shamela0023640-ara1	[]	[]
0804IbnMulaqqin.TabaqatAwliya.Shamela0001347-ara1	['completed']	[]
0804IbnMulaqqin.TabaqatAwliya.JK010755-ara1	[]	[]
0808IbnCimadDinShihabDinAqfahsi.AdabAkl.Shamela0008185-ara1	[]	[]
0808IbnCimadDinShihabDinAqfahsi.AdabAkl.JK010210-ara1	[]	[]
0808IbnKhaldun.Tarikh.JK000420-ara1	[]	[]
0808IbnKhaldun.Tarikh.Shamela0012320-ara1	['completed']	[]
0808IbnKhaldun.Tarikh.Shia003607Vols-ara1	[]	[]
0808IbnKhaldun.Tarikh.Zaydiyya0000152-ara1	[]	[]
0808IbnKhaldun.Tarikh.JK005600-ara1	[]	[]
0808IbnKhaldun.Rihla.Shamela0037022-ara1	['completed']	[]
0803BarciYamaniShacir.Diwan.JK007602-ara1	[]	[]
0807NurDinHaythami.MawaridZaman.Shia002231Vols-ara1	[]	[]
0807NurDinHaythami.MawaridZaman.Shamela0000901-ara1	[]	[]
0807NurDinHaythami.MawaridZaman.JK000707-ara1	[]	[]
0807NurDinHaythami.MawaridZaman.Shamela0098126-ara1	[]	[]
0807NurDinHaythami.MajmacZawaid.Shia001782Vols-ara1	[]	[]
0807NurDinHaythami.MajmacZawaid.Shamela0000061-ara1	[]	[]
0807NurDinHaythami.MajmacZawaid.Shamela0096615-ara1	[]	[]
0807NurDinHaythami.MajmacZawaid.JK000637-ara1	[]	[]
0807NurDinHaythami.KashfAstar.Shamela0012862-ara1	[]	[]
0807NurDinHaythami.MaqsadAli.Shamela0021570-ara1	[]	[]
0807NurDinHaythami.GhayatMaqsad.Shamela0009567-ara1	[]	[]
0808MuhammadDamiri.HayatHayawanKubra.Shamela0010664-ara1	[]	[]
0808MuhammadDamiri.HayatHayawanKubra.Zaydiyya0000303-ara1	[]	[]
0808MuhammadDamiri.HayatHayawanKubra.JK009229-ara1	[]	[]
0808MuhammadDamiri.SharhLamiyyatCajam.Shamela0095860-ara1	[]	[]
0822HadiIbnWazir.NihayatTanwih.Zaydiyya0000047-ara1	[]	[]
0822HadiIbnWazir.HidayatRaghibin.Zaydiyya0000091-ara1	[]	[]
0515IbnQattac.Afcal.JK000925-ara1	[]	[]
0515IbnQattac.Afcal.Shamela0012050-ara1	[]	[]
0515IbnQattac.DurraKhatira.Shamela0005424-ara1	['completed']	[]
0524IbnAhmadIbnAkfaniDimashqi.Hadith.Shamela0021673-ara1	[]	[]
0517IbnKhayyatShacir.Diwan.JK007588-ara1	[]	[]
0516IbnCabdWahidDaqqaqIsbahani.MucjamMashaikh.Shamela0009622-ara1	['completed']	[]
0516IbnCabdWahidDaqqaqIsbahani.Amali.Shamela0009594-ara1	[]	[]
0502IbnCaliTabriziShaybani.DiwanHamasa.Shamela0006907-ara1	[]	[]
0502IbnCaliTabriziShaybani.DiwanHamasa.JK001099-ara1	[]	[]
0502IbnCaliTabriziShaybani.SharhQasaid.Shamela0037488-ara1	[]	[]
0515IbnMuhammadAminDinTarabulusi.MajmucLatif.Shamela0009096-ara1	[]	[]
0514IbnAhmadIsbahaniJarkani.Juz.Shamela0009394-ara1	[]	[]
0507IbnQaysarani.IdahIshkal.Shamela0005996-ara1	[]	[]
0507IbnQaysarani.IdahIshkal.JK000767-ara1	[]	[]
0507IbnQaysarani.AnsabMuttafiqa.Shamela0021552-ara1	[]	[]
0507IbnQaysarani.AnsabMuttafiqa.JK000686-ara1	[]	[]
0507IbnQaysarani.AnsabMuttafiqa.Shamela0005794-ara1	['completed']	[]
0507IbnQaysarani.DhakhiratHuffaz.JK005020-ara1	[]	[]
0507IbnQaysarani.DhakhiratHuffaz.Shamela0006060-ara1	[]	[]
0507IbnQaysarani.MasalatTasmiyya.Shamela0026591-ara1	[]	[]
0507IbnQaysarani.Manthur.Shamela0026876-ara1	[]	[]
0507IbnQaysarani.MasalatCuluwwWaNuzul.JK000853-ara1	[]	[]
0507IbnQaysarani.MasalatCuluwwWaNuzul.Shamela0006002-ara1	[]	[]
0507IbnQaysarani.AtrafGharaib.Shamela0006083-ara1	[]	[]
0507IbnQaysarani.AtrafGharaib.JK005006-ara1	[]	[]
0507IbnQaysarani.Samac.Shamela0006277-ara1	[]	[]
0507IbnQaysarani.Samac.JK009178-ara1	[]	[]
0507IbnQaysarani.TadhkiratMawducat.JK001199-ara1	[]	[]
0507IbnQaysarani.MacrifatTadhkira.JK005019-ara1	[]	[]
0507IbnQaysarani.MacrifatTadhkira.Shamela0006080-ara1	[]	[]
0507IbnQaysarani.TadhkiratHuffaz.Shamela0001578-ara1	[]	[]
0508IbnMukhtarBaghdadi.Fawaid.Shamela0029778-ara1	[]	[]
0520IbnRushdJadd.Muqaddimat.Shamela0021735-ara1	['completed']	[]
0520IbnRushdJadd.BayanWaTahsil.Shamela0021751-ara1	[]	[]
0520IbnRushdJadd.RaddCalaManDhahaba.Shamela0006542-ara1	[]	[]
0520IbnRushdJadd.RaddCalaManDhahaba.JK000338-ara1	[]	[]
0524IbnAkfani.DhaylDhaylTarikhMawlidCulama.JK000695-ara1	['completed']	[]
0524IbnAkfani.DhaylDhaylTarikhMawlidCulama.Shamela0005789-ara1	[]	[]
0507AbiwardiShacir.Diwan.JK007598-ara1	[]	[]
0505IbnHamzaTajQurraKirmani.AsrarTikrar.JK000463-ara1	[]	[]
0505IbnHamzaTajQurraKirmani.AsrarTikrar.Shamela0003580-ara1	[]	[]
0505IbnHamzaTajQurraKirmani.GharaibTafsir.Shamela0012820-ara1	[]	[]
0509IbnShahridarDaylami.Firdaws.JK001297-ara1	[]	[]
0509IbnShahridarDaylami.Firdaws.Shamela0006072-ara1	[]	[]
0515CumarKhayyam.Rubaciyyat.Shamela0012857-ara1	[]	[]
0515CumarKhayyam.Rubaciyyat.JK010581-ara1	[]	[]
0520IbnMuhammadTurtushi.SirajMuluk.Shamela0001585-ara1	['mARkdwon']	[]
0520IbnMuhammadTurtushi.SirajMuluk.JK010572-ara1	[]	[]
0520IbnMuhammadTurtushi.Hawadith.Shamela0008590-ara1	['completed']	[]
0510CawtabiSuhari.Ansab.ShamIbadiyya0000248-ara1	[]	[]
0510CawtabiSuhari.Diya.ShamIbadiyya0000760-ara1	[]	[]
0521IbnMuhammadBatalyawsi.HulalFiSharh.JK009366-ara1	[]	[]
0521IbnMuhammadBatalyawsi.HulalFiSharh.Shamela0000634-ara1	[]	[]
0521IbnMuhammadBatalyawsi.Hadaiq.Shamela0006461-ara1	[]	[]
0521IbnMuhammadBatalyawsi.Hadaiq.JK001097-ara1	[]	[]
0521IbnMuhammadBatalyawsi.InsafFiTanbih.JK000294-ara1	[]	[]
0521IbnMuhammadBatalyawsi.InsafFiTanbih.Shamela0006350-ara1	[]	[]
0521IbnMuhammadBatalyawsi.MushkilatMuwatta.Shamela0006037-ara1	['completed']	[]
0521IbnMuhammadBatalyawsi.MushkilatMuwatta.JK009183-ara1	[]	[]
0508MuhammadIbnIbrahimKindi.BayanSharc.ShamIbadiyya0000198-ara1	[]	[]
0508MuhammadIbnIbrahimKindi.BayanSharc.ShamIbadiyya0000967-ara1	[]	[]
0508MuhammadIbnIbrahimKindi.BayanSharc.ShamIbadiyya0000470-ara1	[]	[]
0508MuhammadIbnIbrahimKindi.BayanSharc.ShamIbadiyya0000199-ara1	[]	[]
0511SalmaSahari.Ansab.JK010491-ara1	[]	[]
0511SalmaSahari.Ansab.Shamela0000491-ara1	[]	[]
0516IbnCaliHariri.DurratGhawwas.Shamela0006920-ara1	[]	[]
0516IbnCaliHariri.DurratGhawwas.JK001016-ara1	[]	[]
0516IbnCaliHariri.SharhMaqamat.JK009202-ara1	[]	[]
0516IbnCaliHariri.Maqamat.Shamela0026585-ara1	[]	[]
0516IbnCaliHariri.MulhatIcrab.JK009281-ara1	[]	[]
0516IbnCaliHariri.MulhatIcrab.Shamela0007840-ara1	[]	[]
0525IbnAhmadIbnHattabRazi.Ahadith.Shamela0029726-ara1	[]	[]
0505Ghazali.MishkatAnwar.JK009401-ara1	[]	[]
0505Ghazali.MishkatAnwar.Shamela0012421-ara1	[]	[]
0505Ghazali.MaqsadAsna.Shamela0006465-ara1	[]	[]
0505Ghazali.MaqsadAsna.JK000036-ara1	[]	[]
0505Ghazali.AsnafMaghrurin.JK010255-ara1	[]	[]
0505Ghazali.AsnafMaghrurin.Shamela0009198-ara1	[]	[]
0505Ghazali.AyFarzand.Khismatulin001-per1	[]	[]
0505Ghazali.MacarijQuds.Shamela0006494-ara1	[]	[]
0505Ghazali.MacarijQuds.JK000061-ara1	[]	[]
0505Ghazali.MicyarCilm.JK010716-ara1	[]	[]
0505Ghazali.MicyarCilm.Shamela0026575-ara1	[]	[]
0505Ghazali.Tahafut.Shamela0011055-ara1	[]	[]
0505Ghazali.IhyaCulumDin.JK000001-ara1	[]	[]
0505Ghazali.IhyaCulumDin.Shamela0009472-ara1	[]	[]
0505Ghazali.Fadaih.Shamela0006554-ara1	[]	[]
0505Ghazali.Fadaih.JK000345-ara1	[]	[]
0505Ghazali.Mustasfa.JK000276-ara1	[]	[]
0505Ghazali.Mustasfa.Shia002916-ara1	[]	[]
0505Ghazali.Mustasfa.Shamela0005459-ara1	[]	[]
0505Ghazali.MizanCamal.Shamela0009264-ara1	[]	[]
0505Ghazali.MizanCamal.JK009289-ara1	[]	[]
0505Ghazali.Wasit.Shamela0006128-ara1	[]	[]
0505Ghazali.Wasit.JK000309-ara1	[]	[]
0505Ghazali.KimiyaSacada.Shamela0009261-ara1	[]	[]
0505Ghazali.SirrCalamin.JK009402-ara1	[]	[]
0505Ghazali.SirrCalamin.JK010240-ara1	[]	[]
0505Ghazali.JawahirQuran.Shamela0009883-ara1	[]	[]
0505Ghazali.JawahirQuran.JK001110-ara1	[]	[]
0505Ghazali.BidayatHidaya.Shamela0012718-ara1	[]	[]
0505Ghazali.MahkNazar.Shamela0026538-ara1	[]	[]
0505Ghazali.TibrMasbuk.Shamela0004129-ara1	[]	[]
0505Ghazali.Munqidh.JK009330-ara1	[]	[]
0505Ghazali.Munqidh.Shamela0009246-ara1	[]	[]
0505Ghazali.Mankhul.Shamela0003960-ara1	[]	[]
0505Ghazali.Mankhul.JK000155-ara1	[]	[]
0505Ghazali.Mankhul.Shia002917-ara1	[]	[]
0505Ghazali.Iqtisad.JK009219-ara1	[]	[]
0505Ghazali.Iqtisad.Shamela0009217-ara1	[]	[]
0505Ghazali.QawaidCaqaid.JK000954-ara1	[]	[]
0505Ghazali.QawaidCaqaid.Shamela0006397-ara1	[]	[]
0521MuhammadHamadhani.TakmilatTarikhTabari.Shamela0006616-ara1	['completed']	[]
0521MuhammadHamadhani.TakmilatTarikhTabari.JK000414-ara1	[]	[]
0518IbnMuhammadMaydaniNaysaburi.MucjamAmthal.JK000882-ara1	[]	[]
0518IbnMuhammadMaydaniNaysaburi.MucjamAmthal.Shamela0012929-ara1	[]	[]
0510IbnMascudBaghawi.SharhSunna.Shamela0007891-ara1	[]	[]
0510IbnMascudBaghawi.SharhSunna.JK009152-ara1	[]	[]
0510IbnMascudBaghawi.SiyarMinTahdhib.Shamela0003637-ara1	[]	[]
0510IbnMascudBaghawi.AnwarFiShamailNabi.Shamela0010803-ara1	[]	[]
0510IbnMascudBaghawi.Tafsir.Shia002553Vols-ara1	[]	[]
0510IbnMascudBaghawi.Tafsir.JK000464-ara1	[]	[]
0510IbnMascudBaghawi.Tafsir.Shamela0012217-ara1	[]	[]
0510IbnMascudBaghawi.Tafsir.Shamela0000041-ara1	['completed']	[]
0504IbnMuhammadCimadDinTabari.AhkamQuran.Shamela0023582-ara1	[]	[]
0502RaghibIsbahani.DharicaFiMakarimSharica.Shamela0001390-ara1	[]	[]
0502RaghibIsbahani.MuhadaratUdaba.JK006919-ara1	[]	[]
0502RaghibIsbahani.MuhadaratUdaba.Shamela0009078-ara1	[]	[]
0502RaghibIsbahani.Tafsir.Shamela0009231-ara1	[]	[]
0502RaghibIsbahani.Mufradat.JK001150-ara1	[]	[]
0502RaghibIsbahani.Mufradat.Shamela0023636-ara1	[]	[]
0502RaghibIsbahani.Mufradat.Shia002552-ara1	[]	[]
0502RaghibIsbahani.TafsilNashatayn.Shamela0021562-ara1	[]	[]
0502RaghibIsbahani.TafsilNashatayn.JK010181-ara1	[]	[]
0508FattalNaysaburi.RawdaWacizin.Shia001171-ara1	['completed']	[]
0525IbnCaliTabari.BisharatMustafa.Shia003692-ara1	[]	[]
0507AbuBakrShashi.Fawaid.Shamela0005695-ara1	[]	[]
0507AbuBakrShashi.Fawaid.JK008003-ara1	[]	[]
0507AbuBakrShashi.HilyaCulama.Shamela0006131-ara1	[]	[]
0507AbuBakrShashi.HilyaCulama.JK000244-ara1	['completed']	[]
0510IbnCaliAbuGhanaimNursi.FawaidKufiyyin.Shamela0026588-ara1	[]	[]
0510IbnCaliAbuGhanaimNursi.ThawabQada.JK001253-ara1	[]	[]
0510IbnCaliAbuGhanaimNursi.ThawabQada.Shamela0006768-ara1	[]	[]
0511IbnMandahYahya.MacrifaAsamiArdaf.Shamela0005806-ara1	['completed']	[]
0511IbnMandahYahya.MacrifaAsamiArdaf.JK000757-ara1	[]	[]
0511IbnMandahYahya.Amali.Shamela0030027-ara1	[]	[]
0511IbnMandahYahya.JuzFihiDhikr.JK000832-ara1	[]	[]
0511IbnMandahYahya.JuzFihiDhikr.Shia003153-ara1	[]	[]
0511IbnMandahYahya.JuzFihiDhikr.Shamela0006654-ara1	[]	[]
0511IbnMandahYahya.ManCasha.Shamela0009628-ara1	[]	[]
1318MuhammadSanusi.Musamarat.Shamela0005440-ara1	[]	[]
1324IbnNasifNasraniYaziji.NujcatRaid.Shamela0010426-ara1	[]	[]
1310BakriDimyati.HashiyaIcanaTalibin.Shamela0000963-ara1	[]	[]
1310BakriDimyati.HashiyaIcanaTalibin.Shia000891Vols-ara1	[]	[]
1310BakriDimyati.HashiyaIcanaTalibin.JK000179-ara1	[]	[]
1321MirzaJacfarTabatabai.IrshadCibad.Shia004051-ara1	[]	[]
1308IbnKhalilHindiCuthmani.IzharHaqq.Shamela0022721-ara1	[]	[]
1308IbnKhalilHindiCuthmani.MunazaraTaqririyya.Shamela0006546-ara1	[]	[]
1308IbnKhalilHindiCuthmani.MunazaraTaqririyya.JK000332-ara1	[]	[]
1308IbnKhalilHindiCuthmani.MukhtasarIzharHaqq.Shamela0030945-ara1	[]	[]
1308IbnKhalilHindiCuthmani.MukhtasarIzharHaqq.JK011854-ara1	[]	[]
1304AhmadFarisShidyaq.SaqCalaSaq.Shamela0009693-ara1	[]	[]
1313SayyidCaliBurujirdi.Taraif.Shia002970Vols-ara1	[]	[]
1313SayyidCaliBurujirdi.Taraif.Zaydiyya0000190-ara1	[]	[]
1307Qannawji.AbjadCulum.Shamela0009579-ara1	[]	[]
1307Qannawji.AbjadCulum.JK000676-ara1	[]	[]
1307Qannawji.Yaqza.JK000076-ara1	[]	[]
1307Qannawji.Yaqza.Shamela0006879-ara1	[]	[]
1307Qannawji.BulghaFuUsulLugha.Shamela0035073-ara1	[]	[]
1307Qannawji.LuqtaCajlan.Shamela0010739-ara1	[]	[]
1307Qannawji.LuqtaCajlan.JK001132-ara1	[]	[]
1307Qannawji.NashwatSakran.Shamela0028173-ara1	[]	[]
1307Qannawji.NaylMaram.Shamela0009759-ara1	[]	[]
1307Qannawji.RawdaNadiyya.Shamela0007444-ara1	[]	[]
1307Qannawji.RawdaNadiyya.Shamela0009293-ara1	[]	[]
1307Qannawji.RawdaNadiyya.JK007064-ara1	[]	[]
1307Qannawji.FathBayan.Shamela0037458-ara1	[]	[]
1307Qannawji.HittaFiDhikr.Shamela0010717-ara1	[]	[]
1307Qannawji.HittaFiDhikr.JK000971-ara1	[]	[]
1307Qannawji.QatfThamar.JK000113-ara1	[]	[]
1307Qannawji.QatfThamar.Shamela0003874-ara1	[]	[]
1307Qannawji.HusnUswa.Shamela0003485-ara1	[]	[]
1307Qannawji.HusnUswa.JK000961-ara1	[]	[]
1312CaliRuzdari.TaqriratAyatAllah.Shia000384Vols-ara1	[]	[]
1315Salawi.IstiqsaLiAhkbar.Shamela0006627-ara1	[]	[]
1315Salawi.IstiqsaLiAhkbar.JK001325-ara1	[]	[]
1316IbnCumarBantaniJawi.NihayatZayn.JK000310-ara1	[]	[]
1316IbnCumarBantaniJawi.NihayatZayn.Shamela0006146-ara1	[]	[]
1316IbnCumarBantaniJawi.MarahLabid.Shamela0022769-ara1	[]	[]
1316IbnCumarBantaniJawi.TanqihQawl.JK009251-ara1	[]	[]
1320MuhammadHusaynIsbahani.AnwarQudsiyya.Shia003758-ara1	[]	[]
1317KhayrDinAlusi.JalaCaynayn.Shamela0009943-ara1	[]	[]
1317KhayrDinAlusi.JalaCaynayn.Zaydiyya0000379-ara1	[]	[]
1317KhayrDinAlusi.AyatBayyinat.Shamela0000247-ara1	[]	[]
1317KhayrDinAlusi.AyatBayyinat.JK001010-ara1	[]	[]
1317KhayrDinAlusi.AyatBayyinat.Shamela0006457-ara1	[]	[]
1324IbrahimNazji.NujcatRaid.Zaydiyya0000023-ara1	[]	[]
1306IbnMuhammadIbnCabidinDimashqi.TakmilaRaddMuhtar.Shia000996Vols-ara1	[]	[]
1306IbnMuhammadIbnCabidinDimashqi.TakmilaRaddMuhtar.Shamela0000918-ara1	[]	[]
1306IbnMuhammadIbnCabidinDimashqi.TakmilaRaddMuhtar.JK010918-ara1	[]	[]
1304AhmadZayniDahlan.DurarSaniyya.Shia004520-ara1	[]	[]
1304AhmadZayniDahlan.RisalatNasr.Shia004521-ara1	[]	[]
1304AhmadZayniDahlan.RisalaFiKayfiyyatMunazara.Shamela0036527-ara1	[]	[]
1304AhmadZayniDahlan.FitnaWahhabiyya.Shia004522-ara1	[]	[]
1318AhmadDimashqi.MucjamAsmaAshya.Shamela0007057-ara1	[]	[]
1318AhmadDimashqi.MucjamAsmaAshya.JK001175-ara1	[]	[]
1313MuhammadBaqirKajuri.KhasaisFatimiyya.Shia003752Vols-ara1	[]	[]
1304IbnMuhammadHindiLaknawi.TacliqMumajjad.Shamela0009804-ara1	[]	[]
1304IbnMuhammadHindiLaknawi.RafcWaTakmil.Shamela0005973-ara1	[]	[]
1304IbnMuhammadHindiLaknawi.RafcWaTakmil.JK000993-ara1	[]	[]
1304IbnMuhammadHindiLaknawi.AtharMarfuca.JK005001-ara1	[]	[]
1304IbnMuhammadHindiLaknawi.AtharMarfuca.Shamela0006053-ara1	[]	[]
1306MullaCaliKanni.TawdihMaqal.Shia002969-ara1	[]	[]
1320IbnAhmadSayyidFuratiKawakibi.UmmQura.JK007003-ara1	[]	[]
1320IbnAhmadSayyidFuratiKawakibi.UmmQura.Shamela0009680-ara1	[]	[]
1320IbnAhmadSayyidFuratiKawakibi.TabaicIstibdad.Shamela0036085-ara1	[]	[]
1310MuhammadCaliAnsariTabrizi.LumcaBayda.Shia003757-ara1	[]	[]
1319IbnYasinLabadiNabulusi.HashiyatCalaNaylMaarib.Shamela0097809-ara1	[]	[]
1313CorneliusVanDyck.CahdQadimWaJadid.BibleCorpus001-ara1	['completed']	[]
1313CorneliusVanDyck.IktifaQunuc.Shamela0009199-ara1	[]	[]
1313CorneliusVanDyck.IktifaQunuc.JK001441-ara1	[]	[]
1306FikriBasha.NazmLaal.Shamela0005385-ara1	[]	[]
1315AbuMacaliKalbasi.RasailRijaliyya.Shia002972Vols-ara1	[]	[]
1305IbnKhalilQawuqjiTarabulusi.LuluMarsuc.JK005017-ara1	[]	[]
1305IbnKhalilQawuqjiTarabulusi.LuluMarsuc.Shamela0006063-ara1	[]	[]
1323CabbasNajlJacfarKashifGhita.RisalaFiImama.Shia004052-ara1	[]	[]
1319MahdiMuhammadHuthi.BudurMudia.Zaydiyya0000081-ara1	[]	[]
1319MahdiMuhammadHuthi.MawzicaHasana.Zaydiyya0000028-ara1	[]	[]
1319MuhammadHasanAshtiyani.Qada.Shia000388-ara1	[]	[]
1323MuhammadCabduh.RisalatTawhid.JK001276-ara1	[]	[]
1323MuhammadCabduh.RisalatTawhid.Shamela0006392-ara1	[]	[]
1323MuhammadCabduh.SharhNahjBalagha.Shia001107Vols-ara1	[]	[]
1304HaydarIbnSulaymanHilli.Diwan.JK007638-ara1	[]	[]
1304HaydarIbnSulaymanHilli.Diwan.Shia004662Vols-ara1	[]	[]
1304HaydarIbnSulaymanHilli.CiqdMufassal.Shamela0005448-ara1	[]	[]
1314ShakirBatluni.NafhAzhar.Shamela0028175-ara1	[]	[]
1306HamidNaqwi.KhulasatCuqubatAnwar.Shia001555Vols-ara1	[]	[]
1325IbnMutahharHalabi.NahjHaqq.Zaydiyya0000258-ara1	[]	[]
1320NuriTabarsi.MustadrakWasail.Shia001237Vols-ara1	['completed']	[]
1320NuriTabarsi.NafsRahman.Shia004050-ara1	[]	[]
1320NuriTabarsi.KhatimaMustadrak.Shia001255Vols-ara1	[]	[]
1322HasanTawfiqCadl.RasailBushra.Shamela0037007-ara1	[]	[]
0993IbnFalahShaybani.RisalaFiKharaj.Shia000179-ara1	[]	[]
0978QasimQunawi.AnisFuqaha.Shamela0010930-ara1	[]	[]
0978QasimQunawi.AnisFuqaha.JK000205-ara1	[]	[]
0977KhatibShirbini.SirajMunir.Shamela0001466-ara1	[]	[]
0977KhatibShirbini.KhisalMukaffira.Shamela0009279-ara1	[]	[]
0977KhatibShirbini.MughniMuhtaj.Shamela0011444-ara1	[]	[]
0977KhatibShirbini.MughniMuhtaj.JK000888-ara1	[]	[]
0977KhatibShirbini.MughniMuhtaj.Shia000873Vols-ara1	[]	[]
0977KhatibShirbini.Iqnac.JK000291-ara1	[]	[]
0977KhatibShirbini.Iqnac.Shamela0006121-ara1	[]	[]
0977KhatibShirbini.Iqnac.Shia000871Vols-ara1	[]	[]
0992IbnBaliQustantini.KhayrKalam.JK006913-ara1	[]	[]
0992IbnBaliQustantini.KhayrKalam.Shamela0000310-ara1	[]	[]
0981IbnMusaMuwaqqitDimashqi.CiqdTalid.Shamela0010016-ara1	[]	[]
0986IbnCaliFattani.TadhkiratMawducat.Shamela0012738-ara1	[]	[]
0986IbnCaliFattani.TadhkiratMawducat.Shia002281-ara1	[]	[]
1000IbnAhmadQahiri.MatnCashmawiyya.Shamela0037326-ara1	[]	[]
0984BardDinGhazzi.MurahFiMuzah.Shamela0004126-ara1	[]	[]
0984BardDinGhazzi.MurahFiMuzah.JK009317-ara1	[]	[]
0984BardDinGhazzi.AdabCishra.JK010253-ara1	[]	[]
0984BardDinGhazzi.AdabCishra.Shamela0008186-ara1	[]	[]
0984BardDinGhazzi.MatalicBadriya.Shamela0037060-ara1	[]	[]
0984BardDinGhazzi.AdabMuwakala.Shamela0000466-ara1	[]	[]
0984BardDinGhazzi.AdabMuwakala.JK010254-ara1	[]	[]
0992IbnQasimMisri.RisalaFiIsmFacil.JK001047-ara1	[]	[]
0992IbnQasimMisri.RisalaFiIsmFacil.Shamela0006992-ara1	[]	[]
0981TaqiDinRumi.RisalatInqadhHalikin.Shamela0009283-ara1	[]	[]
0984WalidBahaiCamili.WusulAkhyar.Shia001403-ara1	[]	[]
0984WalidBahaiCamili.CiqdHusayni.Shia000178-ara1	[]	[]
0993MuhaqqiqArdabili.RisalatanFiKharaj.Shia000180-ara1	[]	[]
0993MuhaqqiqArdabili.MajmacFaida.Shia000182Vols-ara1	[]	[]
0993MuhaqqiqArdabili.ZubdatBayan.Shia000181-ara1	[]	[]
0983IbnMuhammadSahgirAkhdari.MukhtasarFiCibadat.Shamela0009548-ara1	[]	[]
0983IbnMuhammadSahgirAkhdari.MukhtasarFiCibadat.JK009285-ara1	[]	[]
0989SharafDinCimriti.DurraBahiyya.Shamela0002084-ara1	[]	[]
0987ZaynDinMalibari.IsticdadLiMawt.JK010127-ara1	[]	[]
0987ZaynDinMalibari.IsticdadLiMawt.Shamela0000483-ara1	[]	[]
0987ZaynDinMalibari.FathMucin.Shia000877Vols-ara1	[]	[]
0987ZaynDinMalibari.FathMucin.Shamela0011327-ara1	[]	[]
0987ZaynDinMalibari.FathMucin.JK000228-ara1	[]	[]
0987ZaynDinMalibari.FathMucin.JK011226-ara1	[]	[]
0982IbnMuhammadAbuSacud.IrshadCaqlSalim.Shamela0001429-ara1	[]	[]
0982IbnMuhammadAbuSacud.IrshadCaqlSalim.JK000458-ara1	[]	[]
0982IbnMuhammadAbuSacud.IrshadCaqlSalim.Shia002686Vols-ara1	[]	[]
0979IbnTurkiMaliki.KhulasatJawahirZakiyya.Shamela0037064-ara1	[]	[]
1004ShamsDinTumurtashi.BadhlMajhud.Shamela0009282-ara1	[]	[]
1014IbnSultanHarawi.FaydMucin.Shamela0031378-ara1	[]	[]
1014IbnSultanHarawi.FaydMucin.JK010189-ara1	[]	[]
1014IbnSultanHarawi.ShammCawarid.Shamela0037559-ara1	[]	[]
1014IbnSultanHarawi.MirqatMafatih.JK007044-ara1	[]	[]
1014IbnSultanHarawi.MirqatMafatih.Shamela0008176-ara1	[]	[]
1014IbnSultanHarawi.SharhShifa.Shamela0009918-ara1	[]	[]
1014IbnSultanHarawi.RaddCalaQailinBiWahdatWujud.Shamela0006541-ara1	[]	[]
1014IbnSultanHarawi.RaddCalaQailinBiWahdatWujud.JK001111-ara1	[]	[]
1014IbnSultanHarawi.SharhNukhbatFikr.JK007030-ara1	[]	[]
1014IbnSultanHarawi.SharhNukhbatFikr.Shamela0005989-ara1	[]	[]
1014IbnSultanHarawi.MawducatSughra.Shamela0006064-ara1	[]	[]
1014IbnSultanHarawi.MawducatSughra.JK000674-ara1	[]	[]
1014IbnSultanHarawi.TasliyyatAcma.Shamela0011092-ara1	[]	[]
1014IbnSultanHarawi.Adilla.Shamela0006453-ara1	[]	[]
1014IbnSultanHarawi.Adilla.JK000926-ara1	[]	[]
1014IbnSultanHarawi.SharhMusnadAbiHanifa.Shia002283-ara1	[]	[]
1014IbnSultanHarawi.SharhMusnadAbiHanifa.JK011225-ara1	[]	[]
1014IbnSultanHarawi.SharhMusnadAbiHanifa.Shamela0009060-ara1	[]	[]
1014IbnSultanHarawi.AhadithQudsiyya.Shamela0037652-ara1	[]	[]
1014IbnSultanHarawi.AhadithQudsiyya.Shamela0019482-ara1	[]	[]
1014IbnSultanHarawi.AsrarMarfuca.Shamela0006056-ara1	[]	[]
1014IbnSultanHarawi.AsrarMarfuca.JK001198-ara1	[]	[]
1014IbnSultanHarawi.JamcWasail.Shamela0002569-ara1	[]	[]
1010TamimiDari.TabaqatSaniya.JK010322-ara1	[]	[]
1010TamimiDari.TabaqatSaniya.Shamela0000322-ara1	[]	[]
1004ShamsDinRamli.FatawaRamli.JK011712-ara1	[]	[]
1004ShamsDinRamli.NihayatMuhtaj.JK007135-ara1	[]	[]
1004ShamsDinRamli.NihayatMuhtaj.Shamela0003565-ara1	[]	[]
1004ShamsDinRamli.HashiyatRamli.JK007114-ara1	[]	[]
1004ShamsDinRamli.GhayatBayan.JK000172-ara1	[]	[]
1004ShamsDinRamli.GhayatBayan.Shamela0006136-ara1	[]	[]
1011SahibMacalim.TahrirTawusi.Shia002944-ara1	[]	[]
1008DawudAntaki.TazyinAswaq.JK009233-ara1	[]	[]
1008DawudAntaki.TazyinAswaq.Shamela0000630-ara1	[]	[]
1008DawudAntaki.TadhkiratUliAlbab.Shia004673Vols-ara1	[]	[]
1008DawudAntaki.TadhkiratUliAlbab.Zaydiyya0000262-ara1	[]	[]
1011IbnShahidThani.MacalimDin.Shia002755-ara1	[]	[]
1011IbnShahidThani.MuntaqaJuman.Shia002945Vols-ara1	[]	[]
1019NurAllahTustari.IhqaqHaqq.Shia004026-ara1	[]	[]
1019NurAllahTustari.SawarimMuhraqa.Shia001404-ara1	[]	[]
1009MuhammadCamili.MadarikAhkam.Shia000196Vols-ara1	[]	[]
1009MuhammadCamili.NihayatMaram.Shia000204Vols-ara1	[]	[]
1014ZaynDinTablawi.ShamcaMudiyya.Shamela0005555-ara1	[]	[]
1014ZaynDinTablawi.ShamcaMudiyya.JK009144-ara1	[]	[]
1020IbnAhmadBadrDinCamiliHusayni.HashiyaCalaUsulKafi.Shia001173-ara1	[]	[]
1016MuhibbDinHamawi.HadiAzcan.Shamela0000476-ara1	[]	[]
1016MuhibbDinHamawi.HadiAzcan.JK010476-ara1	[]	[]
1016MuhibbDinHamawi.TanzilAyat.Shia002378-ara1	[]	[]
0750MuallifMajhul.TawarikhMulukIslam.GVDB20200615-ara1	['completed']	[]
0742Mizzi.MuntaqaMinFawaid.Shamela0012846-ara1	[]	[]
0742Mizzi.TuhfatAshraf.Shamela0011385-ara1	[]	[]
0742Mizzi.TahdhibKamal.Sham30K0036601-ara1	[]	[]
0742Mizzi.TahdhibKamal.Sham30K0038926-ara1	[]	[]
0742Mizzi.TahdhibKamal.Shamela0003722-ara1	['completed']	[]
0742Mizzi.TahdhibKamal.JK000144-ara1	[]	[]
0742Mizzi.TahdhibKamal.Shia003241Vols-ara1	[]	[]
0742Mizzi.TahdhibKamal.Sham30K0003722-ara1	[]	[]
0742Mizzi.TarjamatMaslama.Shamela0026893-ara1	[]	[]
0739IbnMuhammadBirzali.Mashyakha.JK001188-ara1	[]	[]
0739IbnMuhammadBirzali.Mashyakha.Shamela0005724-ara1	['completed']	[]
0734IbnSayyidNas.CuyunAthar.Shia003714Vols-ara1	[]	[]
0734IbnSayyidNas.CuyunAthar.Shamela0023653-ara1	[]	[]
0742IbnMuhammadBurhanDinSafaqsi.MajidFiIcrab.Shamela0095571-ara1	[]	[]
0741IbnAhmadGharnatiKalbi.QawaninFiqhiyya.Shamela0006193-ara1	[]	[]
0741IbnAhmadGharnatiKalbi.QawaninFiqhiyya.JK000253-ara1	[]	[]
0741IbnAhmadGharnatiKalbi.TashilLiCulumTanzil.Shia002645Vols-ara1	[]	[]
0741IbnAhmadGharnatiKalbi.TashilLiCulumTanzil.Shamela0023626-ara1	[]	[]
0741IbnAhmadGharnatiKalbi.TashilLiCulumTanzil.JK001480-ara1	[]	[]
0749ShihabDinCumari.TacrifBiMustalahSharif.Shamela0037051-ara1	['completed']	[]
0749ShihabDinCumari.MasalikAbsar.Shamela0011790-ara1	[]	[]
0749ShihabDinCumari.MasalikAbsar.JK010407-ara1	[]	[]
0741KhazinBaghdadi.LubabTawil.Shamela0023628-ara1	['completed']	[]
0741KhazinBaghdadi.LubabTawil.JK009244-ara1	[]	[]
0743FakhrDinZaylaci.TabyinHaqaiq.JK005200-ara1	[]	[]
0743FakhrDinZaylaci.TabyinHaqaiq.Shamela0023023-ara1	[]	[]
0732AbuFida.TibrMasbuk.GVDB20200609-ara1	['completed']	[]
0732AbuFida.MukhtasarFiAkhbar.Shamela0012715-ara1	['completed']	[]
0732AbuFida.MukhtasarFiAkhbar.JK010358-ara1	[]	[]
0732AbuFida.Yawaqit.JK010465-ara1	[]	[]
0732AbuFida.Yawaqit.Shamela0000465-ara1	[]	[]
0749IbnAkfaniSinjari.NukhabDhakhair.Shamela0000693-ara1	[]	[]
0749BadrDinMisriMuradi.TawdihMaqasid.Shamela0009988-ara1	[]	[]
0749BadrDinMisriMuradi.JanaDani.Shamela0026099-ara1	[]	[]
0749BadrDinMisriMuradi.JanaDani.JK010091-ara1	[]	[]
0750IbnYusufZarandi.NazmDurar.Shia002213-ara1	[]	[]
0750IbnYusufZarandi.MacarijWusul.Shia003716-ara1	[]	[]
0733Nuwayri.NihayaArab.Sham30K0010283-ara1	[]	[]
0733Nuwayri.NihayaArab.Zaydiyya0000261-ara1	[]	[]
0733Nuwayri.NihayaArab.Shamela0010283-ara1	['completed']	[]
0733Nuwayri.NihayaArab.Sham30K0005176-ara1	[]	[]
0733Nuwayri.NihayaArab.JK009238-ara1	[]	[]
0728IbnMutahharZaydi.CuqudCiqyan.Zaydiyya0000373Vols-ara1	[]	[]
0745IbnMuhammadTaqiDinIbnImam.SilahMumin.Shamela0006843-ara1	[]	[]
0745IbnMuhammadTaqiDinIbnImam.SilahMumin.JK001236-ara1	[]	[]
0750SafiDinHilli.Diwan.JK007639-ara1	[]	[]
0747MuhyiDinYunini.Mashyakha.Shamela0026495-ara1	['completed']	[]
0730ShaficIbnCali.FadlMathurFiSiratMalikMansur.GVDB20200701-ara1	['completed']	[]
0730ShaficIbnCali.HusnManaqib.LMN20200820-ara1	['completed']	[]
0744IbnCabdHadi.TacliqaCalaCilal.JK007091-ara1	[]	[]
0744IbnCabdHadi.TacliqaCalaCilal.Shamela0011569-ara1	[]	[]
0744IbnCabdHadi.TanqihTahqiq.Shamela0010657-ara1	[]	[]
0744IbnCabdHadi.TanqihTahqiq.JK006803-ara1	[]	[]
0744IbnCabdHadi.SarimMunki.JK001226-ara1	[]	[]
0744IbnCabdHadi.SarimMunki.Shamela0008622-ara1	[]	[]
0744IbnCabdHadi.MuharrirFiHadith.JK007083-ara1	[]	[]
0744IbnCabdHadi.MuharrirFiHadith.Shamela0005918-ara1	[]	[]
0744IbnCabdHadi.CuqudDurriyya.Shamela0006663-ara1	[]	[]
0744IbnCabdHadi.CuqudDurriyya.JK000363-ara1	[]	[]
0727IbnIbrahimIbnJamaca.IdahDalil.JK001419-ara1	[]	[]
0729IbnMuhammadDiyaDinQurashi.MacalimQurba.JK011677-ara1	[]	[]
0729IbnMuhammadDiyaDinQurashi.MacalimQurba.Shamela0010526-ara1	[]	[]
0730MuhammadTujibi.Barnamaj.Shamela0009870-ara1	['completed']	[]
0738IbnCabdRahimSharafDinHamawi.NasikhQuran.Shamela0002209-ara1	[]	[]
0738IbnCabdRahimSharafDinHamawi.NasikhQuran.JK000454-ara1	[]	[]
0730IbnAhmadCalaDinBukhari.KashfAsrar.JK007126-ara1	[]	[]
0730IbnAhmadCalaDinBukhari.KashfAsrar.Shamela0009062-ara1	[]	[]
0748Dhahabi.MizanIctidal.Shamela0001692-ara1	[]	[]
0748Dhahabi.MizanIctidal.JK001293-ara1	['completed']	[]
0748Dhahabi.MizanIctidal.Shia003306Vols-ara1	[]	[]
0748Dhahabi.AhadithMukhtaraMinMawducat.JK005013-ara1	[]	[]
0748Dhahabi.AhadithMukhtaraMinMawducat.Shamela0006071-ara1	[]	[]
0748Dhahabi.MughniFiDucafa.Shamela0005836-ara1	[]	[]
0748Dhahabi.MughniFiDucafa.JK001307-ara1	['completed']	[]
0748Dhahabi.ZaghlCilm.JK006953-ara1	[]	[]
0748Dhahabi.ZaghlCilm.Shamela0006342-ara1	[]	[]
0748Dhahabi.IthbatShifaca.Shamela0026890-ara1	[]	[]
0748Dhahabi.ThalathatTarajim.JK001265-ara1	[]	[]
0748Dhahabi.ThalathatTarajim.Shamela0006653-ara1	[]	[]
0748Dhahabi.DinarMinHadith.JK000699-ara1	[]	[]
0748Dhahabi.DinarMinHadith.Shamela0005688-ara1	[]	[]
0748Dhahabi.Kashif.JK000111-ara1	[]	[]
0748Dhahabi.Kashif.Shamela0002171-ara1	[]	[]
0748Dhahabi.Kashif.Shia003276Vols-ara1	['completed']	[]
0748Dhahabi.MuntaqaMinMinhajIctidal.Shamela0006531-ara1	[]	[]
0748Dhahabi.MuntaqaMinMinhajIctidal.JK001173-ara1	[]	[]
0748Dhahabi.DhaylCibar.JK001291BK1-ara1	['completed']	[]
0748Dhahabi.ManaqibAbiHanifa.Shamela0010461-ara1	[]	[]
0748Dhahabi.MucjamShuyukh.Shamela0012531-ara1	['completed']	[]
0748Dhahabi.MucjamLatif.Shamela0030673-ara1	[]	[]
0748Dhahabi.TarjamatImamMuslim.Shamela0029830-ara1	[]	[]
0748Dhahabi.TarikhIslam.Shia003512Vols-ara1	[]	[]
0748Dhahabi.TarikhIslam.Sham30K0004263-ara1	[]	[]
0748Dhahabi.TarikhIslam.Sham30K0045037-ara1	[]	[]
0748Dhahabi.TarikhIslam.Shamela0012397-ara1	[]	[]
0748Dhahabi.TarikhIslam.Sham30K0034409-ara1	[]	[]
0748Dhahabi.TarikhIslam.Shamela0022771-ara1	[]	[]
0748Dhahabi.TarikhIslam.Sham30K0012397-ara1	[]	[]
0748Dhahabi.TarikhIslam.JK007088-ara1	[]	[]
0748Dhahabi.TarikhIslam.Sham30K0022771-ara1	[]	[]
0748Dhahabi.TarikhIslam.Sham30K0036549-ara1	[]	[]
0748Dhahabi.TarikhIslam.Shamela0035100-ara1	['mARkdwon']	[]
0748Dhahabi.TamassukBiSunan.JK009393-ara1	[]	[]
0748Dhahabi.TamassukBiSunan.Shamela0010321-ara1	[]	[]
0748Dhahabi.Kabair.Shamela0006848-ara1	[]	[]
0748Dhahabi.Kabair.JK000429-ara1	[]	[]
0748Dhahabi.Carsh.Shamela0007350-ara1	[]	[]
0748Dhahabi.RisalaTuruqHadith.Shamela0002582-ara1	[]	[]
0748Dhahabi.ArbacinaFiSifat.Shamela0012861-ara1	[]	[]
0748Dhahabi.DiwanDucafa.Shamela0096955-ara1	['completed']	[]
0748Dhahabi.MucjamMuhaddithin.JK001152-ara1	[]	[]
0748Dhahabi.MucjamMuhaddithin.JK000763-ara1	['completed']	[]
0748Dhahabi.MucjamMuhaddithin.Shamela0009869-ara1	[]	[]
0748Dhahabi.Radd.JK009387-ara1	[]	[]
0748Dhahabi.Radd.Shamela0009075-ara1	[]	[]
0748Dhahabi.MukhtasarCuluww.Shamela0007318-ara1	['completed']	[]
0748Dhahabi.TanqihTahqiq.Shia002211Vols-ara1	[]	[]
0748Dhahabi.TanqihTahqiq.JK007039-ara1	[]	[]
0748Dhahabi.TanqihTahqiq.Shamela0022848-ara1	[]	[]
0748Dhahabi.DhikrAsmaManTakallama.Shamela0012095-ara1	[]	[]
0748Dhahabi.DhikrAsmaManTakallama.JK000031-ara1	[]	[]
0748Dhahabi.DhikrAsmaManTakallama.Shamela0001892-ara1	['completed']	[]
0748Dhahabi.DhikrFiJarh.Shamela0026112-ara1	[]	[]
0748Dhahabi.Muqtana.JK001489-ara1	[]	[]
0748Dhahabi.Muqtana.Shamela0007271-ara1	['completed']	[]
0748Dhahabi.DhaylDiwanDucafa.Shamela0096956-ara1	['completed']	[]
0748Dhahabi.MacrifaQurraKibar.Shamela0008349-ara1	[]	[]
0748Dhahabi.MacrifaQurraKibar.JK000443-ara1	['completed']	[]
0748Dhahabi.CibarFiKhabar.JK004500-ara1	[]	[]
.Rhistory	['unknown']	['.Rhistory']
0748Dhahabi.CibarFiKhabar.Shamela0025841-ara1	['mARkdwon']	[]
0748Dhahabi.CibarFiKhabar.Sham30K0025841-ara1	[]	[]
0748Dhahabi.CibarFiKhabar.Sham30K0002903-ara1	[]	[]
0748Dhahabi.CibarFiKhabar.Sham30K0037883-ara1	[]	[]
0748Dhahabi.MuqaddimaZahra.Shamela0036949-ara1	[]	[]
0748Dhahabi.MawducatMustadrak.Shamela0030341-ara1	[]	[]
0748Dhahabi.WasiyyaLiMuhammadIbnRafic.JK009400-ara1	[]	[]
0748Dhahabi.RuwatThiqat.JK001220-ara1	[]	[]
0748Dhahabi.RuwatThiqat.Shamela0005817-ara1	[]	[]
0748Dhahabi.SiyarAclamNubala.Sham30K0034515-ara1	[]	[]
0748Dhahabi.SiyarAclamNubala.Shamela0010906-ara1	['completed']	[]
0748Dhahabi.SiyarAclamNubala.Shia003283Vols-ara1	[]	[]
0748Dhahabi.SiyarAclamNubala.JK000151-ara1	[]	[]
0748Dhahabi.SiyarAclamNubala.Sham30K0010906-ara1	[]	[]
0748Dhahabi.SiyarAclamNubala.Sham30K0022669-ara1	[]	[]
0748Dhahabi.SiyarAclamNubala.Shamela0022669-ara1	[]	[]
0748Dhahabi.SiyarAclamNubala.Sham30K0046068-ara1	[]	[]
0748Dhahabi.SiyarAclamNubala.Sham30K0034996-ara1	[]	[]
0748Dhahabi.MucinFiTabaqatMuhaddithin.Shamela0005889-ara1	[]	[]
0748Dhahabi.MucinFiTabaqatMuhaddithin.JK000658-ara1	['completed']	[]
0748Dhahabi.MuqizaFiCilmMustalahHadith.Shamela0008195-ara1	[]	[]
0748Dhahabi.MukhtasarMinDubaythi.JK009161-ara1	['completed']	[]
0748Dhahabi.MukhtasarMinDubaythi.Shamela0023764BK2-ara1	['completed']	[]
0748Dhahabi.MukhtasarMinDubaythi.Shia003278-ara1	[]	[]
0748Dhahabi.TadhkiraHuffaz.Shamela0001583-ara1	[]	[]
0748Dhahabi.TadhkiraHuffaz.JK000532-ara1	['completed']	[]
0748Dhahabi.TadhkiraHuffaz.Shia003279Vols-ara1	[]	[]
0748Dhahabi.TalkhisMawducatIbnJawzi.Shamela0006068-ara1	[]	[]
0748Dhahabi.TalkhisMawducatIbnJawzi.JK005018-ara1	[]	[]
0748Dhahabi.Culuww.Shamela0006463-ara1	['mARkdwon']	[]
0748Dhahabi.Culuww.JK001205-ara1	[]	[]
0748Dhahabi.HaqqJar.Shamela0011064-ara1	[]	[]
0748Dhahabi.HaqqJar.JK010221-ara1	[]	[]
0749IbnCaliSirajDinBazzaz.AclamCaliyya.JK000369-ara1	[]	[]
0749IbnCaliSirajDinBazzaz.AclamCaliyya.Shamela0006659-ara1	[]	[]
0736IbnDawadari.KanzDurar.Sham19Y0018147-ara1	['completed']	[]
0741KhatibTabrizi.MishkatMasabih.JK007045-ara1	[]	[]
0741KhatibTabrizi.MishkatMasabih.Shamela0008360-ara1	[]	[]
0741KhatibTabrizi.Ikmal.Shia002942-ara1	[]	[]
0734IbnCaliTajDinFakihani.MawridFiCamalMawlid.Shamela0036626-ara1	[]	[]
0740IbnDawudHilli.Rijal.Zaydiyya0000187-ara1	[]	[]
0740IbnDawudHilli.Rijal.Shia002941-ara1	[]	[]
0732IbnYacqubJanadi.SulukFiTabaqat.JK007011-ara1	['completed']	[]
0732IbnYacqubJanadi.SulukFiTabaqat.Shamela0006668-ara1	[]	[]
0737IbnMuhammadIbnHajjFasi.Madkhal.Shamela0011406-ara1	[]	[]
0737IbnMuhammadIbnHajjFasi.Madkhal.JK007084-ara1	[]	[]
0750Anonymous.SirajZulma.GVDB20200219-ara1	['completed']	[]
0747IbnMascudMahbubiBukhari.Tawdih.JK007109-ara1	[]	[]
0734IbnQaddahHawari.MasailFiqhiyya.JK006902-ara1	[]	[]
0734IbnQaddahHawari.MasailFiqhiyya.Shamela0006255-ara1	[]	[]
0734IbnQaddahHawari.MulhaqFatawa.Shamela0006256-ara1	[]	[]
0734IbnQaddahHawari.MulhaqFatawa.JK008007-ara1	[]	[]
0732IbnCumarBurhanDinJacbari.RusumTahdith.Shamela0005992-ara1	[]	[]
0732IbnCumarBurhanDinJacbari.RusumTahdith.JK009169-ara1	[]	[]
0749MuayyadYahya.DibajWadi.Zaydiyya0000543-ara1	[]	[]
0749MuayyadYahya.DibajWadi.Zaydiyya0000272-ara1	[]	[]
0749MuayyadYahya.JawahirDurriyya.Zaydiyya0000260-ara1	[]	[]
0749MuayyadYahya.Intisar.Zaydiyya0000391Vols-ara2	[]	[]
0749MuayyadYahya.Intisar.Zaydiyya0000162-ara1	[]	[]
0749MuayyadYahya.Intisar.Zaydiyya0000393Vols-ara3	[]	[]
0750AbuHafsQazwini.Mashyakha.Shamela0026802-ara1	['completed']	[]
0750IsmacilJaytali.ManasikHajj.ShamIbadiyya0000482-ara1	[]	[]
0750IsmacilJaytali.QawacidIslam.ShamIbadiyya0000476-ara1	[]	[]
0750IsmacilJaytali.ShurutBatina.ShamIbadiyya0000209-ara1	[]	[]
0750IsmacilJaytali.Caqida.ShamIbadiyya0000054-ara1	[]	[]
0750IsmacilJaytali.AdabMutacallim.ShamIbadiyya0000292-ara1	[]	[]
0748IbnDimyati.Mustafad.JK009162-ara1	[]	[]
0748IbnDimyati.Mustafad.Shia003310-ara1	[]	[]
0748IbnDimyati.Mustafad.Shamela0023764BK4-ara1	['completed']	[]
0750IbnTurkamani.JawharNaqi.JK011184-ara1	[]	[]
0750IbnTurkamani.JawharNaqi.Shia000963Vols-ara1	[]	[]
0750IbnTurkamani.JawharNaqi.Shamela0001184-ara1	[]	[]
0739JalalDinQazwini.IdahFiCulumBalagha.Shamela0007380-ara1	[]	[]
0739JalalDinQazwini.IdahFiCulumBalagha.JK001001-ara1	[]	[]
0733IbnJamacaBadrDinHamawi.TanqihMunazara.Shamela0010103-ara1	[]	[]
0733IbnJamacaBadrDinHamawi.IdahDalil.Shamela0006547-ara1	[]	[]
0733IbnJamacaBadrDinHamawi.TahrirAhkam.Shamela0009685-ara1	[]	[]
0733IbnJamacaBadrDinHamawi.TahrirAhkam.JK007090-ara1	[]	[]
0733IbnJamacaBadrDinHamawi.KashfMacani.Shamela0001403-ara1	[]	[]
0733IbnJamacaBadrDinHamawi.AhadithTusaciyya.Shamela0029617-ara1	[]	[]
0733IbnJamacaBadrDinHamawi.Mashyakha.Shamela0030327-ara1	[]	[]
0733IbnJamacaBadrDinHamawi.Fawaid.Shamela0029802-ara1	[]	[]
0733IbnJamacaBadrDinHamawi.ManhalRawi.Shamela0005959-ara1	[]	[]
0733IbnJamacaBadrDinHamawi.ManhalRawi.JK000745-ara1	[]	[]
0728IbnTaymiyya.Iman.Shamela0007564-ara1	[]	[]
0728IbnTaymiyya.Iman.Shamela0000264-ara1	[]	[]
0728IbnTaymiyya.ArbacunaTaymiyya.Shamela0009370-ara1	[]	[]
0728IbnTaymiyya.Istiqama.JK000028-ara1	[]	[]
0728IbnTaymiyya.Istiqama.Shamela0006820-ara1	[]	[]
0728IbnTaymiyya.MasalaMardiniyya.Shamela0096844-ara1	[]	[]
0728IbnTaymiyya.KalimTayyib.JK001440-ara1	[]	[]
0728IbnTaymiyya.KalimTayyib.Shamela0000327-ara1	[]	[]
0728IbnTaymiyya.KalimTayyib.Shamela0021578-ara1	[]	[]
0728IbnTaymiyya.FatawaKubra.JK001414-ara1	[]	[]
0728IbnTaymiyya.FatawaKubra.Shamela0009690-ara1	[]	[]
0728IbnTaymiyya.MinTurathShaykh.Shamela0013088-ara1	[]	[]
0728IbnTaymiyya.RisalaFiTahqiqTawakkul.JK000899-ara1	[]	[]
0728IbnTaymiyya.DarTacarud.JK000362-ara1	[]	[]
0728IbnTaymiyya.DarTacarud.Shamela0021506-ara1	[]	[]
0728IbnTaymiyya.SharhHadithNuzul.Shamela0011258-ara1	[]	[]
0728IbnTaymiyya.AhadithQussas.Shamela0022812-ara1	[]	[]
0728IbnTaymiyya.AhadithQussas.JK005009-ara1	[]	[]
0728IbnTaymiyya.SharhCaqidaIsfahaniyya.Shamela0011248-ara1	[]	[]
0728IbnTaymiyya.SharhCaqidaIsfahaniyya.JK000375-ara1	[]	[]
0728IbnTaymiyya.QawacidNuraniyya.Shamela0021729-ara1	[]	[]
0728IbnTaymiyya.QawacidNuraniyya.JK000976-ara1	[]	[]
0728IbnTaymiyya.RisalaMadaniyya.Shamela0007635-ara1	[]	[]
0728IbnTaymiyya.RisalaFiMacnaKawnRabb.JK000539-ara1	[]	[]
0728IbnTaymiyya.SharhCumdatFiqh.Shamela0010810-ara1	[]	[]
0728IbnTaymiyya.SharhCumdatFiqh.JK000386-ara1	[]	[]
0728IbnTaymiyya.SharhCumdatFiqh.Shamela0011251-ara1	[]	[]
0728IbnTaymiyya.QacidaFiMahabba.JK000379-ara1	[]	[]
0728IbnTaymiyya.QacidaFiMahabba.Shamela0011289-ara1	[]	[]
0728IbnTaymiyya.RisalaFiQunutAshya.JK000894-ara1	[]	[]
0728IbnTaymiyya.WasitaBaynaHaqqWaKhalq.Shamela0008983-ara1	[]	[]
0728IbnTaymiyya.QacidaJalila.Shamela0022649-ara1	[]	[]
0728IbnTaymiyya.QacidaJalila.JK000376-ara1	[]	[]
0728IbnTaymiyya.SiyasaSharciyya.Shamela0031237-ara1	[]	[]
0728IbnTaymiyya.SiyasaSharciyya.JK000008-ara1	[]	[]
0728IbnTaymiyya.RisalaCarshiyya.Shamela0010784-ara1	[]	[]
0728IbnTaymiyya.RisalaFiDukhulJanna.JK000858-ara1	[]	[]
0728IbnTaymiyya.IhtijajBiQadar.Shamela0000301-ara1	[]	[]
0728IbnTaymiyya.MusawwadaFiUsulFiqh.Shamela0011814-ara1	[]	[]
0728IbnTaymiyya.MusawwadaFiUsulFiqh.JK000388-ara1	[]	[]
0728IbnTaymiyya.BughyatMurtad.JK000374-ara1	[]	[]
0728IbnTaymiyya.BughyatMurtad.Shamela0011071-ara1	[]	[]
0728IbnTaymiyya.HijabMara.Shamela0011150-ara1	[]	[]
0728IbnTaymiyya.HijabMara.JK010398-ara1	[]	[]
0728IbnTaymiyya.HasanaWaSayyia.JK000351-ara1	[]	[]
0728IbnTaymiyya.HasanaWaSayyia.Shamela0007609-ara1	[]	[]
0728IbnTaymiyya.TuhfaCiraqiyya.JK000075-ara1	[]	[]
0728IbnTaymiyya.TuhfaCiraqiyya.Shamela0006827-ara1	[]	[]
0728IbnTaymiyya.RisalaIlaSultan.JK010414-ara1	[]	[]
0728IbnTaymiyya.DaqaiqTafsir.JK000378-ara1	[]	[]
0728IbnTaymiyya.DaqaiqTafsir.Shia002642Vols-ara1	[]	[]
0728IbnTaymiyya.DaqaiqTafsir.Shamela0005487-ara1	[]	[]
0728IbnTaymiyya.RisalaFiRaddCalaIbnCarabi.JK000902-ara1	[]	[]
0728IbnTaymiyya.QacidaJamicaFiTawhid.Shamela0011285-ara1	[]	[]
0728IbnTaymiyya.RasHusayn.Shia003713-ara1	[]	[]
0728IbnTaymiyya.RasHusayn.JK010892-ara1	[]	[]
0728IbnTaymiyya.RasHusayn.Shamela0000892-ara1	[]	[]
0728IbnTaymiyya.CaqidaWasitiyya.JK000359-ara1	[]	[]
0728IbnTaymiyya.CaqidaWasitiyya.Shamela0022665-ara1	[]	[]
0728IbnTaymiyya.Nusayriyya.Shamela0008596-ara1	[]	[]
0728IbnTaymiyya.MajucatRasailWaMasail.Shamela0011730-ara1	[]	[]
0728IbnTaymiyya.RaddCalaShadhili.Shamela0001463-ara1	[]	[]
0728IbnTaymiyya.Istighatha.JK000385-ara1	[]	[]
0728IbnTaymiyya.MasalaMahabba.Shamela0022668-ara1	[]	[]
0728IbnTaymiyya.Tawba.JK000903-ara1	[]	[]
0728IbnTaymiyya.RisalaFiLafzSunna.JK000895-ara1	[]	[]
0728IbnTaymiyya.SujudTilawa.Shamela0011238-ara1	[]	[]
0728IbnTaymiyya.MajmucFatawa.Shamela0007289-ara1	[]	[]
0728IbnTaymiyya.MajmucFatawa.JK000381-ara1	['inProgress', 'no-ext']	['inProgress']
0728IbnTaymiyya.Cubudiyya.Shamela0022647-ara1	[]	[]
0728IbnTaymiyya.FatawaHamawiyya.Shamela0018381-ara1	[]	[]
0728IbnTaymiyya.SarimMaslul.Shamela0007344-ara1	[]	[]
0728IbnTaymiyya.SarimMaslul.JK000370-ara1	[]	[]
0728IbnTaymiyya.QacidaFiInghimas.Shamela0011288-ara1	[]	[]
0728IbnTaymiyya.MukhtasarMinhajSunna.Shamela0021512-ara1	[]	[]
0728IbnTaymiyya.AhadithCawaliMinIbnCurfa.JK000779-ara1	[]	[]
0728IbnTaymiyya.AhadithCawaliMinIbnCurfa.Shamela0007525-ara1	[]	[]
0728IbnTaymiyya.HuquqAlBayt.Shamela0011162-ara1	[]	[]
0728IbnTaymiyya.MazalimMushtaraka.JK006985-ara1	[]	[]
0728IbnTaymiyya.AmradQulub.JK000079-ara1	[]	[]
0728IbnTaymiyya.AmradQulub.Shamela0001512-ara1	[]	[]
0728IbnTaymiyya.FurqanBaynaAwliya.Shamela0021499-ara1	[]	[]
0728IbnTaymiyya.JamicRasail.Shamela0022653-ara1	[]	[]
0728IbnTaymiyya.JamicRasail.JK000377-ara1	[]	[]
0728IbnTaymiyya.RisalaFiFadlKhulafaRashidin.Shamela0038157-ara1	[]	[]
0728IbnTaymiyya.FaslFiAnnaDinAnbiyaWahid.JK000904-ara1	[]	[]
0728IbnTaymiyya.KhilafaWaMulk.JK006983-ara1	[]	[]
0728IbnTaymiyya.MustadrakCalaMajmucFatawa.Shamela0010284-ara1	[]	[]
0728IbnTaymiyya.Iklil.Shamela0009220-ara1	[]	[]
0728IbnTaymiyya.QacidaTatadammanuDhikrMalabisNabi.Shamela0022648-ara1	[]	[]
0728IbnTaymiyya.JamicMasail.Shamela0022797-ara1	[]	[]
0728IbnTaymiyya.RisalaTadmuriyya.Shamela0022666-ara1	[]	[]
0728IbnTaymiyya.Nubuwwat.Shamela0011817-ara1	[]	[]
0728IbnTaymiyya.Nubuwwat.JK000373-ara1	[]	[]
0728IbnTaymiyya.QasidaTaiyyaFiQadar.Shamela0000792-ara1	[]	[]
0728IbnTaymiyya.IkhtiyaratFiqhiyya.JK000380-ara1	[]	[]
0728IbnTaymiyya.RaddCalaAkhnai.Shamela0037816-ara1	[]	[]
0728IbnTaymiyya.RaddCalaAkhnai.JK000350-ara1	[]	[]
0728IbnTaymiyya.RaddCalaAkhnai.Shamela0009277-ara1	[]	[]
0728IbnTaymiyya.NaqdMaratibIjmac.Shamela0008630-ara1	[]	[]
0728IbnTaymiyya.ZiyaratQubur.Shamela0006919-ara1	[]	[]
0728IbnTaymiyya.ZiyaratQubur.JK000355-ara1	[]	[]
0728IbnTaymiyya.SunnatJumca.Shamela0011240-ara1	[]	[]
0728IbnTaymiyya.RisalaQubrusiyya.JK006984-ara1	[]	[]
0728IbnTaymiyya.MasalaFiKanais.Shamela0022651-ara1	[]	[]
0728IbnTaymiyya.JawabSahih.Shamela0000170-ara1	[]	[]
0728IbnTaymiyya.JawabSahih.JK000330-ara1	[]	[]
0728IbnTaymiyya.RisalaAkmaliyya.Shamela0007631-ara1	[]	[]
0728IbnTaymiyya.RisalaFiTahqiqShukr.JK000900-ara1	[]	[]
0728IbnTaymiyya.BacithHathith.JK006970-ara1	[]	[]
0728IbnTaymiyya.FadlAbiBakr.Shamela0022808-ara1	[]	[]
0728IbnTaymiyya.Hisba.JK006982-ara1	[]	[]
0728IbnTaymiyya.Hisba.Shamela0007263-ara1	[]	[]
0728IbnTaymiyya.Hisba.Shamela0036551-ara1	[]	[]
0728IbnTaymiyya.MinhajSunna.JK000365-ara1	[]	[]
0728IbnTaymiyya.MinhajSunna.Zaydiyya0000108-ara1	[]	[]
0728IbnTaymiyya.MinhajSunna.Shamela0000927-ara1	[]	[]
0728IbnTaymiyya.BayanTalbisJahmiyya.Shamela0002864-ara1	[]	[]
0728IbnTaymiyya.BayanTalbisJahmiyya.JK000382-ara1	[]	[]
0728IbnTaymiyya.ZuhdWaWarac.Shamela0006826-ara1	[]	[]
0728IbnTaymiyya.ZuhdWaWarac.JK000077-ara1	[]	[]
0728IbnTaymiyya.RafcMalam.Shamela0004118-ara1	[]	[]
0728IbnTaymiyya.QacidaFiSabr.Shamela0012153-ara1	[]	[]
0728IbnTaymiyya.Safadiyya.Shamela0022874-ara1	[]	[]
0728IbnTaymiyya.Safadiyya.JK000368-ara1	[]	[]
0728IbnTaymiyya.QacidaHasanaFiBaqiyat.Shamela0022650-ara1	[]	[]
0728IbnTaymiyya.JawabFiHilf.Shamela0021565-ara1	[]	[]
0728IbnTaymiyya.RaddCalaManQalaBiFanaJanna.Shamela0002908-ara1	[]	[]
0728IbnTaymiyya.RisalaFiUsulDin.Shamela0011216-ara1	[]	[]
0728IbnTaymiyya.MuqaddimaFiUsulTafsir.Shamela0012081-ara1	[]	[]
0728IbnTaymiyya.RaddCalaMantiqiyyin.JK000371-ara1	[]	[]
0728IbnTaymiyya.RaddCalaMantiqiyyin.Shamela0007626-ara1	[]	[]
0728IbnTaymiyya.TahqiqQawlFiMasalaCisa.Shamela0022667-ara1	[]	[]
0728IbnTaymiyya.QacidaMukhtaciraFiWujubTaca.Shamela0011290-ara1	[]	[]
0728IbnTaymiyya.RasailWaFatawa.JK000006-ara1	[]	[]
0728IbnTaymiyya.RasailWaFatawa.JK006950-ara1	[]	[]
0728IbnTaymiyya.RasailWaFatawa.JK000907-ara1	[]	[]
0728IbnTaymiyya.RasailWaFatawa.JK006835-ara1	[]	[]
0728IbnTaymiyya.RasailWaFatawa.JK006976-ara1	[]	[]
0728IbnTaymiyya.AmrBiMacruf.JK000372-ara1	[]	[]
0728IbnTaymiyya.AmrBiMacruf.Shamela0030903-ara1	[]	[]
0728IbnTaymiyya.QacidaCazimaFiFarq.Shamela0012769-ara1	[]	[]
0728IbnTaymiyya.IqtidaSirat.JK000367-ara1	[]	[]
0728IbnTaymiyya.IqtidaSirat.Shamela0011620-ara1	[]	[]
0728IbnTaymiyya.RisalaFiTahqiqMasalaCilmAllah.JK000901-ara1	[]	[]
0728IbnTaymiyya.FaslFiDalilCalaFadlArab.JK000905-ara1	[]	[]
0728IbnTaymiyya.RisalaFiWaIstacinuBiSabr.JK000898-ara1	[]	[]
0728IbnTaymiyya.MasalaFiMurataba.Shamela0011578-ara1	[]	[]
0745AbuHayyanAndalusi.TafsirBahrMuhit.JK007053-ara1	[]	[]
0745AbuHayyanAndalusi.TafsirBahrMuhit.Shia002649Vols-ara1	[]	[]
0745AbuHayyanAndalusi.TafsirBahrMuhit.Shamela0023591-ara1	['completed']	[]
0745IbnHamzaMuayyadBiLlahTalibi.TirazLiAsrar.Shamela0023788-ara1	[]	[]
0745IbnHamzaMuayyadBiLlahTalibi.AtwaqHamama.Shamela0012791-ara1	[]	[]
0749Wadiashi.Barnamaj.Shamela0010740-ara1	['completed']	[]
0749Wadiashi.Barnamaj.JK001279-ara1	[]	[]
0741CabdAllahWasiti.KanzFiQiraatCashr.Shamela0029864-ara1	[]	[]
0749IbnWardi.Tarikh.Shamela0006624-ara1	[]	[]
0749IbnWardi.Tarikh.JK009147-ara1	[]	[]
0726CallamaHilli.IdahIshtibah.Shia002939-ara1	[]	[]
0726CallamaHilli.MuntahaMatlab.Shia000107Vols-ara1	[]	[]
0726CallamaHilli.MuntahaMatlab.Shia000103Vols-ara1	[]	[]
0726CallamaHilli.TabsiratMutacallimin.Shia000069-ara1	[]	[]
0726CallamaHilli.NahjHaqq.Shia004020-ara1	[]	[]
0726CallamaHilli.KashfMurad.Shia004016-ara1	[]	[]
0726CallamaHilli.KashfMurad.Shia004018-ara1	[]	[]
0726CallamaHilli.KashfMurad.Shia004017-ara1	[]	[]
0726CallamaHilli.KashfYaqin.Shia003712-ara1	[]	[]
0726CallamaHilli.MabadiWusul.Shia002754-ara1	[]	[]
0726CallamaHilli.TahrirAhkam.Zaydiyya0000181-ara1	[]	[]
0726CallamaHilli.TahrirAhkam.Shia000070Vols-ara1	[]	[]
0726CallamaHilli.MinhajKarama.Shia004019-ara1	[]	[]
0726CallamaHilli.TadhkiratFuqaha.Shia000075Vols-ara1	[]	[]
0726CallamaHilli.TadhkiratFuqaha.Shia000089Vols-ara1	[]	[]
0726CallamaHilli.NaficYawmHashr.Shia004013-ara1	[]	[]
0726CallamaHilli.NihayatAhkam.Zaydiyya0000245-ara1	[]	[]
0726CallamaHilli.NihayatAhkam.Shia000109Vols-ara1	[]	[]
0726CallamaHilli.IrshadAdhhan.Shia000066Vols-ara1	[]	[]
0726CallamaHilli.MustajadMinIrshad.Shia001384-ara1	[]	[]
0726CallamaHilli.KitabAlfayn.Shia004015-ara1	[]	[]
0726CallamaHilli.KhulasatAqwal.Shia002940-ara1	['completed']	[]
0726CallamaHilli.MukhtalafShica.Shia000094Vols-ara1	[]	[]
0726CallamaHilli.RisalaSacdiya.Shia000068-ara1	[]	[]
0726CallamaHilli.QawacidAhkam.Shia000091Vols-ara1	[]	[]
0732IbnMuhammadShihabDinBaghdadi.IrshadSalik.Shamela0021516-ara1	[]	[]
0741IbnYahyaAndalusiMalaqi.TamhidWaBayan.JK000803-ara1	[]	[]
0741IbnYahyaAndalusiMalaqi.TamhidWaBayan.Shamela0006649-ara1	[]	[]
0739SafiDinHanbali.Marasid.Shamela0011484-ara1	[]	[]
0726Yunini.DhaylMiratZaman.JK010379-ara1	[]	[]
0726Yunini.DhaylMiratZaman.Shamela0012722-ara1	['completed']	[]
0749IbnCabdRahmanShamsDinIsbahani.BayanMukhtasar.Shamela0008156-ara1	[]	[]
0749IbnHafizMizzi.AhadithSihah.Shamela0009709-ara1	[]	[]
0328AbuBishrIbnYunus.BurhanLiAristutalis.GRAR000013-ara1	[]	[]
0328AbuBishrIbnYunus.KitabAristutalisFiShicr.GRAR000023-ara1	[]	[]
0328AbuBishrIbnYunus.KitabAristutalisFiShicr.GRAR000016-ara1	[]	[]
0328AbuBishrIbnYunus.KitabAristutalisFiShicr.GRAR000015-ara1	[]	[]
0328AbuBishrIbnYunus.KitabAristutalisFiShicr.GRAR000024-ara1	[]	[]
0328AbuBishrIbnYunus.MaqalatAfrudisiFiCinaya.GRAR000004-ara1	[]	[]
0345IbnCabdWahidGhulamThaclab.CasharatFiGharibLugha.Shamela0007053-ara1	[]	[]
0345IbnCabdWahidGhulamThaclab.CasharatFiGharibLugha.JK000960-ara1	[]	[]
0345IbnCabdWahidGhulamThaclab.YaqutatSirat.JK007051-ara1	[]	[]
0345IbnCabdWahidGhulamThaclab.YaqutatSirat.Shamela0006887-ara1	[]	[]
0340IbnMusaTabari.Majalis.Zaydiyya0000082-ara1	[]	[]
0330IbnCuzayrSijistani.GharibQuran.Shamela0022910-ara1	[]	[]
0330IbnCuzayrSijistani.GharibQuran.JK006477-ara1	[]	[]
0335IbnKulaybShashi.Musnad.Shamela0013066-ara1	[]	[]
0335IbnKulaybShashi.Musnad.JK000576-ara1	[]	[]
0329IbnYacqubKulayni.Kafi.Zaydiyya0000177-ara1	[]	[]
0329IbnYacqubKulayni.Kafi.Shia001122Vols-ara1	[]	[]
0329IbnYacqubKulayni.Kafi.Zaydiyya0000345-ara1	[]	[]
0350IbnIbrahimFarabi.MucjamDiwanAdab.Shamela0009263-ara1	[]	[]
0350IbnCabdCaliQatifi.ShuhubThawaqib.Shia003992-ara1	[]	[]
0348IbnMuhammadKhuldi.Fawaid.Shamela0009310-ara1	[]	[]
0348IbnMuhammadKhuldi.Fawaid.JK011405-ara1	[]	[]
0328IbnCabdRabbihi.TabaicNisa.Shamela0006945-ara1	['completed']	[]
0328IbnCabdRabbihi.TabaicNisa.JK000009-ara1	[]	[]
0328IbnCabdRabbihi.CiqdFarid.Shamela0023789-ara1	['no-ext', 'completed']	['no-ext']
0328IbnCabdRabbihi.CiqdFarid.JK009200-ara1	[]	[]
0328IbnCabdRabbihi.Diwan.JK007571-ara1	['completed']	[]
0338AbuJacfarNuhhas.IcrabQuran.Shamela0023587-ara1	[]	[]
0338AbuJacfarNuhhas.IcrabQuran.JK001417-ara1	[]	[]
0338AbuJacfarNuhhas.CumdatKuttab.Shamela0026803-ara1	[]	[]
0338AbuJacfarNuhhas.MacaniQuran.JK000447-ara1	[]	[]
0338AbuJacfarNuhhas.MacaniQuran.Shia002508Vols-ara1	[]	[]
0338AbuJacfarNuhhas.MacaniQuran.Shamela0000940-ara1	[]	[]
0338AbuJacfarNuhhas.NasikhWaMansukh.JK000460-ara1	[]	[]
0338AbuJacfarNuhhas.NasikhWaMansukh.Shamela0013073-ara1	[]	[]
0329IbnBabawayh.ImamaWaTabsira.Shia001121-ara1	[]	[]
0329IbnBabawayh.ImamaWaTabsira.Zaydiyya0000115-ara1	[]	[]
0329IbnBabawayh.FiqhRida.Shia000002-ara1	[]	[]
0334IbnHamdanKhusaybi.HidayaKubra.Shia001276-ara1	[]	[]
0346Mascudi.AkhbarZaman.Shamela0008620-ara1	['completed']	[]
0346Mascudi.AkhbarZaman.JK011221-ara1	[]	[]
0346Mascudi.AkhbarZaman.Shia003483-ara1	[]	[]
0346Mascudi.TanbihWaIshraf.Shamela0023718-ara1	['no-ext', 'mARkdwon', 'completed']	['no-ext', 'completed']
0346Mascudi.TanbihWaIshraf.JK010540-ara1	[]	[]
0346Mascudi.TanbihWaIshraf.Shia003484-ara1	[]	[]
0346Mascudi.MurujDhahab.JK010344-ara1	['completed']	[]
0345IbnMuhammadSamarqandi.FawaidMuntaqat.Shamela0008267-ara1	[]	[]
0345IbnMuhammadSamarqandi.FawaidMuntaqat.JK011402-ara1	[]	[]
0341IbnHamidHawrani.Juz.Shamela0026559-ara1	[]	[]
0330IbnMuhammadKhashshab.Juz.Shamela0026553-ara1	[]	[]
0341IbnCabdAllahBukhari.SirrSilsilaCalawiyya.Shia002012-ara1	[]	[]
0329IbnIbrahimQummi.Tafsir.Shia002337Vols-ara1	[]	[]
0334IbnHusaynKhiraqi.MukhtasarMinMasailIbnHanbal.JK000428-ara1	[]	[]
0334IbnHusaynKhiraqi.MukhtasarMinMasailIbnHanbal.Shamela0002977-ara1	[]	[]
0331IbnMukhalladCattar.Amali.Shamela0029858-ara1	[]	[]
0331IbnMukhalladCattar.Juz.Shamela0026359-ara1	[]	[]
0331IbnMukhalladCattar.Juz.Shamela0030373-ara1	[]	[]
0331IbnMukhalladCattar.Fawaid.Shamela0001305-ara1	[]	[]
0331IbnMukhalladCattar.Fawaid.JK011584-ara1	[]	[]
0331IbnMukhalladCattar.MaRawaAkabir.JK000567-ara1	[]	[]
0331IbnMukhalladCattar.MaRawaAkabir.Shia002010-ara1	[]	[]
0331IbnMukhalladCattar.MaRawaAkabir.Shamela0001249-ara1	[]	[]
0331IbnMukhalladCattar.MuntaqaHadith.Shamela0029859-ara1	[]	[]
0335IbnAhmadTabari.FawaidHadithAbiCumayr.JK001092-ara1	[]	[]
0335IbnAhmadTabari.FawaidHadithAbiCumayr.Shamela0013148-ara1	[]	[]
0343IbnSulaymanAtrabulusi.Hadith.Shamela0013182-ara1	[]	[]
0343IbnSulaymanAtrabulusi.Hadith.JK000595-ara1	[]	[]
0343IbnSulaymanAtrabulusi.Hadith.Shia002013-ara1	[]	[]
0343IbnSulaymanAtrabulusi.Hadith.Shamela0029862-ara1	[]	[]
0349IbnCumarMuqri.AkhbarNahwiyyin.Shamela0000295-ara1	['completed']	[]
0349IbnCumarMuqri.AkhbarNahwiyyin.JK000694-ara1	[]	[]
0330IbnMuhammadSulami.Juz.Shamela0009396-ara1	[]	[]
0346AsammNaysaburi.Majmuc.Shamela0038194-ara1	[]	[]
0335Suli.AkhbarRadi.JK010390-ara1	[]	[]
0335Suli.AkhbarRadi.Shamela0010532-ara1	['inProgress', 'no-ext']	['inProgress']
0335Suli.AkhbarRadi.Shamela0008184-ara1	[]	[]
0335Suli.JuzMinAhadith.Shamela0009395-ara1	['mARkdwon']	[]
0335Suli.AdabKuttab.Shamela0001601-ara1	['completed']	[]
0335Suli.AdabKuttab.JK009312-ara1	[]	[]
0335Suli.AkhbarAbiTamam.Shamela0000515-ara1	['completed']	[]
0335Suli.AkhbarAbiTamam.JK010515-ara1	[]	[]
0335Suli.AshcarAwladKhulafa.Shamela0007822-ara1	['completed']	[]
0335Suli.AshcarAwladKhulafa.JK010608-ara1	[]	[]
0330IbnIsmacilMahamili.Duca.JK011344-ara1	[]	[]
0330IbnIsmacilMahamili.Duca.Shamela0008255-ara1	[]	[]
0330IbnIsmacilMahamili.Amali.JK000706-ara1	[]	[]
0330IbnIsmacilMahamili.Amali.Shamela0026425-ara1	[]	[]
0330IbnIsmacilMahamili.Amali.Shamela0026424-ara1	[]	[]
0330IbnIsmacilMahamili.Amali.Shia002009-ara1	[]	[]
0330IbnIsmacilMahamili.Amali.Shamela0013081-ara1	[]	[]
0330BahithIbnMarzuban.Alfaz.JK000939-ara1	[]	[]
0330BahithIbnMarzuban.Alfaz.Shamela0006925-ara1	['completed']	[]
0340IbnAcrabiBasri.Mucjam.Shamela0021494-ara1	[]	[]
0340IbnAcrabiBasri.Mucjam.JK011633-ara1	[]	[]
0340IbnAcrabiBasri.ZuhdWaSifatZahidin.Shamela0013029-ara1	[]	[]
0340IbnAcrabiBasri.ZuhdWaSifatZahidin.Shia002011-ara1	[]	[]
0340IbnAcrabiBasri.ZuhdWaSifatZahidin.JK000046-ara1	[]	[]
0340IbnAcrabiBasri.QublWaMucanaqa.Shamela0008269-ara1	[]	[]
0340IbnAcrabiBasri.QublWaMucanaqa.JK011407-ara1	[]	[]
0347IbnHazlam.Mashyakha.Shamela0029933-ara1	[]	[]
0347IbnHazlam.Juz.Shamela0029651-ara1	[]	[]
0347IbnHazlam.Juz.Shamela0029720-ara1	[]	[]
0347IbnHazlam.Juz.Shamela0012515-ara1	[]	[]
0337QudamaIbnJacfar.Kharaj.JK006916-ara1	[]	[]
0337QudamaIbnJacfar.Kharaj.Shamela0011767-ara1	[]	[]
0337QudamaIbnJacfar.NaqdShicr.Shamela0028181-ara1	[]	[]
0345IbnCabbasBazzaz.HadithShucba.Shamela0021638-ara1	[]	[]
0336IbnAhmadTusi.Juz.Shamela0010498-ara1	[]	[]
0327IbnAbiHatimRazi.Tafsir.Shia002498Vols-ara1	[]	[]
0327IbnAbiHatimRazi.Tafsir.JK006474-ara1	[]	[]
0327IbnAbiHatimRazi.Tafsir.Shamela0008658-ara1	[]	[]
0327IbnAbiHatimRazi.Tafsir.Shamela0009699-ara1	[]	[]
0327IbnAbiHatimRazi.CilalHadith.Shamela0001350-ara1	[]	[]
0327IbnAbiHatimRazi.CilalHadith.JK000682-ara1	[]	[]
0327IbnAbiHatimRazi.BayanKhataBukhari.Shamela0001076-ara1	[]	[]
0327IbnAbiHatimRazi.BayanKhataBukhari.Shia003091-ara1	[]	[]
0327IbnAbiHatimRazi.JarhWaTacdil.Shia003082Vols-ara1	[]	[]
0327IbnAbiHatimRazi.JarhWaTacdil.Shamela0002170-ara1	['completed']	[]
0327IbnAbiHatimRazi.JarhWaTacdil.JK000517-ara1	[]	[]
0327IbnAbiHatimRazi.AdabShafici.Shamela0001485-ara1	[]	[]
0327IbnAbiHatimRazi.Marasil.Shamela0006046-ara1	[]	[]
0327IbnAbiHatimRazi.Marasil.JK000743-ara1	[]	[]
0333AbuMansurMaturidi.Tawhid.JK000339-ara1	[]	[]
0333AbuMansurMaturidi.Tawhid.Shamela0006365-ara1	[]	[]
0333AbuMansurMaturidi.Tafsir.Shamela0095590-ara1	[]	[]
0346IbnQasimDimashqi.Hadith.Shamela0010279-ara1	[]	[]
0344IbnSammak.Fawaid.JK007019-ara1	[]	[]
0344IbnSammak.Fawaid.Shamela0029940-ara1	[]	[]
0344IbnSammak.JuzShurut.Shamela0027092-ara1	[]	[]
0344IbnSammak.Amali.Shamela0029863-ara1	[]	[]
0339IbnAshnani.Ajza.Shamela0009106-ara1	[]	[]
0329Barbahari.SharhSunna.JK000752-ara1	[]	[]
0329Barbahari.SharhSunna.Shamela0008601-ara1	[]	[]
0348IbnSalmanNajjad.MusnadCumarIbnKhattab.JK011624-ara1	[]	[]
0348IbnSalmanNajjad.MusnadCumarIbnKhattab.Shamela0013171-ara1	[]	[]
0348IbnSalmanNajjad.Hadith.Shamela0029866-ara1	[]	[]
0348IbnSalmanNajjad.RaddCalaManYaqulQuranMakhluq.Shamela0006415-ara1	[]	[]
0348IbnSalmanNajjad.RaddCalaManYaqulQuranMakhluq.JK000313-ara1	[]	[]
0348IbnSalmanNajjad.DhikrManLahuAyat.Shamela0011757-ara1	[]	[]
0348IbnSalmanNajjad.Amali.Shamela0012548-ara1	[]	[]
0348IbnSalmanNajjad.Amali.Shamela0029865-ara1	[]	[]
0348IbnSalmanNajjad.Amali.Shamela0029721-ara1	[]	[]
0327AbuBakrKharaiti.MasawiAkhlaq.JK011598-ara1	[]	[]
0327AbuBakrKharaiti.MasawiAkhlaq.Shamela0008243-ara1	[]	[]
0327AbuBakrKharaiti.HawatifJinan.JK009207-ara1	[]	[]
0327AbuBakrKharaiti.HawatifJinan.Shamela0028183-ara1	[]	[]
0327AbuBakrKharaiti.MakarimAkhlaq.Shamela0009595-ara1	[]	[]
0327AbuBakrKharaiti.IctilalQulub.Shamela0001304-ara1	[]	[]
0327AbuBakrKharaiti.IctilalQulub.JK011273-ara1	[]	[]
0327AbuBakrKharaiti.MuntaqaMinMakarim.Shamela0011930-ara1	[]	[]
0327AbuBakrKharaiti.MuntaqaMinMakarim.JK001171-ara1	[]	[]
0327AbuBakrKharaiti.FadilatShukr.JK000048-ara1	[]	[]
0327AbuBakrKharaiti.FadilatShukr.Shamela0013140-ara1	[]	[]
0346Istakhri.MasalikWaMamalik.JK010472-ara1	[]	[]
0346Istakhri.MasalikWaMamalik.Shamela0011680-ara1	['mARkdwon']	[]
0346Istakhri.MasalikWaMamalik.Shamela0010791-ara2	[]	[]
0334IbnSacidQushayri.TarikhRaqqa.Shamela0026383-ara1	['completed']	[]
0333AbuCarabTamimi.Mihan.JK001147-ara1	[]	[]
0333AbuCarabTamimi.Mihan.Shamela0006706-ara1	['completed']	[]
0333AbuCarabTamimi.TabaqatCulama.Shamela0013079-ara1	['completed']	[]
0337IbnIshaqZajjaji.MajalisCulama.Shamela0026676-ara1	[]	[]
0337IbnIshaqZajjaji.Akhbar.JK010666-ara1	[]	[]
0337IbnIshaqZajjaji.Akhbar.Shamela0000666-ara1	[]	[]
0337IbnIshaqZajjaji.HurufMacani.Shamela0006989-ara1	[]	[]
0337IbnIshaqZajjaji.HurufMacani.JK001104-ara1	[]	[]
0337IbnIshaqZajjaji.Amali.Shamela0001336-ara1	[]	[]
0337IbnIshaqZajjaji.Amali.JK010522-ara1	[]	[]
0337IbnIshaqZajjaji.Lamat.JK001128-ara1	[]	[]
0337IbnIshaqZajjaji.Lamat.Shamela0006966-ara1	[]	[]
0328IbnQasimAnbari.ZahirFiMacani.JK006922-ara1	[]	[]
0328IbnQasimAnbari.ZahirFiMacani.Shamela0005644-ara1	[]	[]
0328IbnQasimAnbari.MajlisMinAmali.Shamela0026738-ara1	[]	[]
0333IbnMarwanDinawari.MujalasaWaJawahirCilm.Shamela0009948-ara1	[]	[]
0333IbnMarwanDinawari.MujalasaWaJawahirCilm.JK007082-ara1	['mARkdwon']	[]
0339IbnCamrBaghdadiRazzaz.MajmucMusannifat.JK007026-ara1	[]	[]
0339IbnCamrBaghdadiRazzaz.MajmucMusannifat.Shamela0005737-ara1	[]	[]
0333IbnCuqdahKufi.Wilaya.Shia003991-ara1	[]	[]
0333IbnCuqdahKufi.FadailAmirMuminin.Shia003683-ara1	[]	[]
0327IbnJacfarSamiri.FadilatShukrAllah.Shia002008-ara1	[]	[]
0347IbnYunusSadafi.Tarikh.Shamela0011686-ara1	['mARkdwon']	[]
0329IbnMuhammadMarwaziHamid.Muntaqa.JK009163-ara1	[]	[]
0329IbnMuhammadMarwaziHamid.Muntaqa.Shamela0005776-ara1	[]	[]
0333IbnMuhammadMadini.Juz.Shamela0013111-ara1	[]	[]
0333IbnMuhammadMadini.Juz.JK001438-ara1	['completed']	[]
0329IbnAhmadRabaci.Juz.Shamela0027091-ara1	[]	[]
0329IbnAhmadRabaci.MuntaqaMinAkhbarAsmaci.Shamela0026875-ara1	[]	[]
0346IbnCaliTasti.Hadith.Shamela0028853-ara1	[]	[]
0336IbnHumamIskafi.Tamhis.Zaydiyya0000197-ara1	[]	[]
0336IbnHumamIskafi.Takhmis.Shia001130-ara1	[]	[]
0339AbuNasrFarabi.Siyasa.JK001315-ara1	[]	[]
0339AbuNasrFarabi.Siyasa.Shamela0007228-ara1	[]	[]
0339AbuNasrFarabi.FiCibara.JK010717-ara1	['completed']	[]
0339AbuNasrFarabi.AlfazMustacmilaFiMantiq.JK010713-ara1	['completed']	[]
0339AbuNasrFarabi.QawaninShicr.GRAR000037-ara1	[]	[]
0339AbuNasrFarabi.Huruf.JK010697-ara1	['completed']	[]
0344NizamDinShashi.Usul.Shamela0006302-ara1	[]	[]
0344NizamDinShashi.Usul.JK000194-ara1	[]	[]
0330Sirafi.Rihla.Shamela0011269-ara1	['completed']	[]
0334IbnHaikHamdani.Iklil.Shamela0000352-ara1	[]	[]
0334IbnHaikHamdani.Iklil.JK010352-ara1	[]	[]
0334IbnHaikHamdani.SifaJaziraCarab.JK010368-ara1	[]	[]
0334IbnHaikHamdani.SifaJaziraCarab.Shamela0012521-ara1	[]	[]
0350Anonymous.AristutalisFiNafs.GRAR000020-ara1	[]	[]
0350Anonymous.AristutalisFiRuya.GRAR000068-ara1	[]	[]
0346IbnSahlJundisaburi.Nuskha.Shamela0028851-ara1	[]	[]
1419MahmudTanahi.MujizFiMarajic.Shamela0009847-ara1	['completed']	[]
1424MuhammadCaliAbtahi.TarikhAlZarara.Shia002928-ara1	['completed']	[]
1425MuhammadIbnCalawiMaliki.TahqiqAmal.Zaydiyya0000171-ara1	[]	[]
1420CabdAllahBaraduni.Diwan.Zaydiyya0000467-ara1	[]	[]
1411HasanCaliQabanji.SharhRisalatHuquq.Shia003986-ara1	[]	[]
1405CaliShahrudi.Mustadrakat.Shia002984Vols-ara1	[]	[]
1405CaliShahrudi.MustadrakSafinatBihar.Shia001615Vols-ara1	[]	[]
1412SayyidTabatabai.SunanNabi.Shia001625-ara1	[]	[]
1412SayyidTabatabai.TafsirQuran.Zaydiyya0000282-ara1	[]	[]
1412SayyidTabatabai.TafsirQuran.Shia002406Vols-ara1	[]	[]
1420IbnBaz.FatawaNurCalaDarb.Shamela0000107-ara1	[]	[]
1420IbnBaz.FatawaNurCalaDarb.Shamela0008380-ara1	[]	[]
1420IbnBaz.MajmucFatawa.Shamela0021537-ara1	[]	[]
1409IbnSayyidCajamiMisri.HidayatQari.Shamela0022869-ara1	[]	[]
1421MuhammadHadiAmini.MucjamMatbucatNajafiyya.Zaydiyya0000225-ara1	[]	[]
1408CumarKahhala.MucjamMuallifin.Shamela0003901-ara1	[]	[]
1408CumarKahhala.MucjamMuallifin.Sham30K0003901-ara1	[]	[]
1408CumarKahhala.MucjamMuallifin.Shia003408Vols-ara1	[]	[]
1408CumarKahhala.MucjamMuallifin.Sham30K0035638-ara1	[]	[]
1408CumarKahhala.MucjamMuallifin.Sham30K0036917-ara1	[]	[]
1408CumarKahhala.MucjamMuallifin.Sham30K0042922-ara1	[]	[]
1408CumarKahhala.MucjamQabail.Shamela0012402-ara1	[]	[]
1408CumarKahhala.MucjamQabail.Shia003451Vols-ara1	[]	[]
1424IhsanCabbas.ShadharatMinKutubMafquda.Shamela0001023-ara1	['completed']	[]
1424IhsanCabbas.ShicrKhawarij.Shamela0001013-ara1	[]	[]
1414MuhammadRidaGulpayagani.IrshadSail.Shia000726-ara1	[]	[]
1414MuhammadRidaGulpayagani.MukhtasarAhkam.Shia000734-ara1	[]	[]
1414MuhammadRidaGulpayagani.HidayatCibad.Shia000736Vols-ara1	[]	[]
1421MuhammadCuthaymin.FatawaNurCalaDarb.Shamela0002300-ara1	[]	[]
1421MuhammadCuthaymin.MajmucFatawa.Shamela0012293-ara1	[]	[]
1421MuhammadCuthaymin.FatawaArkanIslam.Shamela0009924-ara1	[]	[]
1418MuhammadRuhani.ManasikHajj.Shia000741-ara1	[]	[]
1418MuhammadRuhani.MasailMuntakhaba.Shia000739-ara1	[]	[]
1418MuhammadRuhani.MinhajSalihin.Shia000743Vols-ara1	[]	[]
1422IbnHadiWadici.RijalHakim.Shamela0029742-ara1	[]	[]
1409RuhAllahKhumayni.ArbacunHadithan.Zaydiyya0000256-ara1	[]	[]
1409RuhAllahKhumayni.ArbacunHadithan.Zaydiyya0000111-ara1	[]	[]
1409RuhAllahKhumayni.TacliqaCalaFawaidRadawiyya.Shia004006-ara1	['completed']	[]
1409RuhAllahKhumayni.SharhDucaSahar.Zaydiyya0000189-ara1	[]	[]
1409RuhAllahKhumayni.TahrirWasila.Zaydiyya0000347-ara1	[]	[]
1418SalihAhmadArkani.TihfaMajalis.Shamela0002138-ara1	[]	[]
1422MuqbilWadici.TarajimRijal.Shamela0029879-ara1	[]	[]
1420ShukriCayyad.KitabAristutalisFiShicr.GRAR000017-ara1	[]	[]
1422MuhammadSalimMuhaysin.MucjamHuffazQuran.Shamela0038067-ara1	['completed']	[]
1413TajDinKhui.MinhajSalihin.Shia000723Vols-ara1	[]	[]
1413TajDinKhui.MucjamRijal.Shia002992Vols-ara1	[]	[]
1413TajDinKhui.TakmilatMinhajSalihin.Shia000721-ara1	[]	[]
1407CaliIbnMuhammadCujri.MiftahSacada.Zaydiyya0000015-ara1	[]	[]
1407CaliIbnMuhammadCujri.AnzarSadida.Zaydiyya0000083-ara1	[]	[]
1411SayyidMarcashi.SharhIhqaq.Shia004092Vols-ara1	[]	[]
1414SalimIbadi.IscafAcyan.Shamela0000490-ara1	[]	[]
1421HamdJasir.MucjamQabailMCS.Shamela0026574-ara1	[]	[]
1082IbnHaydarRaficDinNaili.HashiyaCalaUsulKafi.Shia001186-ara1	[]	[]
1082IbnShadqamMadani.WaqcatJamal.Zaydiyya0000122-ara1	[]	[]
1082IbnShadqamMadani.WaqcatJamal.Shia001415-ara1	[]	[]
1081MuhammadSalihMazandarani.SharhUsulKafi.Shia001174Vols-ara1	[]	[]
1078ShaykhiZadahDamadAfandi.MajmacAnhur.JK007130-ara1	[]	[]
1078ShaykhiZadahDamadAfandi.MajmacAnhur.Shamela0021644-ara1	[]	[]
1078ShaykhiZadahDamadAfandi.MajmacAnhur.JK007129-ara1	[]	[]
1090MuhammadBaqirSabzawari.KifayatAhkam.Shia000215Vols-ara1	[]	[]
1079HabalShacir.Diwan.Zaydiyya0000249-ara1	[]	[]
1079HabalShacir.Diwan.JK007637-ara1	[]	[]
1097IbnAhmadHanbaliNajdi.RisalatAyyMushaddada.JK001185-ara1	[]	[]
1097IbnAhmadHanbaliNajdi.RisalatAyyMushaddada.Shamela0006990-ara1	[]	[]
1087MutawakkilIsmacil.CaqidaSahiha.Zaydiyya0000006-ara1	[]	[]
1087MutawakkilIsmacil.BayanSarih.Zaydiyya0000329-ara1	[]	[]
1085FakhrDinTurayhi.MajmacBahrayn.Shia003961Vols-ara1	[]	[]
1085FakhrDinTurayhi.TafsirGharibQuran.Shia002379-ara1	[]	[]
1092AhmadIbnAbiRijal.MatlacBudur.Zaydiyya0000101-ara1	[]	[]
1091MuhammadMuhsinFaydKashani.UsulAsila.Shia002758-ara1	[]	[]
1091MuhammadMuhsinFaydKashani.TafsirSafi.Shia002382Vols-ara1	[]	[]
1091MuhammadMuhsinFaydKashani.HaqqMubin.Shia000217-ara1	[]	[]
1091MuhammadMuhsinFaydKashani.TafsirAsfa.Shia002380Vols-ara1	[]	[]
1088IbnCaliHaskafi.DurrMukhtar.JK000176-ara1	[]	[]
1088IbnCaliHaskafi.DurrMukhtar.Shia000979Vols-ara1	[]	[]
1100ZiyadahIbnYahyaRasi.BahthSarih.Shamela0007565-ara1	[]	[]
1087IbnMactuqShacir.Diwan.JK007634-ara1	[]	[]
1090IbnCabdWahidAndalusiFasi.TanbihKhillan.Shamela0010011-ara1	[]	[]
1098MuhammadTahirShiraziQummi.Arbacina.Shia001416-ara1	[]	[]
1099IbnMuhammadKhuwansari.MashariqShumus.Shia000218Vols-ara1	[]	[]
1094IbnMusaKaffawi.Kulliyat.JK007081-ara1	[]	[]
1094IbnMusaKaffawi.Kulliyat.Shamela0007037-ara1	[]	[]
1090KhamisShiqsi.MinhajTalibin.ShamIbadiyya0000185-ara1	[]	[]
1094IbnMuhammadSusi.JamcFawaid.Shamela0036446-ara1	[]	[]
1094IbnMuhammadSusi.SilatKhalaf.Shamela0026033-ara1	[]	[]
1090NizamDinBalkhi.FatawaHindiyya.Shamela0021640-ara1	[]	[]
1090NizamDinBalkhi.FatawaHindiyya.JK007073-ara1	[]	[]
1088AbuSitta.HashiyatTartib.ShamIbadiyya0000438-ara1	[]	[]
1097CaliIbnSalahIbnCaliTabari.Kafil.Zaydiyya0000176-ara1	[]	[]
1097CaliIbnSalahIbnCaliTabari.Kafil.Zaydiyya0000407-ara1	[]	[]
1098IbnMuhammadShihabDinHamawi.GhamzCuyun.Shamela0021588-ara1	[]	[]
1098IbnMuhammadShihabDinHamawi.GhamzCuyun.JK007119-ara1	[]	[]
1098IbnMuhammadShihabDinHamawi.RaddCalaWahhabiyya.Shia004515-ara1	[]	[]
1078RiyadZadah.AsmaKutub.Shamela0010734-ara1	['completed']	[]
1078RiyadZadah.AsmaKutub.JK001121-ara1	[]	[]
1083NasirIbrahimMuayyadi.IsbahCalaMisbah.Zaydiyya0000130-ara1	[]	[]
1083NasirIbrahimMuayyadi.IsbahCalaMisbah.Zaydiyya0000384-ara1	[]	[]
1100IbnCabdKarimAshmuniMisri.ManarHuda.Shamela0006496-ara1	[]	[]
1100IbnCabdKarimAshmuniMisri.ManarHuda.Shamela0038091-ara1	[]	[]
1085IbnCabdRidaBasri.FaiqMaqal.Shia004514-ara1	[]	[]
1079MuhammadIbnHasanIbnQasim.SabilRashad.Zaydiyya0000034-ara1	[]	[]
1100IbnMuhammadAdnahwi.TabaqatMufassirin.Shamela0006729-ara1	['completed']	[]
1100IbnMuhammadAdnahwi.TabaqatMufassirin.JK001444-ara1	[]	[]
1100MuhammadItlidi.IclamNas.Shamela0000408-ara1	[]	[]
1100MuhammadItlidi.IclamNas.JK009306-ara1	[]	[]
1084MuhammadMuqimYazdi.SalatJumca.Shia000211-ara1	[]	[]
1100MustafaTafrishi.NaqdRijal.Shia002948Vols-ara1	['completed']	[]
1100MustafaTafrishi.NaqdRijal.Zaydiyya0000243-ara1	[]	[]
1096IbnMuhammadJazairiMalyani.TuhafRabbaniyya.Shamela0036572-ara1	[]	[]
1077Jurmuzi.TuhfatAsmac.Zaydiyya0000148-ara1	[]	[]
1077Jurmuzi.JawharaMunira.Zaydiyya0000388-ara1	[]	[]
1077Jurmuzi.NubdhaMushira.Zaydiyya0000369-ara1	[]	[]
1077Jurmuzi.NubdhaMushira.Zaydiyya0000093-ara1	[]	[]
1093CabdQadirBaghdadi.KhizanatAdab.Shamela0012732-ara1	[]	[]
1093CabdQadirBaghdadi.KhizanatAdab.JK007143-ara1	[]	[]
1093CabdQadirBaghdadi.KhizanatAdab.Shia004649Vols-ara1	[]	[]
1100YahyaIbnQasim.BahjatZaman.Zaydiyya0000094-ara1	[]	[]
1086IbnCajamiMisri.DhaylLubbLubab.Shamela0096236-ara1	['completed']	[]
1080IbnMuhammadBayquniDimashqi.ManzumaBayquniyya.JK010967-ara1	[]	[]
1080IbnMuhammadBayquniDimashqi.ManzumaBayquniyya.Shamela0008567-ara1	[]	[]
1089IbnCimad.MuctiyatAman.Shamela0012076-ara1	[]	[]
1089IbnCimad.Shadharat.Shamela0012398-ara1	['completed']	[]
1089IbnCimad.Shadharat.Sham30K0012398-ara1	[]	[]
1089IbnCimad.Shadharat.Sham30K0004387-ara1	[]	[]
1089IbnCimad.Shadharat.Sham30K0046069-ara1	[]	[]
1089IbnCimad.Shadharat.Sham30K0035008-ara1	[]	[]
1089IbnCimad.Shadharat.JK001495-ara1	[]	[]
1083IbnBalabanDimashqi.AkhsarIkhtisarat.Shamela0006084-ara1	[]	[]
1083IbnBalabanDimashqi.AkhsarIkhtisarat.JK000202-ara1	[]	[]
0576IbnCabdSalamBahluli.ArbacunCalawiyya.Zaydiyya0000399-ara1	[]	[]
0597CimadDinKatib.KharidatQasr.JK009370Vols-ara1	['completed']	[]
0597CimadDinKatib.KharidatQasr.Shamela0012815Vols-ara1	[]	[]
0597CimadDinKatib.FathQussi.Sham19Y014789-ara1	[]	[]
0597CimadDinKatib.Diwan.JK007625-ara1	[]	[]
0597CimadDinKatib.BarqShami.JK000393-ara1	[]	[]
0597CimadDinKatib.BarqShami.Shamela0006628-ara1	[]	[]
0576IbnCabdSalamQadi.ArbacunCalawiyya.Zaydiyya0000340-ara1	[]	[]
0600KatibMarrakushi.Istibsar.Shamela0011684-ara1	['no-ext', 'completed']	['no-ext']
0593BurhanDinFarghaniMarghinani.HidayaFiSharhBidaya.JK000242-ara1	[]	[]
0593BurhanDinFarghaniMarghinani.HidayaFiSharhBidaya.Shamela0011820-ara1	[]	[]
0593BurhanDinFarghaniMarghinani.Bidaya.Shamela0006170-ara1	[]	[]
0593BurhanDinFarghaniMarghinani.Bidaya.JK000278-ara1	[]	[]
0580IbnCimrani.InbaFiTarikhKhulafa.Shamela0012289-ara1	['completed']	[]
0581IbnCumarIsbahani.KalamCalaHadithIstilqa.Shamela0021633-ara1	[]	[]
0581IbnCumarIsbahani.KhasaisMusnadAhmad.Shamela0011174-ara1	[]	[]
0581IbnCumarIsbahani.KhasaisMusnadAhmad.Shia002177-ara1	[]	[]
0581IbnCumarIsbahani.KhasaisMusnadAhmad.JK000715-ara1	[]	[]
0581IbnCumarIsbahani.RubaciTabicin.Shamela0029793-ara1	[]	[]
0581IbnCumarIsbahani.NuzhatHuffaz.JK000614-ara1	[]	[]
0581IbnCumarIsbahani.NuzhatHuffaz.Shamela0005995-ara1	[]	[]
0581IbnCumarIsbahani.TiwalatAkhbar.Shamela0021646-ara1	[]	[]
0581IbnCumarIsbahani.DhikrIbnAbiDunya.Shamela0009510-ara1	[]	[]
0581IbnCumarIsbahani.MuntahaRaghabat.Shamela0030790-ara1	[]	[]
0581IbnCumarIsbahani.Amali.Shamela0030324-ara1	[]	[]
0581IbnCumarIsbahani.DhikrIbnMandah.Shamela0009523-ara1	[]	[]
0581IbnCumarIsbahani.Lataif.Shamela0029911-ara1	[]	[]
0581IbnCumarIsbahani.Lataif.Shamela0026878-ara1	[]	[]
0576IbnMuhammadSilafi.JuzBiIntikhab.Shamela0029790-ara1	[]	[]
0576IbnMuhammadSilafi.AhadithCanJacfarSarraj.Shamela0030240-ara1	[]	[]
0576IbnMuhammadSilafi.MuntaqaMinSafinaBaghdadiyya.Shamela0026658-ara1	[]	[]
0576IbnMuhammadSilafi.AhadithCidiyya.Shamela0026985-ara1	[]	[]
0576IbnMuhammadSilafi.RihlaIlaAbhar.Shamela0027087-ara1	[]	[]
0576IbnMuhammadSilafi.ArbacunaBuldaniyya.Shamela0009372-ara1	[]	[]
0576IbnMuhammadSilafi.MashyakhaBaghdadiyya.Shamela0030623Vols-ara1	[]	[]
0576IbnMuhammadSilafi.MashyakhaBaghdadiyya.Shamela0021634-ara1	[]	[]
0576IbnMuhammadSilafi.MucjamSafar.Shamela0005805-ara1	['completed']	[]
0576IbnMuhammadSilafi.MucjamSafar.JK011029-ara1	[]	[]
0576IbnMuhammadSilafi.MucjamSafar.JK001222-ara1	[]	[]
0576IbnMuhammadSilafi.MucjamSafar.Shamela0001029-ara1	['completed']	[]
0576IbnMuhammadSilafi.Mashyakha.JK000649-ara1	['completed']	[]
0576IbnMuhammadSilafi.Mashyakha.Shamela0005728-ara1	[]	[]
0576IbnMuhammadSilafi.HadithMusahafa.Shamela0009452-ara1	[]	[]
0576IbnMuhammadSilafi.ArbacunaFiHaqqFuqara.Shamela0012883-ara1	[]	[]
0576IbnMuhammadSilafi.Wajiz.Shamela0006031-ara1	['completed']	[]
0576IbnMuhammadSilafi.Wajiz.JK000987-ara1	[]	[]
0576IbnMuhammadSilafi.AhadithShaykhKhujani.Shamela0001093-ara1	[]	[]
0576IbnMuhammadSilafi.Tuyurat.Shamela0009634-ara1	[]	[]
0576IbnMuhammadSilafi.Tuyurat.JK009391-ara1	[]	[]
0576IbnMuhammadSilafi.AhadithWaHikayat.Shamela0030024-ara1	[]	[]
0576IbnMuhammadSilafi.Sualat.Shamela0026209-ara1	[]	[]
0576IbnMuhammadSilafi.Sualat.JK000610-ara1	[]	[]
0576IbnMuhammadSilafi.MajalisKhamsa.Shamela0005706-ara1	[]	[]
0576IbnMuhammadSilafi.MajalisKhamsa.JK001154-ara1	[]	[]
0576IbnMuhammadSilafi.QasidaSilafi.Shamela0026670-ara1	[]	[]
0576IbnMuhammadSilafi.JuzThalathatAhadith.Shamela0030047-ara1	[]	[]
0576IbnMuhammadSilafi.HadithCanHakimKufa.Shamela0009448-ara1	[]	[]
0587AbuMacaliFurawi.Subaciyat.JK011523-ara1	[]	[]
0587AbuMacaliFurawi.Subaciyat.Shamela0009664-ara1	[]	[]
0599IbnYahyaHanafiKufi.Ahadith.Shamela0029786-ara1	[]	[]
0600IbnHasanIbnBitriq.Cumda.Shia001353-ara1	[]	[]
0600IbnHasanIbnBitriq.KhasaisWahy.Shia002371-ara1	[]	[]
0599IbnHasanCabdi.Juz.Shamela0030731-ara1	[]	[]
0590IbnNasrJalalDinShayzari.NihayatRutba.Shamela0021584-ara1	[]	[]
0590IbnNasrJalalDinShayzari.NihayatRutba.JK011689-ara1	[]	[]
0590IbnNasrJalalDinShayzari.ManhajMasluk.Shamela0007235-ara1	[]	[]
0590IbnNasrJalalDinShayzari.ManhajMasluk.JK001189-ara1	[]	[]
0586IbnMuhammadAbuNasrCattabi.SharhNukat.Shamela0022362-ara1	[]	[]
0586IbnMuhammadAbuNasrCattabi.SharhNukat.JK000285-ara1	[]	[]
0586IbnMuhammadAbuNasrCattabi.SharhNukat.JK000891-ara1	[]	[]
0600IbnCabdAllahQaysi.IdahShawahid.Shamela0009250-ara1	[]	[]
0583SibtIbnTacawidhiShacir.Diwan.JK007618-ara1	[]	[]
0581IbnTufayl.HayyIbnYaqzan.Shamela0009734-ara1	[]	[]
0599IbnYahyaDabbi.BughyatMultamis.Shamela0000728-ara1	['completed']	[]
0600AbuBaqaHilli.ManaqibMazidiya.JK009228-ara1	[]	[]
0600AbuBaqaHilli.ManaqibMazidiya.Shamela0030797-ara1	[]	[]
0578IbnBashkuwal.Sila.Shamela0022788-ara1	['no-ext', 'mARkdwon']	['no-ext']
0578IbnBashkuwal.Sila.JK010268-ara1	[]	[]
0578IbnBashkuwal.Mustaghithin.Shamela0012845-ara1	[]	[]
0578IbnBashkuwal.GhawamidAsma.JK000726-ara1	[]	[]
0578IbnBashkuwal.GhawamidAsma.Shamela0005803-ara1	['completed']	[]
0578IbnBashkuwal.MaRuwiyaFiHawd.Shia002176-ara1	[]	[]
0578IbnBashkuwal.MaRuwiyaFiHawd.Shamela0006753-ara1	[]	[]
0578IbnBashkuwal.AtharMarwiyya.Shamela0026426-ara1	[]	[]
0577IbnMuhammadAbuBarakatAnbari.BulghaFiFarq.JK009167-ara1	[]	[]
0577IbnMuhammadAbuBarakatAnbari.BulghaFiFarq.Shamela0007002-ara1	[]	[]
0577IbnMuhammadAbuBarakatAnbari.AsrarCarabiyya.JK000955-ara1	[]	[]
0577IbnMuhammadAbuBarakatAnbari.AsrarCarabiyya.Shamela0007502-ara1	[]	[]
0577IbnMuhammadAbuBarakatAnbari.InsafFiMasail.JK001424-ara1	[]	[]
0577IbnMuhammadAbuBarakatAnbari.InsafFiMasail.Shamela0007362-ara1	[]	[]
0579IbnCaliMuwaffaqDinRahbi.BughyatBahith.Shamela0011372-ara1	[]	[]
0600IbnHasabAbuMajdHalabi.IsharatSabq.Shia000052-ara1	[]	[]
0595IbnCabdQadirBaghdadiJilani.ArbacunaJilaniyya.Shamela0006439-ara1	[]	[]
0600IbnJacfarMashhadi.FadlKufa.Shia001356-ara1	['completed']	[]
0592IbnCabdRahmanLakhmiQurtubi.RaddCalaNuhat.Shamela0037476-ara1	[]	[]
0597IbnJawzi.IkhbarAhlRusukh.Shamela0022002-ara1	[]	[]
0597IbnJawzi.Mawducat.Shia003227Vols-ara1	[]	[]
0597IbnJawzi.Mawducat.Shamela0000882-ara1	[]	[]
0597IbnJawzi.Mawducat.JK005007-ara1	[]	[]
0597IbnJawzi.Manthur.JK010180-ara1	[]	[]
0597IbnJawzi.Manthur.Shamela0000180-ara1	[]	[]
0597IbnJawzi.NuzhatAcyun.JK007134-ara1	[]	[]
0597IbnJawzi.NuzhatAcyun.Shamela0006334-ara1	[]	[]
0597IbnJawzi.SaydKhatir.Shamela0012028-ara1	[]	[]
0597IbnJawzi.SaydKhatir.JK010547-ara1	[]	[]
0597IbnJawzi.Laali.JK010659-ara1	[]	[]
0597IbnJawzi.Laali.Shamela0000659-ara1	[]	[]
0597IbnJawzi.GharibHadith.JK001467-ara1	[]	[]
0597IbnJawzi.GharibHadith.Shamela0002911-ara1	[]	[]
0597IbnJawzi.TadhkiratArib.JK000704-ara1	[]	[]
0597IbnJawzi.TadhkiratArib.Shamela0010450-ara1	[]	[]
0597IbnJawzi.Adhkiya.Shamela0006938-ara1	[]	[]
0597IbnJawzi.Adhkiya.JK000910-ara1	[]	[]
0597IbnJawzi.IclamMacalim.Shamela0009369-ara1	[]	[]
0597IbnJawzi.BirrWaSila.Shamela0009379-ara1	[]	[]
0597IbnJawzi.WafaBiAhwalMustafa.JK009242-ara1	[]	[]
0597IbnJawzi.TahqiqFiAhadithKhilaf.Shamela0005907-ara1	[]	[]
0597IbnJawzi.TahqiqFiAhadithKhilaf.JK000221-ara1	[]	[]
0597IbnJawzi.HifzCumr.Shamela0026677-ara1	[]	[]
0597IbnJawzi.ThibatCindaMamat.Shamela0006789-ara1	[]	[]
0597IbnJawzi.ThibatCindaMamat.JK000841-ara1	[]	[]
0597IbnJawzi.SifatSafwa.Shamela0012031-ara1	['completed']	[]
0597IbnJawzi.SifatSafwa.JK000067-ara1	[]	[]
0597IbnJawzi.TalqihFuhum.JK001083-ara1	[]	[]
0597IbnJawzi.TalqihFuhum.Shamela0006700-ara1	['completed']	[]
0597IbnJawzi.Mudhish.Shamela0006940-ara1	[]	[]
0597IbnJawzi.Mudhish.JK001210-ara1	[]	[]
0597IbnJawzi.MusaffaBiAkuff.JK000456-ara1	[]	[]
0597IbnJawzi.MusaffaBiAkuff.Shamela0008554-ara1	[]	[]
0597IbnJawzi.Muqliq.Shamela0026892-ara1	[]	[]
0597IbnJawzi.BahrDumuc.Shamela0002506-ara1	[]	[]
0597IbnJawzi.Yaquta.Shamela0008160-ara1	[]	[]
0597IbnJawzi.TanwirGhabash.Shamela0005748-ara1	[]	[]
0597IbnJawzi.TanwirGhabash.JK009191-ara1	[]	[]
0597IbnJawzi.TarikhBaytMuqaddas.Shamela0010927-ara1	['completed']	[]
0597IbnJawzi.TarikhBaytMuqaddas.JK010412-ara1	[]	[]
0597IbnJawzi.AkhbarHamqaWaMughaffalin.JK000004-ara1	[]	[]
0597IbnJawzi.AkhbarHamqaWaMughaffalin.Shamela0011068-ara1	[]	[]
0597IbnJawzi.BustanWacizin.Shamela0006948-ara1	[]	[]
0597IbnJawzi.BustanWacizin.JK000999-ara1	[]	[]
0597IbnJawzi.QussasWaMudhakkirin.JK005003-ara1	[]	[]
0597IbnJawzi.QussasWaMudhakkirin.Shamela0003617-ara1	[]	[]
0597IbnJawzi.AkhbarNisa.Shamela0021563-ara1	[]	[]
0597IbnJawzi.TanbihNaim.Shamela0026678-ara1	[]	[]
0597IbnJawzi.TanbihNaim.Shamela0011023-ara1	[]	[]
0597IbnJawzi.TanbihNaim.JK010245-ara1	[]	[]
0597IbnJawzi.TadhkiraFiWacz.JK000074-ara1	[]	[]
0597IbnJawzi.TadhkiraFiWacz.Shamela0006858-ara1	[]	[]
0597IbnJawzi.DhammHawa.Shamela0006870-ara1	[]	[]
0597IbnJawzi.DhammHawa.JK000003-ara1	[]	[]
0597IbnJawzi.FadailQuds.JK010192-ara1	[]	[]
0597IbnJawzi.FadailQuds.Shamela0001599-ara1	['completed']	[]
0597IbnJawzi.TaczimFutya.Shamela0026894-ara1	[]	[]
0597IbnJawzi.TalbisIblis.JK000072-ara1	['inProgress', 'no-ext']	['inProgress']
0597IbnJawzi.TalbisIblis.Shamela0011438-ara1	['no-ext', 'mARkdwon']	['no-ext']
0597IbnJawzi.CilalMutanahiyya.Shamela0007351-ara1	[]	[]
0597IbnJawzi.CilalMutanahiyya.JK000629-ara1	[]	[]
0597IbnJawzi.MuthirGharam.Shamela0010437-ara1	['completed']	[]
0597IbnJawzi.MuthirGharam.Shamela0026674-ara1	[]	[]
0597IbnJawzi.FununAfnan.Shamela0001402-ara1	[]	[]
0597IbnJawzi.Musalsalat.Shamela0012131-ara1	[]	[]
0597IbnJawzi.Hathth.Shamela0022340-ara1	[]	[]
0597IbnJawzi.Tabsira.Shamela0026351-ara1	[]	[]
0597IbnJawzi.Tabsira.JK007063-ara1	[]	[]
0597IbnJawzi.Muntazam.Sham30K0012406-ara1	[]	[]
0597IbnJawzi.Muntazam.Sham30K0036167-ara1	[]	[]
0597IbnJawzi.Muntazam.Sham30K0004592-ara1	[]	[]
0597IbnJawzi.Muntazam.Shamela0012406-ara1	['no-ext', 'mARkdwon']	['no-ext']
0597IbnJawzi.Muntazam.JK001209-ara1	[]	[]
0597IbnJawzi.Lataif.Shamela0000243-ara1	[]	[]
0597IbnJawzi.Lataif.JK010243-ara1	[]	[]
0597IbnJawzi.DafcShubahTashbih.JK001469-ara1	[]	[]
0597IbnJawzi.DafcShubahTashbih.Shia002178-ara1	[]	[]
0597IbnJawzi.ZadMasir.Shamela0023619-ara1	[]	[]
0597IbnJawzi.ZadMasir.JK000791-ara1	[]	[]
0597IbnJawzi.ZadMasir.Shia002570Vols-ara1	[]	[]
0597IbnJawzi.DucafaWaMatrukin.JK000721-ara1	[]	[]
0597IbnJawzi.DucafaWaMatrukin.Shamela0005830-ara1	['completed']	[]
0597IbnJawzi.KashfMushkil.Shamela0005906-ara1	[]	[]
0597IbnJawzi.KashfMushkil.JK007128-ara1	[]	[]
0597IbnJawzi.BirrWalidayn.Shamela0000244-ara1	[]	[]
0597IbnJawzi.BirrWalidayn.JK010244-ara1	[]	[]
0597IbnJawzi.Mashyakha.Shamela0009619-ara1	['completed']	[]
0597IbnJawzi.NawasikhQuran.Shamela0002176-ara1	[]	[]
0597IbnJawzi.NawasikhQuran.Shamela0038121-ara1	[]	[]
0597IbnJawzi.NawasikhQuran.JK000441-ara1	[]	[]
0597IbnJawzi.NawasikhQuran.Shia002578-ara1	[]	[]
0597IbnJawzi.ZirafWaMutamajinin.Shamela0006952-ara1	[]	[]
0597IbnJawzi.ZirafWaMutamajinin.JK007056-ara1	[]	[]
0598IbnIbrahimIbnHajjQunawi.HazzGhalasim.Shia002179-ara1	[]	[]
0598IbnIbrahimIbnHajjQunawi.HazzGhalasim.JK000322-ara1	[]	[]
0598IbnIbrahimIbnHajjQunawi.HazzGhalasim.Shamela0006550-ara1	[]	[]
0578AhmadRifaci.BurhanMuayyid.JK001000-ara1	[]	[]
0581AbuQasimSuhayli.NataijFikrFiNahw.Shamela0000613-ara1	[]	[]
0581AbuQasimSuhayli.RawdUnuf.JK001463-ara1	[]	[]
0581AbuQasimSuhayli.RawdUnuf.Shamela0006864-ara1	[]	[]
0581AbuQasimSuhayli.RawdUnuf.Shamela0001514-ara1	[]	[]
0581AbuQasimSuhayli.Faraid.JK000301-ara1	[]	[]
0581AbuQasimSuhayli.Faraid.Shamela0006251-ara1	[]	[]
0597IbnMubarakBaghdadi.MuntahaTalab.Shamela0000732-ara1	[]	[]
0597IbnMubarakBaghdadi.MuntahaTalab.JK010732-ara1	[]	[]
0587IbnMascudCalaDinKasani.BadaicSanaic.Shamela0008183-ara1	[]	[]
0587IbnMascudCalaDinKasani.BadaicSanaic.Shia000956Vols-ara1	[]	[]
0587IbnMascudCalaDinKasani.BadaicSanaic.JK000150-ara1	[]	[]
0585IbnCaliIbnZuhraHalabi.GhunyatNuzuc.Shia000048-ara1	[]	[]
0580IbnCaliIbnAbiYacla.TajridAsmaWaKuna.Shamela0096233-ara1	['completed']	[]
0600IbnTahirSuri.QadaHuquqMuminin.Shia004623-ara1	[]	[]
0600IbnCumarShaficiNaysaburi.ArbacunaMinMasanid.Shamela0009376-ara1	[]	[]
0598IbnIdrisHilli.Sarair.Shia000049Vols-ara1	[]	[]
0598IbnIdrisHilli.MustatrafatSarair.Shia001352-ara1	[]	[]
0584IbnMusaHazimi.Amakin.Shamela0000122-ara1	['completed']	[]
0584IbnMusaHazimi.Amakin.JK010104-ara1	[]	[]
0584IbnMusaHazimi.CujalaMubtadi.JK010497-ara1	[]	[]
0584IbnMusaHazimi.CujalaMubtadi.Shamela0096966-ara1	['completed']	[]
0584IbnMusaHazimi.IctibarFiNasikhWaMansukh.Shamela0022868-ara1	[]	[]
0584IbnMunqidhShayzari.Ictibar.JK009309-ara1	[]	[]
0584IbnMunqidhShayzari.Ictibar.Shamela0021564-ara1	[]	[]
0584IbnMunqidhShayzari.Diwan.JK007587-ara1	[]	[]
0584IbnMunqidhShayzari.BadicFiNaqdShicr.JK010749-ara1	[]	[]
0584IbnMunqidhShayzari.BadicFiNaqdShicr.Shamela0009225-ara1	[]	[]
0584IbnMunqidhShayzari.LubabAdab.JK010729-ara1	[]	[]
0584IbnMunqidhShayzari.LubabAdab.Shamela0010496-ara1	[]	[]
0584IbnMunqidhShayzari.ManazilWaDiyar.Shamela0005416-ara1	['completed']	[]
0581IbnKharratIshbili.AhkamSharciyya.Shamela0004289-ara1	[]	[]
0581IbnKharratIshbili.AhkamSharciyya.JK009141-ara1	[]	[]
0581IbnKharratIshbili.CaqibaFiDhikrMawt.Shamela0006862-ara1	[]	[]
0581IbnKharratIshbili.CaqibaFiDhikrMawt.JK000030-ara1	[]	[]
0578IbnMuhammadIbnCataAllahSikandarani.CunwanTawfiq.JK008004-ara1	[]	[]
0600CabdGhaniMuqaddasi.TahrimQatl.Shamela0009390-ara1	[]	[]
0600CabdGhaniMuqaddasi.TarghibFiDuca.Shamela0006749-ara1	[]	[]
0600CabdGhaniMuqaddasi.TarghibFiDuca.JK001266-ara1	[]	[]
0600CabdGhaniMuqaddasi.Tawakkul.Shamela0010482-ara1	[]	[]
0600CabdGhaniMuqaddasi.Caqida.Shamela0011279-ara1	[]	[]
0600CabdGhaniMuqaddasi.MinManaqibNisaSahabiyyat.Shamela0026710-ara1	[]	[]
0600CabdGhaniMuqaddasi.FadailCumarIbnKhattab.Shamela0030266-ara1	[]	[]
0600CabdGhaniMuqaddasi.TawhidLiLlah.Shamela0009381-ara1	[]	[]
0600CabdGhaniMuqaddasi.TawhidLiLlah.JK001277-ara1	[]	[]
0600CabdGhaniMuqaddasi.AkhbarDajjal.Shamela0001441-ara1	[]	[]
0600CabdGhaniMuqaddasi.AkhbarSalat.Shamela0026390-ara1	[]	[]
0600CabdGhaniMuqaddasi.HadithIfk.Shamela0026747-ara1	[]	[]
0600CabdGhaniMuqaddasi.AhadithJamacili.Shamela0030346-ara1	[]	[]
0600CabdGhaniMuqaddasi.IqtisadFiIctiqad.Shamela0007546-ara1	[]	[]
0600CabdGhaniMuqaddasi.CumdatAhkam.Shamela0006075-ara1	[]	[]
0600CabdGhaniMuqaddasi.FadailShahrRamadan.Shamela0009561-ara1	[]	[]
0600CabdGhaniMuqaddasi.ZawajAbiCasBiZaynab.Shamela0030314-ara1	[]	[]
0600CabdGhaniMuqaddasi.AmrBiMacruf.Shamela0009074-ara1	[]	[]
0600CabdGhaniMuqaddasi.JuzAhadithShicr.JK000672-ara1	[]	[]
0600CabdGhaniMuqaddasi.JuzAhadithShicr.Shia002181-ara1	[]	[]
0600CabdGhaniMuqaddasi.JuzAhadithShicr.Shamela0006900-ara1	[]	[]
0600CabdGhaniMuqaddasi.DhikrNar.Shamela0012736-ara1	[]	[]
0600CabdGhaniMuqaddasi.MisbahFiCuyunSihah.Shamela0029794-ara1	[]	[]
0600CabdGhaniMuqaddasi.MisbahFiCuyunSihah.Shamela0030657-ara1	[]	[]
0600CabdGhaniMuqaddasi.MisbahFiCuyunSihah.Shamela0030617-ara1	[]	[]
0600CabdGhaniMuqaddasi.NihayatMurad.Shamela0038202-ara1	[]	[]
0592IbnCaliFakhrDinIbnDahhan.TaqwimNazar.JK009148-ara1	[]	[]
0592IbnCaliFakhrDinIbnDahhan.TaqwimNazar.Shamela0006337-ara1	[]	[]
0588IbnShahrAshub.ManaqibAlAbiTalib.Shia001349Vols-ara1	[]	[]
0588IbnShahrAshub.MacalimCulama.Shia002938-ara1	[]	[]
0577IbnAnbari.NuzhaAlibba.Shamela0003583-ara1	['completed']	[]
0593IbnMuhammadJamalDinGhaznawi.UsulDin.Shamela0006371-ara1	[]	[]
0593IbnMuhammadJamalDinGhaznawi.UsulDin.JK001464-ara1	[]	[]
0600QutbdinBayhaqiKaydari.IdahShica.Shia004622-ara1	[]	[]
0582IbnBariMisriMuqaddasi.FiTacrib.JK001246-ara1	[]	[]
0582IbnBariMisriMuqaddasi.FiTacrib.Shamela0007060-ara1	[]	[]
0582IbnBariMisriMuqaddasi.MasailManthuraFiTafsir.Shamela0095580-ara1	[]	[]
0582IbnBariMisriMuqaddasi.GhalatDucafaMinFuqaha.JK006917-ara1	[]	[]
0582IbnBariMisriMuqaddasi.GhalatDucafaMinFuqaha.Shamela0006922-ara1	[]	[]
0600IbnMuhammadLaythiWasiti.CuyunHikam.Shia001355-ara1	[]	[]
0595IbnRushdHafid.RisalatNafs.Shamela0009737-ara1	[]	[]
0595IbnRushdHafid.FaslMaqal.Shamela0012727-ara1	[]	[]
0595IbnRushdHafid.FaslMaqal.JK010686-ara1	[]	[]
0595IbnRushdHafid.TalkhisSafsata.Shamela0021503-ara1	[]	[]
0595IbnRushdHafid.TalkhisHassLiAristu.GRAR000033-ara1	[]	[]
0595IbnRushdHafid.TalkhisKhitaba.JK010698-ara1	[]	[]
0595IbnRushdHafid.TalkhisKhitaba.Shamela0000698-ara1	[]	[]
0595IbnRushdHafid.Qiyas.Shamela0009707-ara1	[]	[]
0595IbnRushdHafid.BidayatMujtahid.Shia001039Vols-ara1	[]	[]
0595IbnRushdHafid.BidayatMujtahid.Shamela0021739-ara1	[]	[]
0595IbnRushdHafid.BidayatMujtahid.JK000222-ara1	[]	[]
0595IbnRushdHafid.DaruriFiUsulFiqh.Shamela0001703-ara1	[]	[]
0595IbnRushdHafid.TalkhisShicrLiAristutalis.GRAR000032-ara1	[]	[]
0590IbnFirruhShatibi.HirzAmani.JK000450-ara1	[]	[]
0590IbnFirruhShatibi.HirzAmani.Shamela0007754-ara1	[]	[]
0599IbnMuhammadBaghbanIsbahani.Fawaid.Shamela0009592-ara1	[]	[]
0593IbnHusaynShihabDinIsbahani.GhayaWaTaqrib.Shamela0011370-ara1	[]	[]
0893IbnAbiBakrCayniHanafi.SharhAlfiyyatCiraqi.Shamela0096618-ara1	[]	[]
0879IbnMuhammadIbnAmirHajj.TaqrirWaTahbir.Shamela0021605-ara1	[]	[]
0879IbnMuhammadIbnAmirHajj.TaqrirWaTahbir.JK000983-ara1	[]	[]
0900AbuCabdAllahHimyari.RawdMictar.JK009398-ara1	[]	[]
0900AbuCabdAllahHimyari.RawdMictar.Shamela0001344-ara1	[]	[]
0900AbuCabdAllahHimyari.RawdMictar.Shamela0001043-ara1	['mARkdwon']	[]
0900AbuCabdAllahHimyari.RawdMictar.JK009397-ara1	[]	[]
0889IbnCabdMuncimShamsDinQahiri.SharhShudhurDhahab.Shamela0009134-ara1	[]	[]
0884AbuDharrSibtIbnCajami.KunuzDhahab.Shamela0011786-ara1	[]	[]
0894IbnMuhammadDimashqiHaydari.JuzFiCadamSihha.JK009407-ara1	[]	[]
0899ZarruqShihabDinFasi.NasihaKafiya.Shamela0000258-ara1	[]	[]
0899ZarruqShihabDinFasi.NasihaKafiya.JK009333-ara1	[]	[]
0900IbnMuhammadBurhanDinQabibati.CajalatImla.Shamela0097928-ara1	[]	[]
0900IbnMuhammadBurhanDinQabibati.TacliqRashiq.Shamela0026961-ara1	[]	[]
0900IbnMuhammadBurhanDinQabibati.Risala.Shamela0027090-ara1	[]	[]
0895AbuCabdAllahSanusi.MatnSanusiyya.JK001240-ara1	[]	[]
0897IbnYusufCabdariGharnati.TajWaIklilLiMukhtasarKhalil.JK000289-ara1	[]	[]
0897IbnYusufCabdariGharnati.TajWaIklilLiMukhtasarKhalil.Shamela0021611-ara1	[]	[]
0897IbnYusufCabdariGharnati.MukhtasarKhalil.Shia000904-ara1	[]	[]
0894CabdRahmanSufuri.NuzhatMajalis.Shamela0028168-ara1	[]	[]
0894CabdRahmanSufuri.NuzhatMajalis.JK009236-ara1	[]	[]
0894IbnQasimRassacTunisi.SharhHudud.Shamela0021610-ara1	[]	[]
0894IbnQasimRassacTunisi.SharhHudud.JK011705-ara1	[]	[]
0891AhmadBakri.SiratImamCali.Shia003731-ara1	[]	[]
0884IbnMuflih.NukatWaFawaid.JK000270-ara1	[]	[]
0884IbnMuflih.NukatWaFawaid.Shamela0006094-ara1	[]	[]
0884IbnMuflih.MaqsidArshad.JK004503-ara1	[]	[]
0884IbnMuflih.MaqsidArshad.Shamela0005890-ara1	[]	[]
0884IbnMuflih.MubdicFiSharhMuqnic.Shamela0021619-ara1	[]	[]
0884IbnMuflih.MubdicFiSharhMuqnic.JK000787-ara1	[]	[]
0885IbnSulaymanCalaDinMardawi.TahbirSharhTahrir.JK009143-ara1	[]	[]
0885IbnSulaymanCalaDinMardawi.TahbirSharhTahrir.Shamela0006336-ara1	[]	[]
0900IbnSulaymanHilli.MukhtasarBasair.Shia001172-ara1	[]	[]
0900IbnAbiJumhurAhsai.AqtabFiqhiyya.Shia000132-ara1	[]	[]
0879IbnQutlubugha.Thiqat.Shamela0096165-ara1	['completed']	[]
0879IbnQutlubugha.RafcIshtibah.Shamela0096853-ara1	[]	[]
0879IbnQutlubugha.TajTarajim.JK009243-ara1	[]	[]
0879IbnQutlubugha.TajTarajim.Shamela0010925-ara1	[]	[]
0879IbnQutlubugha.MusnadCuqba.Shamela0030774-ara1	[]	[]
0879IbnQutlubugha.AhkamSalatCalaJanaza.Shamela0096848-ara1	[]	[]
0900ImamHadiCizzDinIbnHasan.CinayaTamma.Zaydiyya0000045-ara1	[]	[]
0900ImamHadiCizzDinIbnHasan.MicrajIlaKashfAsrar.Zaydiyya0000265-ara1	[]	[]
0896IbnCaliIbnAzraqGharnati.BadaicSilk.JK001412-ara1	[]	[]
0896IbnCaliIbnAzraqGharnati.BadaicSilk.Shamela0007236-ara1	[]	[]
0893IbnAbiBakrHadari.BahjatMahafil.Shamela0009780-ara1	[]	[]
0882IbnAhmadShadhiliTunisi.FarahAsma.Shamela0001598-ara1	[]	[]
0882IbnAhmadShadhiliTunisi.FarahAsma.JK010133-ara1	[]	[]
0893IbnIsmacilShihabDinKurani.GhayatAmani.Shamela0095562-ara1	[]	[]
0885BurhanDinBiqaci.NazmDurar.JK009270-ara1	[]	[]
0885BurhanDinBiqaci.NazmDurar.Shamela0009098-ara1	[]	[]
0885BurhanDinBiqaci.MasracTasawwuf.Shamela0008317-ara1	[]	[]
0885BurhanDinBiqaci.MasracTasawwuf.JK000066-ara1	[]	[]
0885BurhanDinBiqaci.NukatWafiyya.Shamela0023798-ara1	[]	[]
0885BurhanDinBiqaci.MasacidNazar.Shamela0001404-ara1	[]	[]
0879IbnSulaymanMuhyiDinKafiji.MukhtasarFiCilmAthar.JK006971-ara1	[]	[]
0879IbnSulaymanMuhyiDinKafiji.MukhtasarFiCilmAthar.Shamela0005975-ara1	[]	[]
0893IbnAhmadZaynDinSharji.TajridSarih.Shamela0096283-ara1	[]	[]
0880IbnAhmadShamsDinAsyuti.JawahirCuqud.JK000252-ara1	[]	[]
0880IbnAhmadShamsDinAsyuti.JawahirCuqud.Shamela0006172-ara1	[]	[]
0880IbnAhmadShamsDinAsyuti.JawahirCuqud.Shia001053Vols-ara1	[]	[]
0882LisanDinIbnShihnaHalabi.LisanHukkam.Shamela0006179-ara1	[]	[]
0882LisanDinIbnShihnaHalabi.LisanHukkam.JK000262-ara1	[]	[]
0880IbnAbiJumhurAhsai.CawaliLaali.Shia001395Vols-ara1	[]	[]
0900MuflihIbnRashid.IlzamNawasib.Shia004024-ara1	[]	[]
0877IbnYusufZaynDinCamili.SIratMustaqim.Shia001392Vols-ara1	[]	[]
0900IbnMuhammadNurDinAshmuni.SharhCalaAlfiyyatMalik.Shamela0011742-ara1	[]	[]
1364CamirIbnKHamisMaliki.GhayatMatlub.ShamIbadiyya0000942-ara1	[]	[]
1364CamirIbnKHamisMaliki.GhayatMatlub.ShamIbadiyya0000459-ara1	[]	[]
1368HasanAmin.MustadrakatAcyanShica.Shia003634Vols-ara1	[]	[]
1361SacidIbnNasirGhaythi.IdahTawhid.ShamIbadiyya0000279-ara1	[]	[]
1371MuhsinCamili.TalkhisAkhbarShucaraShica.Shia003994-ara1	['completed']	[]
1371MuhsinCamili.AcyanShica.Shia003636Vols-ara1	['inProgress']	[]
1360IbnQasimMakhluf.ShajaraNur.Shamela9007669-ara1	[]	[]
1372KurdCali.KhitatSham.Shamela0037063-ara1	[]	[]
1364MacrufRusafi.Diwan.JK007642-ara1	[]	[]
1375CabdAllahIbnImamHadiQasimi.JadawilSughra.Zaydiyya0000099-ara1	[]	[]
1351MuhammadMudacis.KashifAmin.Zaydiyya0000039-ara1	[]	[]
1368CaliJarim.NahwWadih.Shamela0010018-ara1	[]	[]
1359CabbasQummi.Kuna.Shia003764Vols-ara1	[]	[]
1359CabbasQummi.MafatihJinan.Zaydiyya0000236-ara1	[]	[]
1355AhmadTahtawi.TanbihWaIqaz.Shia003354-ara1	[]	[]
1355AhmadTahtawi.TanbihWaIqaz.Shamela0001116-ara1	[]	[]
1355AhmadTahtawi.TanbihWaIqaz.JK004505-ara1	[]	[]
1359SulaymanBaruni.MukhtasarTarikhIbadiyya.ShamIbadiyya0000147-ara1	[]	[]
1359SulaymanBaruni.RisalaIlaSalimRawahi.ShamIbadiyya0000555-ara1	[]	[]
1375AhmadIbnHasanQasimi.JawahirMudia.Zaydiyya0000346-ara1	[]	[]
1375AhmadIbnHasanQasimi.CilmWasim.Zaydiyya0000046-ara1	[]	[]
1375AhmadIbnHasanQasimi.TuhfatAclam.Zaydiyya0000125-ara1	[]	[]
1354RashidRida.Manar.Shamela0006947-ara1	[]	[]
1353IbnCabdRahimMubarakfuri.TuhfatAhwadhi.JK000201-ara1	[]	[]
1353IbnCabdRahimMubarakfuri.TuhfatAhwadhi.Shia001853Vols-ara1	[]	[]
1353IbnCabdRahimMubarakfuri.TuhfatAhwadhi.Shamela0021662-ara1	[]	[]
1353IbnCabdRahimMubarakfuri.SharhKitabCilal.Shia003074-ara1	[]	[]
1364IbnHamdMughiri.MuntakhabQabail.Shamela0000494-ara1	[]	[]
1364IbnHamdMughiri.MuntakhabQabail.JK010494-ara1	[]	[]
1372AhmadIbnMuhammadRahuni.RafcKhasasa.Zaydiyya0000405-ara1	[]	[]
1371MuhsinAmin.AbuHusaynZaydShahid.Zaydiyya0000195-ara1	[]	[]
1351IbnHusaynGhazzi.NahrDhahab.Shamela0011788-ara1	[]	[]
1373AhmadShamat.ThimarMujtanat.Zaydiyya0000022-ara1	[]	[]
1373AhmadShamat.AimmatAhlBaytZaydiyya.Zaydiyya0000382-ara1	[]	[]
1369MuhammadRida.Cuthman.Shamela0000552-ara1	[]	[]
1369MuhammadRida.Muhammad.Shamela0012935-ara1	[]	[]
1369MuhammadRida.AbuBakr.Shamela0007472-ara1	[]	[]
1369MuhammadRida.AbuBakr.Shamela0021515-ara1	[]	[]
1351YusufIlyanSarkis.MucjamMatbucat.Shia003364Vols-ara1	[]	[]
1351YusufIlyanSarkis.MucjamMatbucat.Zaydiyya0000223-ara1	[]	[]
1351YusufIlyanSarkis.MucjamMatbucat.Shamela0001242-ara1	[]	[]
1373AbuYaclaZuwawi.TarikhZuwawa.Shamela0115130-ara1	[]	[]
1354HasanSadr.Takmila.Shia002979-ara1	[]	[]
1356MustafaSadiqRafici.Masakin.Shamela0005418-ara1	[]	[]
1356MustafaSadiqRafici.WahyQalam.Shamela0011755-ara1	[]	[]
1356MustafaSadiqRafici.TarikhAdabCarab.Shamela0010548-ara1	[]	[]
1356MustafaSadiqRafici.IcjazQuran.Shamela0008506-ara1	[]	[]
1356MustafaSadiqRafici.TahtaRayatQuran.Shamela0021784-ara1	[]	[]
1356MustafaSadiqRafici.SumuwwRuhi.Shamela0036191-ara1	[]	[]
1356AbuHudaKalbasi.SamaMaqal.Shia002980Vols-ara1	[]	[]
1174AbuBarakatSuwaydi.NafhaMiskiya.Shamela0012086-ara1	[]	[]
1156IbnMuhammadAbuSacidKhadimi.BariqaMahmudiyya.JK011730-ara1	[]	[]
1156IbnMuhammadAbuSacidKhadimi.BariqaMahmudiyya.Shamela0021654-ara1	[]	[]
1162IbnMuammadAbuFidaCajluni.KashfKhafa.JK000583-ara1	[]	[]
1162IbnMuammadAbuFidaCajluni.KashfKhafa.Shia002294Vols-ara1	[]	[]
1162IbnMuammadAbuFidaCajluni.KashfKhafa.Shamela0000856-ara1	[]	[]
1162IbnMuammadAbuFidaCajluni.KashfKhafa.Shamela0009576-ara1	[]	[]
1175AhmadBudayri.HawadithDimashq.JK010404-ara1	[]	[]
1175AhmadBudayri.HawadithDimashq.Shamela0000404-ara1	[]	[]
1158IbnCaliFaruqiTahanawi.KashshafIstalahat.Shamela0002573-ara1	[]	[]
1173IbnCaliMusawiTustari.TadhyilSulafatCasr.Shia004660-ara1	[]	[]
1173IbnCaliMusawiTustari.TadhyilSulafatCasr.Shamela0009085-ara1	[]	[]
1167IbnHamidMashtuli.SalwatAhzan.Shamela0000655-ara1	[]	[]
1167IbnHamidMashtuli.SalwatAhzan.JK010655-ara1	[]	[]
1170IbnMuhammadMahalliMisri.MazidNicma.Shamela0011577-ara1	[]	[]
1153IbnKannan.YawmiyyatShamiyya.JK010397-ara1	[]	[]
1153IbnKannan.YawmiyyatShamiyya.Shamela0000397-ara1	[]	[]
1175MuhammadKarabisi.IklilManhaj.Shia002959-ara1	[]	[]
1152IbrahimShajari.TabaqatZaydiyya.Zaydiyya0000336-ara1	[]	[]
1152IbrahimShajari.TabaqatZaydiyyaKubra.Zaydiyya0000100-ara1	[]	[]
1167IbnCabrRahmanGhazzi.DiwanIslam.JK010378-ara1	[]	[]
1167IbnCabrRahmanGhazzi.DiwanIslam.Shamela0001488-ara1	[]	[]
1172IbnKhalifaMasakini.Fahrasa.Shamela0010732-ara1	[]	[]
1172IbnKhalifaMasakini.Fahrasa.JK001086-ara1	[]	[]
1163MuhammadHayatSindi.FathGhufur.JK010138-ara1	[]	[]
1163MuhammadHayatSindi.FathGhufur.Shamela0001596-ara1	[]	[]
1173IbnHusaynKhwajuiMazandarani.JamicShatat.Shia004039-ara1	[]	[]
1160YusufMahalli.Taqwim.Filaha004-ara1	['completed']	[]
0001KitabAllah.QuranKarim.Shia000001-ara1	[]	[]
0001CamrIbnQumaya.Diwan.JK007523-ara1	[]	[]
0001TarafaIbnCabd.Diwan.JK007518-ara2	[]	[]
0001TarafaIbnCabd.Diwan.Shamela0036422-ara1	[]	[]
0001HarithIbnHilliza.Diwan.JK007505-ara1	[]	[]
0001SalamaIbnJandal.Diwan.JK007517-ara1	[]	[]
0011CamirIbnTufayl.Diwan.JK007520-ara1	[]	[]
0021CamrZubaydi.Diwan.JK007536-ara1	[]	[]
0007MaymunIbnQaysAcsha.Diwan.JK007503-ara1	[]	[]
0001MuhalhilIbnRabica.Diwan.JK007529-ara1	[]	[]
0022ShammakhIbnDirar.Diwan.JK007533-ara1	[]	[]
0001AwsIbnHajar.Diwan.JK007502-ara1	[]	[]
0001CamrIbnKulthum.Diwan.JK007524-ara1	[]	[]
0001HatimTai.Diwan.JK007514-ara1	[]	[]
0024TumadirBinCamrKhansa.Diwan.JK007532-ara1	[]	[]
0001LaqitIbnYacmur.Diwan.JK007528-ara1	[]	[]
0001HajibIbnMudallil.Diwan.JK007515-ara1	[]	[]
0001ImruQays.Diwan.JK007512-ara1	[]	[]
0001MuthaqqibCabdi.Diwan.JK007510-ara1	[]	[]
0001CantaraIbnShaddad.Diwan.JK007526-ara1	[]	[]
0001CurwaIbnWard.Diwan.JK007521-ara1	[]	[]
0001CalqamaFahl.Diwan.JK007522-ara1	[]	[]
0001NabighaDhubyani.Diwan.JK007511-ara1	[]	[]
0001Shanfara.Diwan.JK007509-ara1	[]	[]
0005Hadira.Diwan.JK007504-ara1	[]	[]
0001CamrIbnMalik.Diwan.JK007525-ara1	[]	[]
0001SulaykIbnSulaka.Diwan.JK007507-ara1	[]	[]
0001TaabbataSharran.Diwan.JK007513-ara1	[]	[]
0001SamawalIbnCadiya.Diwan.JK007508-ara1	[]	[]
0001ImruQaysKindi.Diwan.Shamela0027112-ara1	[]	[]
0001AbuTalibCabdManaf.Diwan.JK007501-ara1	[]	[]
0001QaysIbnKhatim.Diwan.JK007527-ara1	[]	[]
0001ZuhayrIbnAbiSulma.Diwan.JK007516-ara1	[]	[]
0001TufaylGhanawi.Diwan.JK007519-ara1	[]	[]
1071FadilTuniKhurasani.Wafiya.Shia002757-ara1	[]	[]
1069ShihabDinKhafaji.RayhanaAlibba.JK010792-ara1	[]	[]
1069ShihabDinKhafaji.RayhanaAlibba.Shamela0001522-ara1	[]	[]
1069ShihabDinKhafaji.HashiyaCalaTafsirBaydawi.Shamela0001535-ara1	[]	[]
1061IbnMullaFarrukhRumi.QawlSadid.JK000890-ara1	[]	[]
1061IbnMullaFarrukhRumi.QawlSadid.Shamela0006354-ara1	[]	[]
1052IbnSayfDinBukhariDihlawi.MuqaddimaFiUsulHadith.JK000978-ara1	[]	[]
1052IbnSayfDinBukhariDihlawi.MuqaddimaFiUsulHadith.Shamela0005988-ara1	[]	[]
1068IbnCaliFuwati.BadrMunir.Zaydiyya0000328-ara1	[]	[]
1051IbnYunusBuhutiHanbali.SharhMuntahaIradat.JK000225-ara1	[]	[]
1051IbnYunusBuhutiHanbali.SharhMuntahaIradat.Shamela0021693-ara1	[]	[]
1051IbnYunusBuhutiHanbali.KashshafQinac.Shamela0021642-ara1	[]	[]
1051IbnYunusBuhutiHanbali.KashshafQinac.JK000148-ara1	[]	[]
1051IbnYunusBuhutiHanbali.KashshafQinac.Shia001022Vols-ara1	[]	[]
1051IbnYunusBuhutiHanbali.RawdMurbic.Shamela0001679-ara1	[]	[]
1051IbnYunusBuhutiHanbali.RawdMurbic.JK000190-ara1	[]	[]
1069IbnCammarShurunbulali.IthafDhawiItqan.Shamela0096849-ara1	[]	[]
1069IbnCammarShurunbulali.MaraqiFalahSharhNurIdah.Shamela0000412-ara1	[]	[]
1069IbnCammarShurunbulali.SacadatMajid.Shamela0096854-ara1	[]	[]
1069IbnCammarShurunbulali.TajaddudMasarrat.Shamela0096852-ara1	[]	[]
1069IbnCammarShurunbulali.NurIdah.JK000284-ara1	[]	[]
1069IbnCammarShurunbulali.NurIdah.Shamela0012117-ara1	[]	[]
1072AbuBakrMaliki.RiyadNufus.Shamela0148883-ara1	['mARkdwon']	[]
1060IbnQaysar.SiratNasirIbnMurshid.ShamIbadiyya0000116-ara1	[]	[]
1060IbnQaysar.SiratNasirIbnMurshid.ShamIbadiyya0000174-ara1	[]	[]
1061NajmDinGhazzi.KawakibSaira.JK010347-ara1	[]	[]
1061NajmDinGhazzi.KawakibSaira.Shamela0010912-ara1	['mARkdwon']	[]
1072IbnAhmadMayyaraFasi.SharhMayyara.Shamela0021643-ara1	[]	[]
1072IbnAhmadMayyaraFasi.SharhMayyara.JK007115-ara1	[]	[]
1070MuhammadKibrit.RihlaShita.Shamela0037345-ara1	[]	[]
1051Cimadi.RawdaRayya.JK001216-ara1	[]	[]
1051Cimadi.RawdaRayya.Shamela0005864-ara1	[]	[]
1073YusufBadiciDimashqi.SubhMunbi.JK010778-ara1	[]	[]
1073YusufBadiciDimashqi.SubhMunbi.Shamela0021498-ara1	[]	[]
1061AhmadHabisYamani.IjazatIbnYahya.Zaydiyya0000378-ara1	[]	[]
1061AhmadHabisYamani.IdahFiSharhMisbah.Zaydiyya0000038-ara1	[]	[]
1057IbnCallan.DalilFalihin.JK010830-ara1	[]	[]
1057IbnCallan.DalilFalihin.Shamela0000140-ara1	[]	[]
1057IbnCallan.IthafFadil.JK006710-ara1	[]	[]
1057IbnCallan.IthafFadil.Shamela0006977-ara1	[]	[]
1069IbnAhmadShihabDinQalyubi.Hashiyatan.JK007141-ara1	[]	[]
1069MuhammadShawbari.RaddCalaWahhabiyya.Shia004513-ara1	[]	[]
1062CabdAllahSharafi.MasabihSatica.Zaydiyya0000295Vols-ara1	[]	[]
1062CabdAllahSharafi.MasabihSatica.Zaydiyya0000020-ara2	[]	[]
1055AhmadSharafi.DawlatBaniRasul.Zaydiyya0000298-ara1	[]	[]
1055AhmadSharafi.AliMudia.Zaydiyya0000037Vols-ara1	[]	[]
1067HajjiKhalifa.KashfZunun.JK000468-ara1	[]	[]
1067HajjiKhalifa.KashfZunun.Shia003356Vols-ara1	['inProgress']	[]
1067HajjiKhalifa.KashfZunun.Shamela0002118-ara1	[]	[]
1071IbnFaqihFussaBacliDimashqi.CaynWaAthar.Shamela0008518-ara1	[]	[]
1071IbnFaqihFussaBacliDimashqi.CaynWaAthar.JK000923-ara1	[]	[]
1069ShihabDinQalyubi.HashiyataQalyubiWaCumayra.Shamela0021843-ara1	[]	[]
1066IbnYusufZaynCabidinKurani.MukhtasarYamaniyyat.Shamela0037631-ara1	[]	[]
1062NurDinMusawiCamili.FawaidMadaniyya.Shia002759-ara1	[]	[]
0954IbnMuhammadHattabRucayniMaghribi.MawahibJalil.JK000281-ara1	[]	[]
0954IbnMuhammadHattabRucayniMaghribi.MawahibJalil.Shamela0000569-ara1	[]	[]
0954IbnMuhammadHattabRucayniMaghribi.MawahibJalil.Shia000906Vols-ara1	[]	[]
0954IbnMuhammadHattabRucayniMaghribi.MutammimatAjrumiyya.Shamela0004234-ara1	[]	[]
0970IbnIbrahimIbnNujaymMisri.BahrRaiq.JK000189-ara1	[]	[]
0970IbnIbrahimIbnNujaymMisri.BahrRaiq.Shamela0012227-ara1	[]	[]
0970IbnIbrahimIbnNujaymMisri.BahrRaiq.Shia000973Vols-ara1	[]	[]
0970IbnIbrahimIbnNujaymMisri.AshbahWaNazair.Shamela0001666-ara1	[]	[]
0973IbnHajarHaythami.TuhfatMuhtaj.Shamela0009059-ara1	[]	[]
0973IbnHajarHaythami.FatawaHadithiyya.Shamela0001922-ara1	[]	[]
0973IbnHajarHaythami.FatawaHadithiyya.JK009273-ara1	[]	[]
0973IbnHajarHaythami.DurrMandud.Shamela0009801-ara1	[]	[]
0973IbnHajarHaythami.FatawaKubra.Shamela0021628-ara1	[]	[]
0973IbnHajarHaythami.FatawaKubra.JK007074-ara1	[]	[]
0973IbnHajarHaythami.Zawajir.Shamela0021629-ara1	[]	[]
0973IbnHajarHaythami.Zawajir.JK007070-ara1	[]	[]
0973IbnHajarHaythami.Inafa.Shamela0012570-ara1	[]	[]
0973IbnHajarHaythami.Inafa.JK009318-ara1	[]	[]
0973IbnHajarHaythami.SawaciqMuhriqa.Shamela0006544-ara1	[]	[]
0973IbnHajarHaythami.SawaciqMuhriqa.JK001324-ara1	[]	[]
0973IbnHajarHaythami.IfsahCanHadithNikah.Shamela0006247-ara1	[]	[]
0973IbnHajarHaythami.IfsahCanHadithNikah.JK000678-ara1	[]	[]
0972IbnAhmadIbnNajjarHanbali.SharhKawkabMunir.JK009286-ara1	[]	[]
0972IbnAhmadIbnNajjarHanbali.SharhKawkabMunir.Shamela0012019-ara1	[]	[]
0963IbnMuhammadIbnCiraqKanani.TanzihSharica.Shamela0001432-ara1	[]	[]
0963IbnMuhammadIbnCiraqKanani.TanzihSharica.JK005005-ara1	[]	[]
0972IbnCaliKarakiCamili.AtaibKalam.Shia004624-ara1	[]	[]
0956IbnCumarShamsDinSafiri.MajalisWacziyya.Shamela0009823-ara1	[]	[]
0971IbnIbrahimIbnHanbaliHalabi.SahmAlhaz.Shamela0006921-ara1	[]	[]
0971IbnIbrahimIbnHanbaliHalabi.SahmAlhaz.JK006915-ara1	[]	[]
0971IbnIbrahimIbnHanbaliHalabi.QafwAthar.JK000989-ara1	[]	[]
0971IbnIbrahimIbnHanbaliHalabi.QafwAthar.Shamela0001531-ara1	[]	[]
0956IbnMuhammadHalabiHanafi.MajmacAnhur.Shamela0006185-ara1	[]	[]
0956IbnMuhammadHalabiHanafi.NicmatDharica.Shamela0006558-ara1	[]	[]
0956IbnMuhammadHalabiHanafi.NicmatDharica.JK001017-ara1	[]	[]
0966HusaynDiyarbakri.TarikhKhamis.Shamela0009784-ara1	[]	[]
0965SharafDinAstarabadiHusayni.TawilAyat.Shia003744Vols-ara1	[]	[]
0975CalaDinHindi.KanzCummal.Shia002265Vols-ara1	[]	[]
0975CalaDinHindi.KanzCummal.Shamela0002677-ara1	[]	[]
0975CalaDinHindi.KanzCummal.JK008001-ara1	[]	[]
0968Tashkubruizadah.ShaqaiqNucmaniyya.Shamela0006723-ara1	[]	[]
0968Tashkubruizadah.ShaqaiqNucmaniyya.JK000421-ara1	[]	[]
0966ShahidThani.MaskanFuad.Shia001401-ara1	[]	[]
0966ShahidThani.Rasail.Shia000151-ara1	[]	[]
0966ShahidThani.RawdJinan.Shia000152-ara1	[]	[]
0966ShahidThani.SharhLumca.Shia000153Vols-ara1	[]	[]
0966ShahidThani.HaqaiqIman.Shia004025-ara1	[]	[]
0966ShahidThani.RicayaFiCilmDiraya.Shia002943-ara1	[]	[]
0966ShahidThani.MunyatMurid.Shia001402-ara1	[]	[]
0966ShahidThani.MasalikAfham.Shia000163Vols-ara1	[]	[]
0968IbnAhmadAbuNajaHajjawi.ZadMustaqnic.Shamela0011230-ara1	[]	[]
0968IbnAhmadAbuNajaHajjawi.ZadMustaqnic.JK000790-ara1	[]	[]
0968IbnAhmadAbuNajaHajjawi.Iqnac.Shamela0007360-ara1	[]	[]
0953IbnTulun.FassKhawatim.JK010656-ara1	[]	[]
0953IbnTulun.FassKhawatim.Shamela0000656-ara1	[]	[]
0953IbnTulun.RisalaFiTafsirInnaIbrahim.Shamela0026435-ara1	[]	[]
0953IbnTulun.ArbacunaFiFadlRahma.Shamela0009826-ara1	[]	[]
0953IbnTulun.IclamSailin.Shamela0009701-ara1	['completed']	[]
0953IbnTulun.MufakahaKhillan.JK009290-ara1	[]	[]
0953IbnTulun.MufakahaKhillan.Shamela0026578-ara1	[]	[]
0953IbnTulun.AhadithMia.Shamela0005640-ara1	[]	[]
0953IbnTulun.AhadithMia.JK000846-ara1	[]	[]
0973ShihabDinHaythami.KaffRicac.Shamela0037886-ara1	[]	[]
0973ShihabDinHaythami.MablaghArab.Shamela0000661-ara1	[]	[]
0973ShihabDinHaythami.MablaghArab.JK009334-ara1	[]	[]
0973ShihabDinHaythami.MinhajQawim.Shamela0009973-ara1	[]	[]
0973ShihabDinHaythami.MinhajQawim.JK000203-ara1	[]	[]
0965ZaynDinCamili.RawdaBahiya.Zaydiyya0000218-ara1	[]	[]
0957ShihabDinRamli.HashiyatCumayra.JK007142-ara1	[]	[]
0957ShihabDinRamli.FatawaRamli.Shamela0021623-ara1	[]	[]
0963CabdRahmanAbuFathCabbasi.MacahidTansis.Shamela0006951-ara1	[]	[]
0963CabdRahmanAbuFathCabbasi.MacahidTansis.JK001477-ara1	[]	[]
0973CabdWahhabShacrani.CuhudMuhammadiyya.Shia002264-ara1	[]	[]
0973CabdWahhabShacrani.CulamaMuslimin.Shia004512-ara1	[]	[]
0973CabdWahhabShacrani.LawaqihAnwar.Shamela0009627-ara1	[]	[]
0973CabdWahhabShacrani.LawaqihAnwar.JK009301-ara1	[]	[]
0972IbnMahmudAmirBadishahBukhari.TaysirTahrir.JK007098-ara1	[]	[]
0972IbnMahmudAmirBadishahBukhari.TaysirTahrir.Shamela0006327-ara1	[]	[]
0710IbnAhmadHafizDinNasafi.Tafsir.Shia002557Vols-ara1	[]	[]
0710IbnAhmadHafizDinNasafi.Tafsir.Shamela0001394-ara1	[]	[]
0710IbnAhmadHafizDinNasafi.Tafsir.JK000876-ara1	[]	[]
0701IbnNasrAllahIbnSayqalJazari.Maqamat.Shamela0000644-ara1	[]	[]
0701IbnNasrAllahIbnSayqalJazari.Maqamat.JK010644-ara1	[]	[]
0709CaliCalawi.Majdi.Shia003445-ara1	['completed']	[]
0709CaliCalawi.Majdi.Zaydiyya0000156-ara1	[]	[]
0710IbnRifca.Kifaya.Sham19Y0014325-ara1	[]	[]
0710IbnRifca.Nafais.GVDB20190213-ara1	['completed']	[]
0710IbnIbrahimShamsDinSuruji.NafahatNasamat.Shamela0026925-ara1	[]	[]
0716NajmDinTufi.Intisarat.Shamela0037713-ara1	[]	[]
0716NajmDinTufi.SharhMukhtasarRawda.Shamela0010781-ara1	[]	[]
0709IbnAtaAllahSikandari.HikamCataiyya.JK009323-ara1	[]	[]
0705IbnYusufHilli.CudadQawiyya.Shia003711-ara1	[]	[]
0718AbuIshaqWatwat.MabahijFikar.JK010771-ara1	[]	[]
0718AbuIshaqWatwat.MabahijFikar.Shamela0000771-ara1	[]	[]
0718AbuIshaqWatwat.GhurarKhasais.JK010627-ara1	[]	[]
0718AbuIshaqWatwat.GhurarKhasais.Shamela0001349-ara1	['completed']	[]
0702IbnCabdRahmanCubaydi.TadhkiraSacdiyya.JK010743-ara1	[]	[]
0702IbnCabdRahmanCubaydi.TadhkiraSacdiyya.Shamela0000743-ara1	[]	[]
0711IbnIbrahimCimadDinWasiti.Rihla.LMN20200830-ara1	['completed']	[]
0711IbnIbrahimCimadDinWasiti.MizanShuyukh.LMN20200828-ara1	['completed']	[]
0711IbnIbrahimCimadDinWasiti.MiftahTariqIlaSulukTahqiq.LMN20200826-ara1	['completed']	[]
0711IbnIbrahimCimadDinWasiti.MiftahMacrifaWaCibada.LMN20200825-ara1	['completed']	[]
0711IbnIbrahimCimadDinWasiti.NasihaFiSifatRabb.Shia002210-ara1	[]	[]
0711IbnIbrahimCimadDinWasiti.NasihaFiSifatRabb.Shamela0006487-ara1	[]	[]
0711IbnIbrahimCimadDinWasiti.NasihaFiSifatRabb.JK000325-ara1	[]	[]
0711IbnIbrahimCimadDinWasiti.MiftahTariqMuhibbin.LMN20200827-ara1	['completed']	[]
0711IbnIbrahimCimadDinWasiti.QawacidFiSuluk.LMN20200829-ara1	['completed']	[]
0711IbnIbrahimCimadDinWasiti.Tadhkira.LMN20200406-ara1	['completed']	[]
0708IbnIbrahimAbuJacfarGharnati.MalakTawilQatic.Shamela0001419-ara1	[]	[]
0708IbnIbrahimAbuJacfarGharnati.Burhan.Shamela0001388-ara1	[]	[]
0720IbnCumarKurdi.Juz.Shamela0027085-ara1	[]	[]
0719IbnHanash.YaqutatGhiyasa.Zaydiyya0000381-ara1	[]	[]
0709IbnTiqtaqa.FakhriFiAdab.Shamela0012400-ara1	['completed']	[]
0709IbnTiqtaqa.FakhriFiAdab.JK010372-ara1	[]	[]
0723IbnFuwati.Hawadith.Shamela0000400-ara1	[]	[]
0723IbnFuwati.Hawadith.JK009307-ara1	['completed']	[]
0723IbnAjrum.Ajrumiyya.Shamela0011371-ara1	[]	[]
0721IbnRushaydSabti.MalCayba.Shamela0012532-ara1	[]	[]
0721IbnRushaydSabti.SunanAbyan.JK000590-ara1	[]	[]
0721IbnRushaydSabti.SunanAbyan.Shamela0006011-ara1	[]	[]
0715RuknDinAstarabadhi.SharhShafiya.Shamela0011750-ara1	[]	[]
0720IbnSaigh.LamhaFiSharhMulha.Shamela0007341-ara1	[]	[]
0718IbnAhmadNabulusi.Cawali.Shamela0029481-ara1	[]	[]
0724IbnCattar.TuhfaTalibin.Shamela0000321-ara1	[]	[]
0724IbnCattar.TuhfaTalibin.JK010321-ara1	[]	[]
0724IbnCattar.Juz.Shamela0027101-ara1	[]	[]
0705SharafDinDimyatti.JuzMusafahatMuslim.Shamela0026565-ara1	[]	[]
0705SharafDinDimyatti.AhadithCawali.Shamela0030558-ara1	[]	[]
0705SharafDinDimyatti.ArbacunaAbdal.Shamela0010447-ara1	[]	[]
0705SharafDinDimyatti.Muwafaqiyyat.Shamela0030700-ara1	[]	[]
0705SharafDinDimyatti.MucjamShuyukh.Shamela0030652-ara1	[]	[]
0705SharafDinDimyatti.MucjamShuyukh.Shamela0030644-ara1	[]	[]
0705SharafDinDimyatti.MucjamShuyukh.Shamela0030257-ara1	[]	[]
0705SharafDinDimyatti.MucjamShuyukh.Shamela0030606-ara1	[]	[]
0705SharafDinDimyatti.MucjamShuyukh.Shamela0030594-ara1	[]	[]
0705SharafDinDimyatti.MucjamShuyukh.Shamela0030648-ara1	[]	[]
0705SharafDinDimyatti.MucjamShuyukh.Shamela0030620-ara1	[]	[]
0705SharafDinDimyatti.MucjamShuyukh.Shamela0030646-ara1	[]	[]
0705SharafDinDimyatti.Tasalli.Shamela0022301-ara1	[]	[]
0711IbnManzurIfriqi.MulhaqAghani.JK001138-ara1	['completed']	[]
0711IbnManzurIfriqi.NitharAzhar.Shamela0037632-ara1	[]	[]
0711IbnManzurIfriqi.MukhtasarTarikhDimashq.JK010346-ara1	[]	[]
0711IbnManzurIfriqi.MukhtasarTarikhDimashq.Sham30K0036513-ara1	[]	[]
0711IbnManzurIfriqi.MukhtasarTarikhDimashq.Sham30K0032488-ara1	[]	[]
0711IbnManzurIfriqi.MukhtasarTarikhDimashq.Shamela0003118-ara1	['completed']	[]
0711IbnManzurIfriqi.MukhtasarTarikhDimashq.Sham30K0003118-ara1	[]	[]
0711IbnManzurIfriqi.MukhtasarTarikhDimashq.Sham30K0040573-ara1	[]	[]
0711IbnManzurIfriqi.LisanCarab.JK000880-ara1	[]	[]
0711IbnManzurIfriqi.LisanCarab.Shamela0001687-ara1	[]	[]
0711IbnManzurIfriqi.LisanCarab.Shia003936Vols-ara1	[]	[]
0714AhmadGhibrini.CunwanDiraya.Shamela0096611-ara1	['completed']	[]
0702IbnDaqiqCidQushayri.Iqtirah.Shamela0005968-ara1	[]	[]
0702IbnDaqiqCidQushayri.Iqtirah.JK000780-ara1	[]	[]
0702IbnDaqiqCidQushayri.SharhArbacinaNawawiyya.Shamela0011244-ara1	[]	[]
0702IbnDaqiqCidQushayri.IhkamAhkamSharhCumdatAhkam.JK000710-ara1	[]	[]
0702IbnDaqiqCidQushayri.IhkamAhkamSharhCumdatAhkam.Shamela0001665-ara1	[]	[]
0702IbnDaqiqCidQushayri.IhkamAhkamSharhCumdatAhkam.JK000437-ara1	[]	[]
0702IbnDaqiqCidQushayri.IlmamBiAhadith.Shamela0005919-ara1	[]	[]
0702IbnDaqiqCidQushayri.IlmamBiAhadith.JK007057-ara1	[]	[]
0702IbnDaqiqCidQushayri.ArbacunaHadithanTusaciyatIsnad.Shamela0030246-ara1	[]	[]
0709IbnAbiFathShamsDinBacli.MatlacCalaAbwabMuqnic.JK000277-ara1	[]	[]
0709IbnAbiFathShamsDinBacli.MatlacCalaAbwabMuqnic.Shamela0011809-ara1	[]	[]
0717CalaDinIbnCabdZahir.RawdZahir.GVDB20200607-ara1	['completed']	[]
0721IbnMuhammadMarrakushi.CunwanDalil.Shamela0001594-ara1	[]	[]
0701SharafDinYunini.Mashyakha.Shamela0026722-ara1	['completed']	[]
0703MuhammadMarrakushi.DhaylWaTakmila.Shamela0001030-ara1	['completed']	[]
0703MuhammadMarrakushi.DhaylWaTakmila.JK011030-ara1	[]	[]
0827BadrDinDamaminiMakhzumi.CuyunGhamiza.Shamela0005421-ara1	[]	[]
0850ShihabDinIbshihi.Mustatraf.JK001336-ara1	[]	[]
0850ShihabDinIbshihi.Mustatraf.Shamela0023802-ara1	[]	[]
0840MahdiAhmadIbnYahyaHasani.Faraid.Zaydiyya0000337-ara1	[]	[]
0828IbnCinaba.CumdatTalib.Zaydiyya0000026-ara1	[]	[]
0828IbnCinaba.CumdatTalib.Shia001388-ara1	[]	[]
0841BurhanDinSibtIbnCajami.TabyinLiAsma.Shamela0001187-ara1	[]	[]
0841BurhanDinSibtIbnCajami.TabyinLiAsma.Shia003315-ara1	[]	[]
0841BurhanDinSibtIbnCajami.TabyinLiAsma.JK000501-ara1	[]	[]
0841BurhanDinSibtIbnCajami.KashfHathith.Shia003316-ara1	[]	[]
0841BurhanDinSibtIbnCajami.KashfHathith.JK000495-ara1	[]	[]
0841BurhanDinSibtIbnCajami.KashfHathith.Shamela0005832-ara1	[]	[]
0841BurhanDinSibtIbnCajami.Ightibat.Shamela0000130-ara1	[]	[]
0841BurhanDinSibtIbnCajami.Ightibat.JK000246-ara1	[]	[]
0850NizamDinNaysaburi.GharaibQuran.Shamela0023613-ara1	[]	[]
0850NizamDinNaysaburi.GharaibQuran.JK009268-ara1	[]	[]
0833IbnJazari.TahbirTaysir.JK009168-ara1	[]	[]
0833IbnJazari.TahbirTaysir.Shamela0005556-ara1	[]	[]
0833IbnJazari.ManaqibAsadGhalib.Shamela0012752-ara1	[]	[]
0833IbnJazari.ManaqibAsadGhalib.JK011068-ara1	[]	[]
0833IbnJazari.ManzumaJazariyya.Shamela0012093-ara1	[]	[]
0833IbnJazari.TamhidFiCulumTajwid.Shamela0008194-ara1	[]	[]
0833IbnJazari.MunjidMuqriyyin.Shamela0008677-ara1	[]	[]
0833IbnJazari.Cawali.Shamela0010831-ara1	[]	[]
0833IbnJazari.Nashr.Shamela0022642-ara1	[]	[]
0833IbnJazari.GhayaNihaya.Shamela0012040-ara1	[]	[]
0833IbnJazari.GhayaNihaya.JK010283-ara1	[]	[]
0833IbnJazari.DurraMudiyya.Shamela0007749-ara1	[]	[]
0833IbnJazari.DurraMudiyya.JK000887-ara1	[]	[]
0833IbnJazari.MatnTayyibaNashr.Shamela0007795-ara1	[]	[]
0833IbnJazari.ZahrFaih.JK010408-ara1	[]	[]
0833IbnJazari.ZahrFaih.Shamela0009102-ara1	[]	[]
0834IbnHamzaFanari.MisbahUns.Shia004692-ara1	[]	[]
0840IbnMiftah.SharhAzhar.Zaydiyya0000570-ara1	[]	[]
0840IbnWazirMuhammad.RawdBasim.Zaydiyya0000084-ara1	[]	[]
0838ShihabDinDalji.Falaka.Shamela0036075-ara1	[]	[]
0829IbnMuhammadGharnatiQaysi.TuhfatHukkam.Shamela0006532-ara1	[]	[]
0829IbnMuhammadGharnatiQaysi.HadaiqAzahir.Shamela0005406-ara1	[]	[]
0830IbnMuhammadBasiliTunisi.NukatWaTanbihat.Shamela0001731-ara1	[]	[]
0840IbnCabdAllahJundariImamMurtada.SharhAzhar.Zaydiyya0000275-ara1	[]	[]
0840IbnCabdAllahJundariImamMurtada.SharhAzhar.Shia000814Vols-ara1	[]	[]
0836FaqihYusuf.ThamaratYanica.Zaydiyya0000274-ara1	[]	[]
0848IbnSarrajAndalusi.Fatawa.Shamela0095578-ara1	[]	[]
0840IbnWazirYamani.CawasimWaQawasim.Shamela0029677-ara1	[]	[]
0840IbnWazirYamani.ItharHaqq.Shamela0005937-ara1	[]	[]
0840IbnWazirYamani.ItharHaqq.JK000966-ara1	[]	[]
0840IbnWazirYamani.RawdBasim.Shamela0036427-ara1	[]	[]
0844IbnHusaynIbnRaslanRamli.ZubdFiFiqh.JK000209-ara1	[]	[]
0844IbnHusaynIbnRaslanRamli.ZubdFiFiqh.Shamela0022364-ara1	[]	[]
0826IbnCabdAllahSuyuri.NadadQawacid.Shia001084-ara1	[]	[]
0837IbnCaliIbnHijjaHamawi.BulughAmal.Shamela0000567-ara1	[]	[]
0837IbnCaliIbnHijjaHamawi.BulughAmal.JK010567-ara1	[]	[]
0837IbnCaliIbnHijjaHamawi.KhizanatAdab.Shamela0008675-ara1	[]	[]
0837IbnCaliIbnHijjaHamawi.KhizanatAdab.JK001305-ara1	[]	[]
0837IbnCaliIbnHijjaHamawi.TayyibMadhaq.JK009204-ara1	[]	[]
0837IbnCaliIbnHijjaHamawi.ThamaratAwraq.Shamela0011056-ara1	[]	[]
0829TaqiDinDimashqiHisni.KifayatAkhyar.JK000119-ara1	[]	[]
0829TaqiDinDimashqiHisni.KifayatAkhyar.Shamela0006140-ara1	[]	[]
0829TaqiDinDimashqiHisni.DafcShubh.Shia003724-ara1	[]	[]
0829TaqiDinDimashqiHisni.DafcShubh.JK001011-ara1	[]	[]
0845Maqrizi.Suluk.JK007071-ara1	[]	[]
0845Maqrizi.Suluk.Shamela0006667-ara1	['completed']	[]
0845Maqrizi.TajridTawhid.Shamela0010045-ara1	[]	[]
0845Maqrizi.DuSari.Shamela0010830-ara1	[]	[]
0845Maqrizi.Muqaffa.Shamela19Y0145334-ara1	[]	[]
0845Maqrizi.Rasail.Shamela0010710-ara1	[]	[]
0845Maqrizi.FadlAlBayt.Shia003726-ara1	[]	[]
0845Maqrizi.MukhtasarKamil.Shamela0005848-ara1	[]	[]
0845Maqrizi.MukhtasarKamil.JK009182-ara1	[]	[]
0845Maqrizi.Mawaciz.Shamela0011566-ara1	['completed']	[]
0845Maqrizi.NizacWaTakhasum.Shia003725-ara1	[]	[]
0845Maqrizi.ItticazHunafa.Shamela0000176-ara1	[]	[]
0845Maqrizi.ItticazHunafa.JK009215-ara1	[]	[]
0845Maqrizi.MikhtasarKitabWitr.JK000581-ara1	[]	[]
0845Maqrizi.ImtacAsmac.Shia003616Vols-ara1	[]	[]
0845Maqrizi.ImtacAsmac.Shamela0001524-ara1	[]	[]
0845Maqrizi.Bayan.Shamela0009226-ara1	[]	[]
0845Maqrizi.Bayan.JK010319-ara1	[]	[]
0843IbnIsmacilJadhbati.DurraGharra.Shamela0009683-ara1	[]	[]
0843IbnIsmacilJadhbati.DurraGharra.JK007010-ara1	[]	[]
0826IbnCiraqi.TuhfaTahsil.Shamela0005838-ara1	[]	[]
0826IbnCiraqi.TuhfaTahsil.JK001255-ara1	[]	[]
0826IbnCiraqi.Mudallisin.Shamela0001176-ara1	[]	[]
0832AbuTayyibFasi.DhaylTaqyid.JK000680-ara1	[]	[]
0832AbuTayyibFasi.DhaylTaqyid.Shamela0008884-ara1	['completed']	[]
0832AbuTayyibFasi.ShifaGharam.Shamela0008362-ara1	[]	[]
0840ShihabDinBusiri.IthafKhayra.Shamela0021765-ara1	[]	[]
0840ShihabDinBusiri.MisbahZujaja.JK000312-ara1	[]	[]
0840ShihabDinBusiri.MisbahZujaja.Shamela0005635-ara1	[]	[]
0839MahdiAhmadIbnYahya.TakmilatAhkam.Zaydiyya0000033-ara1	[]	[]
0839MahdiAhmadIbnYahya.BahrZakhkhar.Zaydiyya0000063-ara1	[]	[]
0839MahdiAhmadIbnYahya.MatnAzhar.Zaydiyya0000060-ara1	[]	[]
0839MahdiAhmadIbnYahya.MatnAzhar.Zaydiyya0000489-ara1	[]	[]
0844IbnRassamHamawi.ArbacunaMinAhadithNabawiyya.Shamela0013129-ara1	[]	[]
0830IbnSulaymanHilli.MukhtasarBasair.Shia001389-ara1	[]	[]
0844ShamsDinMisri.MiftahSacidiyya.Shamela0096878-ara1	[]	[]
0844IbnKhalilCalaDinTarabulusi.MucinHukkam.Shamela0021600-ara1	[]	[]
0844IbnKhalilCalaDinTarabulusi.MucinHukkam.JK011699-ara1	[]	[]
0842IbnNasirDinDimashqi.TawdihMushtabih.Shamela0005812-ara1	[]	[]
0842IbnNasirDinDimashqi.TawdihMushtabih.JK007097-ara1	[]	[]
0842IbnNasirDinDimashqi.CarfCanbar.Shamela0009539-ara1	[]	[]
0842IbnNasirDinDimashqi.SalwatKaib.Shamela0006594-ara1	[]	[]
0842IbnNasirDinDimashqi.SalwatKaib.JK007020-ara1	[]	[]
0842IbnNasirDinDimashqi.AhadithSitta.Shamela0009353-ara1	[]	[]
0842IbnNasirDinDimashqi.TanwirFikra.Shamela0009393-ara1	[]	[]
0842IbnNasirDinDimashqi.RaddWafir.Shamela0006660-ara1	[]	[]
0842IbnNasirDinDimashqi.RaddWafir.JK000366-ara1	['completed']	[]
0842IbnNasirDinDimashqi.MajlisFiKhatmKitabShifa.Shamela0027088-ara1	[]	[]
0842IbnNasirDinDimashqi.AhadithArbacuna.Shamela0030248-ara1	[]	[]
0842IbnNasirDinDimashqi.ImlaAnfus.Shamela0009652-ara1	[]	[]
0842IbnNasirDinDimashqi.MajlisFiHadithJabir.JK000591-ara1	[]	[]
0842IbnNasirDinDimashqi.MajlisFiHadithJabir.Shia002239-ara1	[]	[]
0842IbnNasirDinDimashqi.MajlisFiHadithJabir.Shamela0009605-ara1	[]	[]
0841JamalDinIbnFahdHilli.CuddatDaci.Shia001391-ara1	[]	[]
0841JamalDinIbnFahdHilli.Tahsin.Shia001390-ara1	[]	[]
0841JamalDinIbnFahdHilli.RasailCashar.Shia000125-ara1	[]	[]
0841JamalDinIbnFahdHilli.MuhadhdhabBaric.Shia000126Vols-ara1	[]	[]
0835ShihabDinIbnJazari.SharhTayyibatNashr.Shamela0029596-ara1	[]	[]
0095CadiIbnRiqac.Diwan.JK007553-ara1	[]	[]
0090WaddahYaman.Diwan.JK007562-ara1	[]	[]
0080LaylaAkhyaliyya.Diwan.JK007559-ara1	[]	[]
0093IbnAbiRabica.Diwan.JK007556-ara1	[]	[]
0080UqayshirAsadi.Diwan.JK007539-ara1	[]	[]
0094ZaynCabidin.SahifaSajjadiyya.Zaydiyya0000014-ara1	[]	[]
0094ZaynCabidin.SahifaSajjadiya.Shia001112-ara1	['completed']	[]
0094ZaynCabidin.SahifaSajjadiya.Shia001111-ara2	['completed']	[]
0090RaciNumayriShacir.Diwan.JK007545-ara1	[]	[]
0082JamilButhayna.Diwan.JK007550-ara1	[]	[]
0085SulaymIbnQaysHilali.KitabSulaym.Shia001265-ara1	[]	[]
0090AkhtalShacir.Diwan.JK007544-ara1	[]	[]
0448HilalSabi.RusumDarKhilafa.Shamela0008173-ara1	[]	[]
0448HilalSabi.RusumDarKhilafa.JK006980-ara1	[]	[]
0448HilalSabi.TuhfaUmara.JK009368-ara1	[]	[]
0448HilalSabi.TuhfaUmara.Shamela0026106-ara1	['completed']	[]
0441IbnIflili.SharhShicrMutanabbi.Shamela0037065-ara1	[]	[]
0441IbnIflili.SharhShicrMutanabbi.Shamela0037327-ara1	[]	[]
0428IbnCabdAllahShirazi.Juz.Shamela0029752-ara1	[]	[]
0444AbuCamrDani.Naqt.Shamela0010920-ara1	[]	[]
0444AbuCamrDani.JamicBayanFiQiraatSabc.Shamela0037649-ara1	[]	[]
0444AbuCamrDani.BayanFiCaddAyyQuran.Shamela0005542-ara1	[]	[]
0444AbuCamrDani.BayanFiCaddAyyQuran.Shia002539-ara1	[]	[]
0444AbuCamrDani.BayanFiCaddAyyQuran.JK001013-ara1	[]	[]
0444AbuCamrDani.SunanWarida.JK000020-ara1	[]	[]
0444AbuCamrDani.SunanWarida.Shamela0013034-ara1	[]	[]
0444AbuCamrDani.RisalaWafiya.Shamela0026713-ara1	[]	[]
0444AbuCamrDani.MuqnicFiRasmMasahif.Shamela0010918-ara1	[]	[]
0444AbuCamrDani.MuktafiFiWaqf.Shamela0026461-ara1	[]	[]
0444AbuCamrDani.CilmHadith.Shamela0030386-ara1	[]	[]
0444AbuCamrDani.AhrufSabca.JK000453-ara1	[]	[]
0444AbuCamrDani.AhrufSabca.Shamela0005526-ara1	[]	[]
0444AbuCamrDani.MuhkamFiNaqtMasahif.Shamela0005552-ara1	[]	[]
0444AbuCamrDani.MuhkamFiNaqtMasahif.JK000438-ara1	[]	[]
0444AbuCamrDani.TaysirFiQiraatSabc.Shamela0005527-ara1	[]	[]
0444AbuCamrDani.TaysirFiQiraatSabc.JK001278-ara1	[]	[]
0444AbuCamrDani.FarqBaynaDaWaZa.Shamela0026988-ara1	[]	[]
0444AbuCamrDani.TahdidFiItqan.Shamela0026458-ara1	[]	[]
0435MuhallabAndalusi.MukhtasarNasih.Shamela0037837-ara1	[]	[]
0445AbuCabdAllahCalawi.TasmiyatManRawaCanImamZayd.Zaydiyya0000143-ara1	[]	[]
0445AbuCabdAllahCalawi.Tacazi.Zaydiyya0000140-ara1	[]	[]
0445AbuCabdAllahCalawi.JamicKafi.Zaydiyya0000364Vols-ara1	[]	[]
0445AbuCabdAllahCalawi.JamicKafi.Zaydiyya0000412Vols-ara1	[]	[]
0445AbuCabdAllahCalawi.JamicKafi.Zaydiyya0000055-ara2	[]	[]
0436AbuFadlMikali.Diwan.JK007581-ara1	[]	[]
0440AbuRayhanBiruni.Jamahir.Shamela0000699-ara1	[]	[]
0440AbuRayhanBiruni.Jamahir.JK010699-ara1	[]	[]
0440AbuRayhanBiruni.TahqiqMaLilHind.JK010648-ara1	[]	[]
0440AbuRayhanBiruni.TahqiqMaLilHind.Shamela0011655-ara1	[]	[]
0437IbnJamic.Hadith.Shamela0027086-ara1	[]	[]
0426IbnMuhammadBarqani.SualatLiDaruqutni.Shamela0011237-ara1	[]	[]
0446AbuYaclaKhalili.IrshadFiMacrifaCulama.JK000732-ara1	['completed']	[]
0446AbuYaclaKhalili.IrshadFiMacrifaCulama.Shamela0012993-ara1	[]	[]
0446AbuYaclaKhalili.Fawaid.Shamela0008240-ara1	[]	[]
0446AbuYaclaKhalili.Fawaid.JK011577-ara1	[]	[]
0428MihyarDaylami.Diwan.JK007630-ara1	[]	[]
0430IbnBushranBaghdadi.Amali.Shamela0029888-ara1	[]	[]
0430IbnBushranBaghdadi.Amali.Shamela0001453-ara1	[]	[]
0430IbnBushranBaghdadi.Amali.Shamela0012842-ara1	[]	[]
0430IbnBushranBaghdadi.Amali.Shamela0011431-ara1	[]	[]
0439IbnMuhammadKhallal.FadailSuratIkhlas.Shamela0013138-ara1	[]	[]
0439IbnMuhammadKhallal.FadailSuratIkhlas.JK001026-ara1	[]	[]
0439IbnMuhammadKhallal.FadailShahrRajab.Shamela0012744-ara1	[]	[]
0439IbnMuhammadKhallal.DhikrManLamYakunLahuIllaHadithWahid.Shamela0012546-ara1	[]	[]
0439IbnMuhammadKhallal.Amali.JK011420-ara1	[]	[]
0439IbnMuhammadKhallal.Amali.Shamela0009311-ara1	[]	[]
0439IbnMuhammadKhallal.Amali.Shamela0030446-ara1	[]	[]
0439IbnMuhammadKhallal.KaramatAwliya.Shamela0021650-ara1	[]	[]
0439IbnMuhammadKhallal.AkhbarThuqala.Shamela0026758-ara1	[]	[]
0445IbnCaliShajari.FadlZiyaratHusayn.Shia003690-ara1	[]	[]
0445IbnCaliShajari.FadlZiyaratHusayn.Zaydiyya0000123-ara1	[]	[]
0429IbnIbrahimSarakhsiQarrab.FadailRamy.Shamela0010269-ara1	[]	[]
0447IbnAyyubRazi.CawaliMalik.Shamela0026655-ara1	[]	[]
0446IbnCaliAhwazi.Wajiz.Shamela0011523-ara1	[]	[]
0430AswadGhundijani.FarhatAdib.JK010640-ara1	[]	[]
0430AswadGhundijani.FarhatAdib.Shamela0000640-ara1	[]	[]
0431IbnFadlMisri.Fawaid.Shamela0029767-ara1	[]	[]
0443IbnCaliBasri.HadithMalik.Shamela0021696-ara1	[]	[]
0450AnonTranslator.ArbacWaCishrunKalimaLiGhrighuriyus.GRAR000074-ara1	[]	[]
0436SharifMurtada.ShafiFiImama.Zaydiyya0000119-ara1	[]	[]
0436SharifMurtada.ShafiFiImama.Shia003996Vols-ara1	[]	[]
0436SharifMurtada.Dharica.Shia002746Vols-ara1	[]	[]
0436SharifMurtada.Intisar.Shia000017-ara1	[]	[]
0436SharifMurtada.MuqnicFiGhayba.Shia003688-ara1	[]	[]
0436SharifMurtada.Nasiriyyat.Shia000018-ara1	[]	[]
0436SharifMurtada.Rasail.Shia000019Vols-ara1	[]	[]
0436SharifMurtada.Amali.Shia001326Vols-ara1	[]	[]
0436SharifMurtada.TanzihAnbiya.Shia003689-ara1	[]	[]
0436HusaynSaymari.AkhbarAbiHanifa.JK000932-ara1	[]	[]
0436HusaynSaymari.AkhbarAbiHanifa.Shamela0006651-ara1	['completed']	[]
0441IbnCaliSuri.FawaidMuntaqat.Shamela0005693-ara1	[]	[]
0441IbnCaliSuri.FawaidMuntaqat.Shia002100-ara1	[]	[]
0441IbnCaliSuri.FawaidMuntaqat.JK000605-ara1	[]	[]
0441IbnCaliSuri.FawaidCawali.Shamela0012721-ara1	[]	[]
0441IbnCaliSuri.FawaidCawali.JK000602-ara1	[]	[]
0438IbnYusufJuwayni.RisalaFiIthbat.JK001045-ara1	[]	[]
0438IbnYusufJuwayni.RisalaFiIthbat.Shamela0006475-ara1	[]	[]
0438IbnYusufJuwayni.MawqifImam.Shamela0012106-ara1	[]	[]
0440IbnMuhammadSawwaq.Hadith.Shamela0021690-ara1	[]	[]
0426IbnCabdMalikAndalusi.TawabicWaZawabic.JK010545-ara1	[]	[]
0426IbnCabdMalikAndalusi.TawabicWaZawabic.Shamela0012858-ara1	[]	[]
0445IbnHasanZuzani.QishrFasr.Shamela0037491-ara1	[]	[]
0447AbuSalahHalabi.Kafi.Shia000023-ara1	[]	[]
0447AbuSalahHalabi.TaqribMacarif.Shia004000-ara1	[]	[]
0432IbnMuhammadNasafi.FadailQuran.Shamela0021315-ara1	[]	[]
0430MuwaffaqHusaynJurjani.Ictibar.Zaydiyya0000013-ara1	[]	[]
0433IbnCaliHarawi.IsfarFasih.Shamela0011724-ara1	[]	[]
0429IbnTahirBaghdadi.FarqBaynaFiraq.JK000334-ara1	[]	[]
0429IbnTahirBaghdadi.FarqBaynaFiraq.Shamela0006520-ara1	[]	[]
0450Najashi.Rijal.Shia002931-ara1	['completed']	[]
0450Najashi.Rijal.Zaydiyya0000188-ara1	[]	[]
0428IbnSina.QanunFiTibb.JK007079-ara1	[]	[]
0428IbnSina.QanunFiTibb.Shia004669Vols-ara1	[]	[]
0428IbnSina.QanunFiTibb.Shamela0010706-ara1	['completed']	[]
0428IbnSina.Mantiq.JK010704-ara1	['completed']	[]
0428IbnSina.IsharatWaTanbihat.Shamela0006534-ara1	['mARkdwon']	[]
0428IbnSina.IsharatWaTanbihat.JK001037-ara1	[]	[]
0428IbnSina.Siyasa.Shamela0007227-ara1	['completed']	[]
0428IbnSina.Siyasa.JK001313-ara1	[]	[]
0428IbnSina.Shifa.GRAR000034-ara1	['completed']	[]
0428IbnSina.Shifa.GRAR000035-ara1	['completed']	[]
0431IbnMuhammadZuzani.HamasatZurafa.Shamela0000752-ara1	[]	[]
0431IbnMuhammadZuzani.HamasatZurafa.JK010752-ara1	[]	[]
0444IbnSacidSijzi.RisalaFiRadd.Shamela0011213-ara1	[]	[]
0450AbuHasanMawardi.AdabDunyaWaDin.JK011658-ara1	[]	[]
0450AbuHasanMawardi.AdabDunyaWaDin.Shamela0000765-ara1	[]	[]
0450AbuHasanMawardi.HawiKabir.Shamela0006157-ara1	[]	[]
0450AbuHasanMawardi.HawiKabir.JK009139-ara1	[]	[]
0450AbuHasanMawardi.AclamNubuwwa.JK000545-ara1	[]	[]
0450AbuHasanMawardi.AclamNubuwwa.Shamela0009768-ara1	[]	[]
0450AbuHasanMawardi.NukatWaCuyun.JK009396-ara1	[]	[]
0450AbuHasanMawardi.NukatWaCuyun.Shamela0008346-ara1	[]	[]
0450AbuHasanMawardi.DurarSuluk.JK001238-ara1	[]	[]
0450AbuHasanMawardi.DurarSuluk.Shamela0007242-ara1	[]	[]
0450AbuHasanMawardi.TashilNazar.JK001269-ara1	[]	[]
0450AbuHasanMawardi.TashilNazar.Shamela0007239-ara1	[]	[]
0450AbuHasanMawardi.AhkamSultaniyya.JK001309-ara1	[]	[]
0450AbuHasanMawardi.AhkamSultaniyya.Shamela0022881-ara1	['completed']	[]
0450AbuHasanMawardi.IqnacFiFiqh.JK000290-ara1	[]	[]
0450AbuHasanMawardi.IqnacFiFiqh.Shamela0006120-ara1	[]	[]
0449AbuCalaMacarri.RisalatGhifran.Shamela0001589-ara1	[]	[]
0449AbuCalaMacarri.RisalatGhifran.JK009234-ara1	[]	[]
0449AbuCalaMacarri.TafsirAbyat.Shamela0000780-ara1	[]	[]
0449AbuCalaMacarri.TafsirAbyat.JK010780-ara1	[]	[]
0449AbuCalaMacarri.RisalatSahilWaShajih.Shamela0000563-ara1	[]	[]
0449AbuCalaMacarri.RisalatMalaika.JK009294-ara1	[]	[]
0449AbuCalaMacarri.RisalatMalaika.Shamela0012817-ara1	[]	[]
0449AbuCalaMacarri.Diwan.JK007580-ara1	[]	[]
0449AbuCalaMacarri.FusulWaGhayat.JK010612-ara1	[]	[]
0449AbuCalaMacarri.FusulWaGhayat.Shamela0000612-ara1	[]	[]
0449AbuCalaMacarri.MucjizAhmad.JK010753-ara1	[]	[]
0449AbuCalaMacarri.MucjizAhmad.Shamela0000753-ara1	[]	[]
0428IbnManjuwayhIsbahani.RijalSahihMuslim.JK000670-ara1	[]	[]
0428IbnManjuwayhIsbahani.RijalSahihMuslim.Shamela0005860-ara1	['completed']	[]
0426IbnAhmadIbnShadhan.MashyakhaSughra.Shamela0005723-ara1	[]	[]
0426IbnAhmadIbnShadhan.MashyakhaSughra.JK001230-ara1	['completed']	[]
0426IbnAhmadIbnShadhan.Hadith.Shamela0029972-ara1	[]	[]
0426IbnAhmadIbnShadhan.Juz.Shamela0029751-ara1	[]	[]
0442Tanukhi.TarikhCulamaNahwiyyin.Shamela0001386-ara1	['completed']	[]
0442Tanukhi.TarikhCulamaNahwiyyin.JK010105-ara1	[]	[]
0449AbuFathKarajiki.DalilNass.Shia004002-ara1	[]	[]
0449AbuFathKarajiki.MacdanJawahir.Zaydiyya0000228-ara1	[]	[]
0449AbuFathKarajiki.MacdanJawahir.Shia001333-ara1	[]	[]
0449AbuFathKarajiki.Tacajjub.Shia001331-ara1	[]	[]
0449AbuFathKarajiki.Tacajjub.Zaydiyya0000116-ara1	[]	[]
0449AbuFathKarajiki.KanzFawaid.Zaydiyya0000201-ara1	[]	[]
0449AbuFathKarajiki.KanzFawaid.Shia001332-ara1	[]	[]
0449AbuFathKarajiki.Istibsar.Shia001330-ara1	[]	[]
0449AbuFathKarajiki.QawlMubin.Shia004001-ara1	[]	[]
0437MakkiIbnHammushQaysi.Ibana.Shamela0008676-ara1	[]	[]
0437MakkiIbnHammushQaysi.Hidaya.Shamela0022593-ara1	['completed']	[]
0437MakkiIbnHammushQaysi.MushkilIcrabQuran.JK000445-ara1	[]	[]
0437MakkiIbnHammushQaysi.MushkilIcrabQuran.Shamela0005538-ara1	[]	[]
0448SallarIbnCabdCaziz.MarasimCalawiyya.Shia000024-ara1	[]	[]
0450TabghurinMalshuti.MatnJihalat.ShamIbadiyya0000434-ara1	[]	[]
0450TabghurinMalshuti.UsulDin.ShamIbadiyya0000431-ara1	[]	[]
0427Sahmi.Sualat.Shamela0002491-ara1	[]	[]
0427Sahmi.TarikhJurjan.JK000496-ara1	[]	[]
0427Sahmi.TarikhJurjan.Shamela0011077-ara1	['mARkdwon']	[]
0427Sahmi.TarikhJurjan.Shia003487-ara1	[]	[]
0430AbuNucaymIsbahani.Ducafa.Shia003128-ara1	[]	[]
0430AbuNucaymIsbahani.Ducafa.Shamela0005843-ara1	[]	[]
0430AbuNucaymIsbahani.Ducafa.JK000502-ara1	['completed']	[]
0430AbuNucaymIsbahani.MajlisMinAmali.Shamela0005709-ara1	[]	[]
0430AbuNucaymIsbahani.MajlisMinAmali.JK000505-ara1	[]	[]
0430AbuNucaymIsbahani.MajlisMinAmali.JK000750-ara1	[]	[]
0430AbuNucaymIsbahani.MajlisMinAmali.Shamela0013080-ara1	[]	[]
0430AbuNucaymIsbahani.AhadithMusnadaFiAbwabQada.Shamela0009853-ara1	[]	[]
0430AbuNucaymIsbahani.MasanidAbiYahyaKufi.JK000611-ara1	[]	[]
0430AbuNucaymIsbahani.MasanidAbiYahyaKufi.Shamela0010659-ara1	[]	[]
0430AbuNucaymIsbahani.MasanidAbiYahyaKufi.Shia001877-ara1	[]	[]
0430AbuNucaymIsbahani.TathbitImama.JK011454-ara1	[]	[]
0430AbuNucaymIsbahani.Amali.Shia002096-ara1	[]	[]
0430AbuNucaymIsbahani.FadailKhulafaRashidin.Shamela0008237-ara1	[]	[]
0430AbuNucaymIsbahani.FadailKhulafaRashidin.JK011558-ara1	[]	[]
0430AbuNucaymIsbahani.MacrifaSahaba.JK009408-ara1	['completed']	[]
0430AbuNucaymIsbahani.MacrifaSahaba.Shamela0010490-ara1	[]	[]
0430AbuNucaymIsbahani.MusnadMustakhrajCalaSahihMuslim.Shamela0005562-ara1	[]	[]
0430AbuNucaymIsbahani.MusnadMustakhrajCalaSahihMuslim.JK000977-ara1	[]	[]
0430AbuNucaymIsbahani.TuruqHadithInnaLillah99Isman.JK000848-ara1	[]	[]
0430AbuNucaymIsbahani.TuruqHadithInnaLillah99Isman.Shia002098-ara1	[]	[]
0430AbuNucaymIsbahani.TuruqHadithInnaLillah99Isman.Shamela0021783-ara1	[]	[]
0430AbuNucaymIsbahani.TasmiyaMaIntahaIlayna.JK000717-ara1	['completed']	[]
0430AbuNucaymIsbahani.TasmiyaMaIntahaIlayna.Shamela0008224-ara1	[]	[]
0430AbuNucaymIsbahani.TasmiyaMaIntahaIlayna.Shia002097-ara1	[]	[]
0430AbuNucaymIsbahani.TarikhIsbahan.Shia003488Vols-ara1	['mARkdwon']	[]
0430AbuNucaymIsbahani.TarikhIsbahan.JK003506-ara1	[]	[]
0430AbuNucaymIsbahani.TarikhIsbahan.JK011254-ara1	[]	[]
0430AbuNucaymIsbahani.TarikhIsbahan.Shamela0001714-ara1	[]	[]
0430AbuNucaymIsbahani.HilyaAwliya.JK000022-ara1	['completed']	[]
0430AbuNucaymIsbahani.HilyaAwliya.Shamela0010495-ara1	[]	[]
0430AbuNucaymIsbahani.DhikrManIsmuhuShucba.JK001241-ara1	['completed']	[]
0430AbuNucaymIsbahani.DhikrManIsmuhuShucba.Shamela0013181-ara1	[]	[]
0430AbuNucaymIsbahani.ImamaWaRaddCalaRafida.Shamela0008221-ara1	[]	[]
0430AbuNucaymIsbahani.ImamaWaRaddCalaRafida.Shamela0006449-ara1	[]	[]
0430AbuNucaymIsbahani.ImamaWaRaddCalaRafida.JK009185-ara1	[]	[]
0430AbuNucaymIsbahani.MusnadAbiHanifa.JK000736-ara1	[]	[]
0430AbuNucaymIsbahani.MusnadAbiHanifa.Shamela0006721-ara1	[]	[]
0430AbuNucaymIsbahani.MusnadAbiHanifa.Shia002099-ara1	[]	[]
0430AbuNucaymIsbahani.ArbacunaMinTibb.Shamela0029766-ara1	[]	[]
0430AbuNucaymIsbahani.ArbacunaCalaMadhhabMutahaqqiqinMinSufiyya.Shamela0008246-ara1	[]	[]
0430AbuNucaymIsbahani.MuntakhabMinShucara.Shamela0027105-ara1	[]	[]
0430AbuNucaymIsbahani.TibbNabawi.Shamela0026429-ara1	[]	[]
0430AbuNucaymIsbahani.DalailNubuwwa.Shamela0010637-ara1	[]	[]
0430AbuNucaymIsbahani.RiyadatAbdan.Shamela0013118-ara1	[]	[]
0430AbuNucaymIsbahani.RiyadatAbdan.JK000596-ara1	[]	[]
0430AbuNucaymIsbahani.JuzAhadithCanAbiCaliSawwaf.JK011498-ara1	[]	[]
0430AbuNucaymIsbahani.JuzAhadithCanAbiCaliSawwaf.Shamela0009416-ara1	[]	[]
0430AbuNucaymIsbahani.FadilatCadilin.JK000860-ara1	[]	[]
0430AbuNucaymIsbahani.FadilatCadilin.Shamela0013141-ara1	[]	[]
0430AbuNucaymIsbahani.TasmiyyaMaIntahaIlaynaMinRuwat.JK011458-ara1	[]	[]
0430AbuNucaymIsbahani.TasmiyyaMaIntahaIlaynaMinRuwat.Shamela0009312-ara1	['completed']	[]
0430AbuNucaymIsbahani.MuntakhabMinHadithYunusIbnCubayd.Shamela0030552-ara1	[]	[]
0430AbuNucaymIsbahani.SifatNifaq.Shamela0021485-ara1	[]	[]
0430AbuNucaymIsbahani.SifatJanna.Shamela0021602-ara1	[]	[]
0430AbuNucaymIsbahani.SifatJanna.JK009155-ara1	[]	[]
0433IbnAhmadCamidi.IbanaCanSariqat.Shamela0037468-ara1	[]	[]
0434IbnAhmadHarawi.Masmucat.Shamela0009855-ara1	[]	[]
0434IbnAhmadHarawi.Fawaid.JK001095-ara1	[]	[]
0434IbnAhmadHarawi.Fawaid.Shamela0013143-ara1	[]	[]
0441IbnMuhammadCatiqi.Takhrij.Shamela0022334-ara1	[]	[]
0443IbnCaliShamukhi.Ahadith.JK000586-ara1	[]	[]
0443IbnCaliShamukhi.Ahadith.Shamela0008272-ara1	[]	[]
0443IbnCaliShamukhi.Ahadith.Shia002101-ara1	[]	[]
0440IbnMuhammadHimyari.Badic.Shamela0001704-ara1	[]	[]
0440IbnMuhammadHimyari.Badic.JK010723-ara1	[]	[]
0427IbnMuhammadThacalibi.JawahirHisan.JK000449-ara1	[]	[]
0427IbnMuhammadThacalibi.KashfWaBayan.Shia002529Vols-ara1	[]	[]
0427IbnMuhammadThacalibi.KashfWaBayan.JK007093-ara1	[]	[]
0427IbnMuhammadThacalibi.KashfWaBayan.Shamela0023578-ara1	['completed']	[]
0444IbnAbiHawl.FadailSham.Shamela0026527-ara1	[]	[]
0444AbuFadlIbnMahdi.DhikrShuyukh.Shamela0021641-ara1	[]	[]
0427IbnCaliShahrazuri.Hadith.Shamela0021691-ara1	[]	[]
0436IbnCaliBasri.MuctamadFiUsulFiqh.JK000231-ara1	[]	[]
0436IbnCaliBasri.MuctamadFiUsulFiqh.Shamela0006319-ara1	[]	[]
0429AbuMansurThacalibi.AhsanMaSamictu.Shamela0025011-ara1	['no-ext', 'mARkdwon']	['no-ext']
0429AbuMansurThacalibi.MutanabbiWaMaLahu.Shamela0037032-ara1	['no-ext', 'completed']	['no-ext']
0429AbuMansurThacalibi.Rasail.Shamela0000623-ara1	['completed']	[]
0429AbuMansurThacalibi.Rasail.JK010623-ara1	[]	[]
0429AbuMansurThacalibi.Diwan.JK007585-ara1	['completed']	[]
0429AbuMansurThacalibi.ThimarQulub.JK000982-ara1	[]	[]
0429AbuMansurThacalibi.ThimarQulub.Shamela0006896-ara1	['mARkdwon']	[]
0429AbuMansurThacalibi.IcjazWaIjaz.Shamela0023741-ara1	['no-ext', 'completed']	['no-ext']
0429AbuMansurThacalibi.IcjazWaIjaz.JK009260-ara1	[]	[]
0429AbuMansurThacalibi.TahsinQabih.JK009363-ara1	[]	[]
0429AbuMansurThacalibi.TahsinQabih.Shamela0006040-ara1	['completed']	[]
0429AbuMansurThacalibi.Muntahal.JK010736-ara1	[]	[]
0429AbuMansurThacalibi.Muntahal.Shamela0021105-ara1	['completed']	[]
0429AbuMansurThacalibi.ManGhabaCanhuMutrib.Shamela0028115-ara1	['completed']	[]
0429AbuMansurThacalibi.ManGhabaCanhuMutrib.JK010591-ara1	[]	[]
0429AbuMansurThacalibi.Tamthil.Shamela0005683-ara1	['completed']	[]
0429AbuMansurThacalibi.Tamthil.JK010529-ara1	[]	[]
0429AbuMansurThacalibi.Lutf.Shamela0000595-ara1	['completed']	[]
0429AbuMansurThacalibi.KhassKhass.JK009322-ara1	[]	[]
0429AbuMansurThacalibi.KhassKhass.Shamela0007830-ara1	['no-ext', 'completed']	['no-ext']
0429AbuMansurThacalibi.SihrBalagha.Shamela0008279-ara1	['completed']	[]
0429AbuMansurThacalibi.SihrBalagha.JK009267-ara1	[]	[]
0429AbuMansurThacalibi.DurarHikam.Shamela0001399-ara1	['no-ext', 'mARkdwon', 'completed']	['no-ext', 'completed']
0429AbuMansurThacalibi.LubabAdab.Shamela0000418-ara1	[]	[]
0429AbuMansurThacalibi.LubabAdab.JK009320-ara1	[]	[]
0429AbuMansurThacalibi.YatimaDahr.Shia004644Vols-ara1	[]	[]
0429AbuMansurThacalibi.YatimaDahr.Shamela0006743-ara1	['completed']	[]
0429AbuMansurThacalibi.YatimaDahr.JK001317-ara1	[]	[]
0429AbuMansurThacalibi.FiqhLugha.Shamela0011235-ara1	['completed']	[]
0429AbuMansurThacalibi.FiqhLugha.JK010074-ara1	[]	[]
0429AbuMansurThacalibi.LataifWaZaraif.Shamela0010509-ara1	['completed']	[]
0429AbuMansurThacalibi.Shakwa.Shamela0022892-ara1	['no-ext', 'completed']	['no-ext']
0429IbnShihabCukburi.RisalaFiUsulFiqh.JK006965-ara1	[]	[]
0429IbnShihabCukburi.RisalaFiUsulFiqh.Shamela0006311-ara1	[]	[]
1221HasanHaydara.MatlacAqmar.Zaydiyya0000021-ara1	[]	[]
1206IbnCaliSabbanShafici.HashiyaCalaSharhAshmuni.Shamela0011539-ara1	[]	[]
1218IbnMuhammadIbnSacud.RisalaMuhimma.Shamela0011226-ara1	[]	[]
1212BahrCulum.FawaidRijaliya.Shia002964Vols-ara1	[]	[]
1206Muradi.SilkDurar.Shamela0009607-ara1	['completed']	[]
1223DiyaDinThamini.TajManzur.ShamIbadiyya0000773-ara1	[]	[]
1223DiyaDinThamini.MatnKitabNil.ShamIbadiyya0000562-ara1	[]	[]
1204SulaymanJamal.Hashiya.Shamela0021598-ara1	[]	[]
1204SulaymanJamal.Hashiya.JK007041-ara1	[]	[]
1216HusaynBahraniAlCusfur.TatimmatHadaiq.Shia000261Vols-ara1	[]	[]
1207IbnAhmadCabdQadirKawkabani.FulkQamus.JK001088-ara1	[]	[]
1207IbnAhmadCabdQadirKawkabani.FulkQamus.Shamela0007059-ara1	[]	[]
1221IbnMuhammadBujayrimiMisri.TuhfatHabib.JK009248-ara1	[]	[]
1221IbnMuhammadBujayrimiMisri.TuhfatHabib.Shamela0021599-ara1	[]	[]
1221IbnMuhammadBujayrimiMisri.TajridLiNafcCabid.JK000208-ara1	[]	[]
1221IbnMuhammadBujayrimiMisri.TajridLiNafcCabid.Shamela0021603-ara1	[]	[]
1205MurtadaZabidi.TajCarus.Shia003965Vols-ara1	[]	[]
1205MurtadaZabidi.TajCarus.JK007140-ara1	[]	[]
1205MurtadaZabidi.TajCarus.Shamela0007030-ara1	[]	[]
1205MurtadaZabidi.HikmatIshraf.Shamela0095576-ara1	[]	[]
1205MurtadaZabidi.BulghatArib.JK000994-ara1	[]	[]
1205MurtadaZabidi.BulghatArib.Shamela0005980-ara1	[]	[]
1205MurtadaZabidi.Amali.Shamela0010479-ara1	[]	[]
1225IbnGhannamMalikiNajdi.CiqdThamin.Shamela0008514-ara1	[]	[]
1205MuhammadBaqirWahidBahbahani.RasailFiqhiyya.Shia000259-ara1	[]	[]
1205MuhammadBaqirWahidBahbahani.TacliqaCalaManhaj.Shia002962-ara1	[]	[]
1205MuhammadBaqirWahidBahbahani.HashiyatMajmacFaidaWaBurhan.Shia000260-ara1	[]	[]
1205MuhammadBaqirWahidBahbahani.FawaidHairiya.Shia002963-ara1	[]	[]
1206IbnCabdWahhab.TafsirAyatMinQuran.JK006889-ara1	[]	[]
1206IbnCabdWahhab.TafsirAyatMinQuran.Shia002695-ara1	[]	[]
1206IbnCabdWahhab.TafsirAyatMinQuran.Shamela0011099-ara1	[]	[]
1206IbnCabdWahhab.JawahirMudiyya.Shamela0007603-ara1	[]	[]
1206IbnCabdWahhab.UsulIman.Shamela0001395-ara1	[]	[]
1206IbnCabdWahhab.UsulIman.JK000799-ara1	[]	[]
1206IbnCabdWahhab.UsulIman.Shamela0007504-ara1	[]	[]
1206IbnCabdWahhab.KashfShubuhat.Shamela0030850-ara1	[]	[]
1206IbnCabdWahhab.KashfShubuhat.JK006871-ara1	[]	[]
1206IbnCabdWahhab.RasailShakhsiyya.Shamela0007629-ara1	[]	[]
1206IbnCabdWahhab.RasailShakhsiyya.JK006891-ara1	[]	[]
1206IbnCabdWahhab.MukhtasarZadMacad.Shamela0031457-ara1	[]	[]
1206IbnCabdWahhab.MukhtasarZadMacad.JK006890-ara1	[]	[]
1206IbnCabdWahhab.AhkamSalat.Shamela0007488-ara1	[]	[]
1206IbnCabdWahhab.UsulDin.Shamela0000350-ara1	[]	[]
1206IbnCabdWahhab.MukhtasarInsaf.Shamela0001685-ara1	[]	[]
1206IbnCabdWahhab.MukhtasarInsaf.JK006878-ara1	[]	[]
1206IbnCabdWahhab.MacnaLaIlahaIllaLlah.JK011797-ara1	[]	[]
1206IbnCabdWahhab.MacnaLaIlahaIllaLlah.Shamela0030882-ara1	[]	[]
1206IbnCabdWahhab.QawacidArbaca.JK006873-ara1	[]	[]
1206IbnCabdWahhab.QawacidArbaca.Shamela0008524-ara1	[]	[]
1206IbnCabdWahhab.AdabMashyIlaSalat.Shamela0031246-ara1	[]	[]
1206IbnCabdWahhab.AdabMashyIlaSalat.Shamela0007495-ara1	[]	[]
1206IbnCabdWahhab.AdabMashyIlaSalat.JK006883-ara1	[]	[]
1206IbnCabdWahhab.CaqidaFirqaNajiya.JK000353-ara1	[]	[]
1206IbnCabdWahhab.BacdFawaidSulhHudaybiyya.Shamela0011070-ara1	[]	[]
1206IbnCabdWahhab.BacdFawaidSulhHudaybiyya.JK006894-ara1	[]	[]
1206IbnCabdWahhab.MufidMustafid.JK006875-ara1	[]	[]
1206IbnCabdWahhab.MufidMustafid.Shamela0012078-ara1	[]	[]
1206IbnCabdWahhab.MasailLakhkhasahaIbnCabdWahhab.JK006892-ara1	[]	[]
1206IbnCabdWahhab.MasailLakhkhasahaIbnCabdWahhab.Shamela0011572-ara1	[]	[]
1206IbnCabdWahhab.MukhtasarTafsirSuratAnfal.Shia002696-ara1	[]	[]
1206IbnCabdWahhab.MukhtasarTafsirSuratAnfal.JK006893-ara1	[]	[]
1206IbnCabdWahhab.MukhtasarTafsirSuratAnfal.Shamela0011383-ara1	[]	[]
1206IbnCabdWahhab.RisalaFiRaddCalaRafida.JK006895-ara1	[]	[]
1206IbnCabdWahhab.RisalaFiRaddCalaRafida.Shamela0011217-ara1	[]	[]
1206IbnCabdWahhab.Tawhid.JK006870-ara1	[]	[]
1206IbnCabdWahhab.Tawhid.Shia004041-ara1	[]	[]
1206IbnCabdWahhab.Tawhid.Shamela0011318-ara1	[]	[]
1206IbnCabdWahhab.MansikHajj.Shamela0012092-ara1	[]	[]
1206IbnCabdWahhab.MuallafatIbnCabdWahhab.JK000348-ara1	[]	[]
1206IbnCabdWahhab.ThalathatUsul.Shamela0011126-ara1	[]	[]
1206IbnCabdWahhab.ThalathatUsul.Shamela0000239-ara1	[]	[]
1206IbnCabdWahhab.ThalathatUsul.JK006872-ara1	[]	[]
1206IbnCabdWahhab.Fatawa.Shamela0011324-ara1	[]	[]
1206IbnCabdWahhab.Fatawa.JK006887-ara1	[]	[]
1206IbnCabdWahhab.Hadith.Shamela0012061-ara1	[]	[]
1206IbnCabdWahhab.Hadith.JK006897-ara1	[]	[]
1206IbnCabdWahhab.FadlIslam.JK006874-ara1	[]	[]
1206IbnCabdWahhab.FadlIslam.Shamela0011221-ara1	[]	[]
1206IbnCabdWahhab.AhkamTamanniMawt.JK006884-ara1	[]	[]
1206IbnCabdWahhab.AhkamTamanniMawt.Shamela0007489-ara1	[]	[]
1206IbnCabdWahhab.FadailQuran.Shamela0011328-ara1	[]	[]
1206IbnCabdWahhab.FadailQuran.JK006888-ara1	[]	[]
1206IbnCabdWahhab.ArbacQawacidTaduruAhkamCalayha.JK006879-ara1	[]	[]
1206IbnCabdWahhab.ArbacQawacidTaduruAhkamCalayha.Shamela0007499-ara1	[]	[]
1206IbnCabdWahhab.MajmucatRasailFiTawhid.JK006876-ara1	[]	[]
1206IbnCabdWahhab.MajmucatRasailFiTawhid.Shamela0011381-ara1	[]	[]
1206IbnCabdWahhab.ShurutSalat.JK006882-ara1	[]	[]
1206IbnCabdWahhab.ShurutSalat.Shamela0011266-ara1	[]	[]
1206IbnCabdWahhab.KitabTahara.JK006881-ara1	[]	[]
1206IbnCabdWahhab.KitabTahara.Shamela0008383-ara1	[]	[]
1206IbnCabdWahhab.MasailJahiliyya.Shamela0008137-ara1	[]	[]
1206IbnCabdWahhab.MasailJahiliyya.JK000805-ara1	[]	[]
1206IbnCabdWahhab.MabhathIjtihadWaKhilaf.Shamela0011369-ara1	[]	[]
1206IbnCabdWahhab.MabhathIjtihadWaKhilaf.JK006880-ara1	[]	[]
1206IbnCabdWahhab.Kabair.JK006877-ara1	[]	[]
1206IbnCabdWahhab.Kabair.Shamela0001467-ara1	[]	[]
1206IbnCabdWahhab.Kabair.Shamela0008531-ara1	[]	[]
1206IbnCabdWahhab.KhutabMinbariyya.JK006896-ara1	[]	[]
1206IbnCabdWahhab.KhutabMinbariyya.Shamela0007612-ara1	[]	[]
1206IbnCabdWahhab.MukhtasarSira.JK006886-ara1	[]	[]
1206IbnCabdWahhab.MukhtasarSira.Shamela0031465-ara1	[]	[]
1206IbnCabdWahhab.AhadithFiFitan.Shamela0007485-ara1	[]	[]
1206IbnCabdWahhab.AhadithFiFitan.Shamela0007486-ara1	[]	[]
1206IbnCabdWahhab.AhadithFiFitan.JK006898-ara1	[]	[]
1206IbnCabdWahhab.RisalaMufida.Shamela0007637-ara1	[]	[]
1210SulaymanAkhIbnCabdWahhab.SawaciqIlahiyya.Shia004518-ara1	[]	[]
1210SulaymanAkhIbnCabdWahhab.FaslKhitab.Shia004519-ara1	[]	[]
1218SalihFulani.IqazHimam.JK000041-ara1	[]	[]
1218SalihFulani.IqazHimam.Shamela0006856-ara1	[]	[]
1218SalihFulani.QatfThamar.JK000957-ara1	[]	[]
1218SalihFulani.QatfThamar.Shamela0010730-ara1	[]	[]
1207SacidKindi.TafsirMuyassar.ShamIbadiyya0000075-ara1	[]	[]
1224IbnMuhammadIbnCajibaFasiSufi.BahrMadid.Shamela0010273-ara1	[]	[]
1201AhmadDardidAbuBarakat.SharhKabir.JK000193-ara1	[]	[]
1201AhmadDardidAbuBarakat.SharhKabir.Shia000918Vols-ara1	[]	[]
1221HusaynSiyaghi.ManhajMunir.Zaydiyya0000059-ara1	[]	[]
1212WahidBahbahani.FawaidRijaliya.Shia002961-ara1	[]	[]
1225IbnNasirNajdi.RasailWaFatawa.Shamela0011210-ara1	[]	[]
1225IbnNasirNajdi.MajmucatRasail.Shamela0011380-ara1	[]	[]
1225IbnNasirNajdi.RasailFiqhiyya.Shamela0011276-ara1	[]	[]
1225IbnNasirNajdi.FawakihCidhab.JK010001-ara1	[]	[]
1225IbnNasirNajdi.FawakihCidhab.Shamela0000001-ara1	[]	[]
1225IbnNasirNajdi.TuhfaMadaniyya.Shamela0008585-ara1	[]	[]
1225IbnNasirNajdi.TuhfaMadaniyya.JK001254-ara1	[]	[]
1220CabdAllahShubbar.AnwarLamica.Shia001554-ara1	[]	[]
1211KazimUzri.Uzriyya.Shia003751-ara1	[]	[]
1211KazimUzri.DiwanUzri.Shia004045-ara1	[]	[]
1221IbnAhmadSayyaghi.TuhfatMushtaq.JK010662-ara1	[]	[]
1221IbnAhmadSayyaghi.TuhfatMushtaq.Shamela0000662-ara1	[]	[]
1209MuhammadMahdiNiraqi.JamicJawamicCulum.Shia002396-ara1	[]	[]
1209MuhammadMahdiNiraqi.JamicSacadat.Shia004042Vols-ara1	[]	[]
1225ThanaAllahPanipati.TafsirMazhari.Shamela0021766-ara1	[]	[]
0792IbnCabdAllahRimiSardafi.MacaniBadica.Shamela0095560-ara1	[]	[]
0792IbnCumarTaftazani.MukhtasarMacani.Shia003956-ara1	[]	[]
0792IbnCumarTaftazani.SharhMaqasid.Shia004501Vols-ara1	[]	[]
0792IbnCumarTaftazani.SharhMaqasid.JK001157-ara1	[]	[]
0792IbnCumarTaftazani.TalwihCalaTawdih.JK007110-ara1	[]	[]
0792IbnCumarTaftazani.TalwihCalaTawdih.Shamela0009508-ara1	[]	[]
0800IbnAhmadAbuCabdAllahSalimi.IsharaIlaCilmCibara.JK006857-ara1	[]	[]
0800IbnAhmadAbuCabdAllahSalimi.IsharaIlaCilmCibara.Shamela0010698-ara1	[]	[]
0779IbnHabibHalabi.NasimSaba.JK010575-ara1	[]	[]
0779IbnHabibHalabi.NasimSaba.Shamela0000575-ara1	[]	[]
0779IbnHabibHalabi.MuqtafaMinSiratMustafa.Shamela0006582-ara1	[]	[]
0779IbnHabibHalabi.MuqtafaMinSiratMustafa.JK001164-ara1	[]	[]
0800AbuHafsCamrIbnJamic.CaqidatTawhid.ShamIbadiyya0000313-ara1	[]	[]
0800IbnSulaymanCizzDinHilli.Mukhtasar.Shia001387-ara1	[]	[]
0793AbuHasanMalaqi.TarikhQudat.JK009319-ara1	[]	[]
0793AbuHasanMalaqi.TarikhQudat.Shamela0004363-ara1	['completed']	[]
0800IbnAbiHasanDaylami.AclamDin.Shia004021-ara1	[]	[]
0790IbnMusaGharnatiShatibi.Muwafaqat.Shamela0011435-ara1	[]	[]
0790IbnMusaGharnatiShatibi.Muwafaqat.JK000279-ara1	[]	[]
0790IbnMusaGharnatiShatibi.Ictisam.Shamela0021720-ara1	[]	[]
0790IbnMusaGharnatiShatibi.Ictisam.JK000967-ara1	[]	[]
0790IbnMusaGharnatiShatibi.Ictisam.Shamela0036558-ara1	[]	[]
0790IbnMusaGharnatiShatibi.Ifadat.Shamela0000584-ara1	[]	[]
0790IbnMusaGharnatiShatibi.Ifadat.JK010584-ara1	[]	[]
0786IbnMuhammadBabarti.CinayaSharhHidaya.Shamela0009403-ara1	[]	[]
0786IbnMuhammadBabarti.CinayaSharhHidaya.JK011690-ara1	[]	[]
0786ShahidAwwal.Mazar.Shia001386-ara1	[]	[]
0786ShahidAwwal.Bayan.Shia000116-ara1	[]	[]
0786ShahidAwwal.Arbacuna.Shia001385-ara1	[]	[]
0786ShahidAwwal.Dhikra.Shia000121Vols-ara1	[]	[]
0786ShahidAwwal.Alfiyya.Shia000115-ara1	[]	[]
0786ShahidAwwal.LumcaDimashqiyya.Shia000120-ara1	[]	[]
0786ShahidAwwal.DurraBahira.Shia003723-ara1	[]	[]
0786ShahidAwwal.Qawacid.Shia001082Vols-ara1	[]	[]
0786ShahidAwwal.Durus.Shia000117Vols-ara1	[]	[]
0795IbnRajabHanbali.TasliyatNufusNisa.Shamela0001519-ara1	[]	[]
0795IbnRajabHanbali.HikamJadiraBiIdhaca.Shamela0026141-ara1	[]	[]
0795IbnRajabHanbali.FadlCilmSalaf.Shamela0000132-ara1	[]	[]
0795IbnRajabHanbali.SharhHadithLabbayka.JK000034-ara1	[]	[]
0795IbnRajabHanbali.SharhHadithLabbayka.Shamela0005767-ara1	[]	[]
0795IbnRajabHanbali.KalimatIkhsas.Shamela0000696-ara1	[]	[]
0795IbnRajabHanbali.KalimatIkhsas.Shamela0006490-ara1	[]	[]
0795IbnRajabHanbali.KalimatIkhsas.JK000340-ara1	[]	[]
0795IbnRajabHanbali.TakhwifMinNar.Shamela0004033-ara1	[]	[]
0795IbnRajabHanbali.TakhwifMinNar.Shia002228-ara1	[]	[]
0795IbnRajabHanbali.TakhwifMinNar.JK000127-ara1	[]	[]
0795IbnRajabHanbali.IstikhrajLiAhkamKharaj.Shamela0006238-ara1	[]	[]
0795IbnRajabHanbali.IstikhrajLiAhkamKharaj.JK000259-ara1	[]	[]
0795IbnRajabHanbali.AkhamIkhtilafFiRuyaHilal.Shamela0000667-ara1	[]	[]
0795IbnRajabHanbali.Qawacid.Shamela0021730-ara1	[]	[]
0795IbnRajabHanbali.Qawacid.JK007052-ara1	[]	[]
0795IbnRajabHanbali.MajmucRasail.Shamela0095735-ara1	[]	[]
0795IbnRajabHanbali.AsbabMaghfira.JK010200-ara1	[]	[]
0795IbnRajabHanbali.AsbabMaghfira.Shamela0000200-ara1	[]	[]
0795IbnRajabHanbali.FarqBaynaNasihaWaTacyir.Shamela0022566-ara1	[]	[]
0795IbnRajabHanbali.KashfKurba.Shamela0010782-ara1	[]	[]
0795IbnRajabHanbali.RawaicTafsir.Shamela0010463-ara1	[]	[]
0795IbnRajabHanbali.DhaylTabaqatHanabila.JK010293-ara1	[]	[]
0795IbnRajabHanbali.DhaylTabaqatHanabila.Shamela0031366-ara1	['mARkdwon']	[]
0795IbnRajabHanbali.JamicCulumWaHikam.Shamela0010443-ara1	[]	[]
0795IbnRajabHanbali.JamicCulumWaHikam.Shamela0004268-ara1	[]	[]
0795IbnRajabHanbali.JamicCulumWaHikam.JK000071-ara1	[]	[]
0795IbnRajabHanbali.IkhtiyarUla.Shamela0022720-ara1	[]	[]
0795IbnRajabHanbali.LataifMacarif.Shamela0011363-ara1	[]	[]
0795IbnRajabHanbali.AhwalQubur.Shamela0010900-ara1	[]	[]
0795IbnRajabHanbali.SharhCilalTirmidhi.JK006673-ara1	[]	[]
0795IbnRajabHanbali.SharhCilalTirmidhi.Shamela0009552-ara1	[]	[]
0795IbnRajabHanbali.QacidaDhahabiyya.JK010131-ara1	[]	[]
0795IbnRajabHanbali.QacidaDhahabiyya.Shamela0010910-ara1	[]	[]
0795IbnRajabHanbali.FathBariFiSharhSahihBukhari.Shamela0000137-ara1	[]	[]
0795IbnRajabHanbali.FathBariFiSharhSahihBukhari.JK009231-ara1	[]	[]
0794BadrDinZarkashi.BahrMuhit.JK007060-ara1	[]	[]
0794BadrDinZarkashi.BahrMuhit.Shamela0021593-ara1	[]	[]
0794BadrDinZarkashi.ZahrCarishFiTahrimHashish.Shamela0037338-ara1	[]	[]
0794BadrDinZarkashi.BurhanFiCulumQuran.Shia002662Vols-ara1	[]	[]
0794BadrDinZarkashi.BurhanFiCulumQuran.JK000162-ara1	[]	[]
0794BadrDinZarkashi.BurhanFiCulumQuran.Shamela0011436-ara1	[]	[]
0794BadrDinZarkashi.IjabaLiIrad.Shamela0008490-ara1	[]	[]
0794BadrDinZarkashi.IjabaLiIrad.Shamela0012703-ara1	[]	[]
0794BadrDinZarkashi.IjabaLiIrad.JK001421-ara1	[]	[]
0794BadrDinZarkashi.MacnaLaIlahaIllaLlah.Shamela0006495-ara1	[]	[]
0794BadrDinZarkashi.MacnaLaIlahaIllaLlah.JK001135-ara1	[]	[]
0794BadrDinZarkashi.KhabayaZawaya.Shamela0006133-ara1	[]	[]
0794BadrDinZarkashi.KhabayaZawaya.JK000256-ara1	[]	[]
0794BadrDinZarkashi.ManthurFiQawacid.JK000226-ara1	[]	[]
0794BadrDinZarkashi.ManthurFiQawacid.Shamela0021592-ara1	[]	[]
0794BadrDinZarkashi.TadhkiraFiAhadithMashhura.JK001271-ara1	[]	[]
0794BadrDinZarkashi.TadhkiraFiAhadithMashhura.Shamela0006061-ara1	[]	[]
0794BadrDinZarkashi.NukatCalaMuqaddimatIbnSalah.Shamela0005978-ara1	[]	[]
0794BadrDinZarkashi.NukatCalaMuqaddimatIbnSalah.JK000991-ara1	[]	[]
0780IbnHasanQurashi.MinhajMuttaqin.Zaydiyya0000263-ara1	[]	[]
0779IbnBattuta.Rihla.Shamela0011769-ara1	['completed']	[]
0779IbnBattuta.Rihla.JK000409-ara1	[]	[]
0779IbnBattuta.Rihla.Shamela0012009-ara1	[]	[]
0776IbnAbiHajalaShihabDinMaghribi.DiwanSababa.JK010580-ara1	[]	[]
0776IbnAbiHajalaShihabDinMaghribi.DiwanSababa.Shamela0000580-ara1	[]	[]
0786IbnCabdRahmanJamalDinHubayshi.NashrTayy.JK001021-ara1	[]	[]
0786IbnCabdRahmanJamalDinHubayshi.NashrTayy.Shamela0006878-ara1	[]	[]
0779IbnYahyaHarraniMuqaddasi.TacbirRuya.Shamela0010696-ara1	[]	[]
0779IbnYahyaHarraniMuqaddasi.TacbirRuya.JK006855-ara1	[]	[]
0792AbuSakinCamirShammakhi.MatnDiyanat.ShamIbadiyya0000056-ara1	[]	[]
0792AbuSakinCamirShammakhi.Idah.ShamIbadiyya0000219-ara1	[]	[]
0776LisanDinIbnKhatib.Ihata.JK009224-ara1	[]	[]
0776LisanDinIbnKhatib.Ihata.Shamela0011682-ara1	['completed']	[]
0776LisanDinIbnKhatib.NafadaJirab.JK010477-ara1	[]	[]
0776LisanDinIbnKhatib.NafadaJirab.Shamela0000477-ara1	[]	[]
0776LisanDinIbnKhatib.JayshTawshih.Shamela0095575-ara1	[]	[]
0776LisanDinIbnKhatib.MicyarIkhtiyar.Shamela0011940-ara1	['completed']	[]
0776LisanDinIbnKhatib.Diwan.JK007577-ara1	[]	[]
0776LisanDinIbnKhatib.KatibaKamina.JK011027-ara1	[]	[]
0776LisanDinIbnKhatib.KatibaKamina.Shamela0001027-ara1	['completed']	[]
0776LisanDinIbnKhatib.KhatraTayf.Shamela0000474-ara1	[]	[]
0776LisanDinIbnKhatib.KhatraTayf.JK010474-ara1	[]	[]
0776LisanDinIbnKhatib.RayhanatKitab.Shamela0006955-ara1	[]	[]
0776LisanDinIbnKhatib.RayhanatKitab.JK007042-ara1	[]	[]
0795IbnZumruq.Diwan.JK007567-ara1	[]	[]
0793IbrahimIbnMahdi.WasilaIlaRahman.Zaydiyya0000371-ara1	[]	[]
0782IbnSallar.TabaqatQurra.Shamela0030067-ara1	['completed']	[]
0792SadrDinIbnAbiCizzAdhraci.Tafsir.Shamela0001426-ara1	[]	[]
0792SadrDinIbnAbiCizzAdhraci.Ittibac.Shamela0006248-ara1	[]	[]
0792SadrDinIbnAbiCizzAdhraci.Ittibac.JK001042-ara1	[]	[]
0792SadrDinIbnAbiCizzAdhraci.SharhCaqidaTahawiyya.Shamela0010777-ara1	[]	[]
0792SadrDinIbnAbiCizzAdhraci.SharhCaqidaTahawiyya.JK000146-ara1	[]	[]
0792SadrDinIbnAbiCizzAdhraci.SharhCaqidaTahawiyya.Shia004503-ara1	[]	[]
0792SadrDinIbnAbiCizzAdhraci.SharhCaqidaTahawiyya.Shamela0008352-ara1	[]	[]
0792SadrDinIbnAbiCizzAdhraci.SharhCaqidaTahawiyya.Shamela0010549-ara1	[]	[]
0800CabdHaqqMaghribiSabti.HusamMamdud.Shamela0037541-ara1	[]	[]
0800IbnCaliYamaniZabidi.JawharaNayyira.JK011696-ara1	[]	[]
0800IbnCaliYamaniZabidi.JawharaNayyira.Shamela0021596-ara1	[]	[]
0779IbnYusufAndalusiGharnati.IqtitafAzahir.Shamela0006982-ara1	[]	[]
0779IbnYusufAndalusiGharnati.TuhfatAqran.Shamela0001396-ara1	[]	[]
0778BadrDinBacli.ManhajQawim.Shamela0009859-ara1	[]	[]
0778BadrDinBacli.MukhtasarFatawaMisriyya.JK000235-ara1	[]	[]
0778BadrDinBacli.MukhtasarFatawaMisriyya.Shamela0006104-ara1	[]	[]
0791IbnCumarHalabiHamawi.QawacidWaIsharat.Shamela0009597-ara1	[]	[]
0791IbnCumarHalabiHamawi.QawacidWaIsharat.JK000886-ara1	[]	[]
0778AbuHafsMaraghi.Mashyakha.Shamela0027104-ara1	[]	[]
0784IbnMahmudJalalDinQahiri.UnsMala.Shamela0005362-ara1	[]	[]
0785IbnMuhammadShamsDinManbiji.TasliyatAhlMasaib.JK000829-ara1	[]	[]
0785IbnMuhammadShamsDinManbiji.TasliyatAhlMasaib.Shamela0021502-ara1	[]	[]
0799IbnFarhun.DibajMudhahhab.JK000174-ara1	[]	[]
0799IbnFarhun.DibajMudhahhab.Shamela0006730-ara1	['completed']	[]
0799IbnFarhun.TabsiratHukkam.Shamela0021595-ara1	[]	[]
0799IbnFarhun.TabsiratHukkam.JK007089-ara1	[]	[]
0789IbnMuhammadKhuzaci.TakhrijDalalat.JK000415-ara1	[]	[]
0789IbnMuhammadKhuzaci.TakhrijDalalat.Shamela0009790-ara1	[]	[]
0060MucawiyaIbnAbiSyfyan.Diwan.JK007541-ara1	[]	[]
0068QaysIbnDharihLubna.Diwan.JK007557-ara1	[]	[]
0068QaysMajnunLayla.Diwan.JK007560-ara1	[]	[]
0068CabdAllahIbnCabbas.GharibQuran.Zaydiyya0000300-ara1	[]	[]
0054HassanIbnThabit.Diwan.JK007534-ara1	[]	[]
0068AbdAllahIbnCabbas.GharibQuran.Shamela0023622-ara1	[]	[]
1189CaliCadawi.HashiyatCadawi.JK000198-ara1	[]	[]
1189CaliCadawi.HashiyatCadawi.Shamela0021597-ara1	[]	[]
1200ShaykhCabdHusayn.AqtabDawair.Shia004040-ara1	[]	[]
1200IbnAhmadSafiDinBukhari.TaqrizLiIbnHajarCasqalani.Shamela0006662-ara1	[]	[]
1200IbnAhmadSafiDinBukhari.TaqrizLiIbnHajarCasqalani.JK001260-ara1	[]	[]
1187IbrahimHuthiHusayni.NafahatCanbar.Zaydiyya0000376Vols-ara1	[]	[]
1200CabdAllahIbnBashirHadrami.KawkabDurri.ShamIbadiyya0000074-ara1	[]	[]
1200Nisari.Wafiya.JK006742-ara1	[]	[]
1198SulaymanIbnMuhammadJamzuri.TuhfatAtfal.Shamela0009632-ara1	[]	[]
1198SulaymanIbnMuhammadJamzuri.TuhfatAtfal.JK000963-ara1	[]	[]
1186YusufBahraniMuhaqqiq.HadaiqNadira.Shia000234Vols-ara1	[]	[]
1179IbnAhmadShihabDinSujaci.RisalaFiIthbatKaramat.Shia004517-ara1	[]	[]
1200CabdNabiQazwini.TatmimAmalAmil.Shia002960-ara1	[]	[]
1187SulaymanMahasini.HululTacab.Shamela0005359-ara1	[]	[]
1198AhmadIbnSalahKhatib.AmanMinMasailThaman.Zaydiyya0000343-ara1	[]	[]
1182IbnIsmacilSancani.IftiraqUmma.Shia002297-ara1	[]	[]
1182IbnIsmacilSancani.IftiraqUmma.JK000357-ara1	[]	[]
1182IbnIsmacilSancani.IftiraqUmma.Shamela0006456-ara1	[]	[]
1182IbnIsmacilSancani.IstifaAqwal.Shamela0029877-ara1	[]	[]
1182IbnIsmacilSancani.IrshadDhawiAlbab.Zaydiyya0000453-ara1	[]	[]
1182IbnIsmacilSancani.IsbalMatar.Shamela0002241-ara1	[]	[]
1182IbnIsmacilSancani.TawdihAfkar.JK000995-ara1	[]	[]
1182IbnIsmacilSancani.TawdihAfkar.Shamela0011990-ara1	[]	[]
1182IbnIsmacilSancani.InsafFiHaqiqatAwliya.Shamela0007556-ara1	[]	[]
1182IbnIsmacilSancani.InsafFiHaqiqatAwliya.JK001032-ara1	[]	[]
1182IbnIsmacilSancani.SubulSalam.Shamela0021590-ara1	[]	[]
1182IbnIsmacilSancani.SubulSalam.JK000123-ara1	[]	[]
1182IbnIsmacilSancani.SubulSalam.Shia001055Vols-ara1	[]	[]
1182IbnIsmacilSancani.UsulFiqh.JK000169-ara1	[]	[]
1182IbnIsmacilSancani.UsulFiqh.Shamela0006315-ara1	[]	[]
1182IbnIsmacilSancani.UsulFiqh.Zaydiyya0000127-ara1	[]	[]
1182IbnIsmacilSancani.TathirIctiqad.Shamela0011098-ara1	[]	[]
1182IbnIsmacilSancani.TathirIctiqad.JK011796-ara1	[]	[]
1182IbnIsmacilSancani.ThamaratNazar.JK000988-ara1	[]	[]
1182IbnIsmacilSancani.ThamaratNazar.Shamela0005983-ara1	[]	[]
1182IbnIsmacilSancani.IrshadNuqqad.JK000296-ara1	[]	[]
1182IbnIsmacilSancani.IrshadNuqqad.Shamela0006348-ara1	[]	[]
1182IbnIsmacilSancani.RafcAstar.Shamela0001756-ara1	[]	[]
1182IbnIsmacilSancani.RafcAstar.Shia002296-ara1	[]	[]
1182IbnIsmacilSancani.RafcAstar.JK000327-ara1	[]	[]
1180CabdAllahJazairi.TuhfaSaniyya.Shia000233-ara1	[]	[]
1192IbnCabdAllahBacliHanbali.KashfMukhaddarat.JK007127-ara1	[]	[]
1192IbnCabdAllahBacliHanbali.KashfMukhaddarat.Shamela0006115-ara1	[]	[]
1192IbnCabdAllahBacliHanbali.BidayatCabid.Shamela0029796-ara1	[]	[]
1176ShahWaliAllahDihlawi.CiqdJayyid.Shamela0006357-ara1	[]	[]
1176ShahWaliAllahDihlawi.CiqdJayyid.JK000288-ara1	[]	[]
1176ShahWaliAllahDihlawi.FawzKabir.Shamela0009964-ara1	[]	[]
1176ShahWaliAllahDihlawi.InsafFiBayan.JK000295-ara1	[]	[]
1176ShahWaliAllahDihlawi.InsafFiBayan.Shamela0000422-ara1	[]	[]
1176ShahWaliAllahDihlawi.HujjatAllahBaligha.JK007104-ara1	[]	[]
1176ShahWaliAllahDihlawi.HujjatAllahBaligha.Shamela0000773-ara1	[]	[]
1195CabdRahmanAnsari.Tuhfa.JK010276-ara1	[]	[]
1195CabdRahmanAnsari.Tuhfa.Shamela0030744-ara1	[]	[]
1200CabdNabiAhmadnakari.DusturCulama.Shamela0007038-ara1	[]	[]
1200CabdNabiAhmadnakari.DusturCulama.JK009149-ara1	[]	[]
1200HaydarCaliIbnMuhammadShirwani.ManaqibAhlBayt.Shia001553-ara1	[]	[]
1190IbnQasimShuhari.BulughArab.Zaydiyya0000398-ara1	[]	[]
1188ShamsDinSaffarini.GhadhaAlbab.Shamela0025791-ara1	[]	[]
1188ShamsDinSaffarini.GhadhaAlbab.JK009245-ara1	[]	[]
1188ShamsDinSaffarini.LawamicAnwar.Shamela0008353-ara1	[]	[]
1188ShamsDinSaffarini.DurraMudiyya.Shamela0006382-ara1	[]	[]
1188ShamsDinSaffarini.DurraMudiyya.JK001229-ara1	[]	[]
1119IbnMacsum.AnwarRabic.Shamela0005446-ara1	[]	[]
1119IbnMacsum.SulafaCasr.JK010298-ara1	[]	[]
1119IbnMacsum.SulafaCasr.Shamela0000298-ara1	[]	[]
1118IbnMuhammadNuriSafaqsi.TanbihGhafilin.JK010654-ara1	[]	[]
1118IbnMuhammadNuriSafaqsi.TanbihGhafilin.Shamela0010929-ara1	[]	[]
1118IbnMuhammadNuriSafaqsi.GhaythNafc.Shamela0027083-ara1	[]	[]
1106YahyaIbnAhmadShatibi.DawaNafic.Zaydiyya0000348-ara1	[]	[]
1111Majlisi.BiharAnwar.Shia001432VolsB-ara1	[]	[]
1111Majlisi.BiharAnwar.Zaydiyya0000202B-ara1	[]	[]
1111Majlisi.BiharAnwar.Shia001432VolsA-ara1	[]	[]
1111Majlisi.BiharAnwar.Zaydiyya0000202A-ara1	[]	[]
1111Majlisi.BiharAnwar.Zaydiyya0000202C-ara1	[]	[]
1111Majlisi.BiharAnwar.Shia001432VolsC-ara1	[]	[]
1111Majlisi.IjazatHadith.Shia002957-ara1	[]	[]
1111Majlisi.IjazatHadith.Zaydiyya0000113-ara1	[]	[]
1112NicmatAllahJazairi.NurBarahin.Shia001542Vols-ara1	[]	[]
1112NicmatAllahJazairi.QisasAnbiya.Shia003749-ara1	[]	[]
1101IbCabdAllahKharshi.SharhMukhtasarSayyidiKhalil.Shamela0000091-ara1	[]	[]
1101IbCabdAllahKharshi.SharhMukhtasarSayyidiKhalil.JK005201-ara1	[]	[]
1115IshaqIbnMuhammadCabdi.Ihtiras.Zaydiyya0000413Vols-ara1	[]	[]
1117IbnMuhammadSharafDinDimyatti.IthafFudalaBashar.JK001080-ara1	[]	[]
1117IbnMuhammadSharafDinDimyatti.IthafFudalaBashar.Shamela0010010-ara1	[]	[]
1102NurDinYusi.ZahrAkam.JK010766-ara1	[]	[]
1102NurDinYusi.ZahrAkam.Shamela0007414-ara1	[]	[]
1102NurDinYusi.MuhadaratFiLugha.JK010473-ara1	[]	[]
1102NurDinYusi.MuhadaratFiLugha.Shamela0000473-ara1	[]	[]
1112IbnJumcaHuwayzi.TafsirNurThaqalayn.Shia002389Vols-ara1	[]	[]
1124IbnCabdFattahTunukabuni.SafinatNajat.Shia004038-ara1	[]	[]
1120CaliKhanMadani.RiyadSalihin.Shia001544Vols-ara1	[]	[]
1120CaliKhanMadani.DarajatRafica.Shia002958-ara1	[]	[]
1118CabdHamidShirwani.Hawashi.JK000196-ara1	[]	[]
1118CabdHamidShirwani.Hawashi.Shia000881Vols-ara1	[]	[]
1119IbnMacsumShacir.Diwan.JK007635-ara1	[]	[]
1104YahyaIbnCaliHabsi.TatimmatIfada.Zaydiyya0000351-ara1	[]	[]
1125BashirFazari.RiyadAdib.ShamIbadiyya0000886-ara1	[]	[]
1111IbnNasirMuhalla.MatmahAmal.Zaydiyya0000035-ara1	[]	[]
1125IbnGhanimAzhariNafrawi.FawakihDawani.Shamela0021589-ara1	[]	[]
1125IbnGhanimAzhariNafrawi.FawakihDawani.JK000238-ara1	[]	[]
1121Mahuzi.Arbacuna.Shia001551-ara1	[]	[]
1104IbnHasanHurrCamili.AmalAmil.Shia002955Vols-ara1	[]	[]
1104IbnHasanHurrCamili.AmalAmil.Zaydiyya0000178-ara1	[]	[]
1104IbnHasanHurrCamili.JawahirSaniyya.Shia001417-ara1	[]	[]
1104IbnHasanHurrCamili.Ithnacashariyya.Shia004028-ara1	[]	[]
1104IbnHasanHurrCamili.FususMuhimma.Shia001418Vols-ara1	[]	[]
1104IbnHasanHurrCamili.WasailShica.Shia001217Vols-ara1	[]	[]
1104IbnHasanHurrCamili.WasailShica.Shia001187Vols-ara1	[]	[]
1104IbnHasanHurrCamili.WasailShica.Zaydiyya0000248-ara1	[]	[]
1104IbnHasanHurrCamili.IqazMinHajca.Shia004029-ara1	[]	[]
1120IbnQasimIbnZakurFasi.TafrijKurab.Shamela0005410-ara1	[]	[]
1107HashimBahrani.YanabicMacajiz.Shia001431-ara1	[]	[]
1107HashimBahrani.KashfMihimm.Shia004037-ara1	[]	[]
1107HashimBahrani.HilyatAbrar.Shia001421Vols-ara1	[]	[]
1107HashimBahrani.MadinatMacajiz.Shia001423Vols-ara1	[]	[]
1107HashimBahrani.GhayatMaram.Shia004030Vols-ara1	[]	[]
1125MirzaMuhammadMashhadi.TafsirKanzDaqaiq.Shia002394Vols-ara1	[]	[]
1122MuhammadZarqani.SharhCalaMuwatta.JK000754-ara1	[]	[]
1122MuhammadZarqani.SharhCalaMuwatta.Shamela0000551-ara1	[]	[]
1122MuhammadZarqani.SharhCalaMuwatta.JK000792-ara1	[]	[]
1122MuhammadZarqani.SharhCalaMawahib.Shamela0026568-ara1	[]	[]
1111MuhammadAminMuhibbi.NafahatRayhana.Shamela0000579-ara1	[]	[]
1111MuhammadAminMuhibbi.NafahatRayhana.JK009296-ara1	[]	[]
1111MuhammadAminMuhibbi.DhaylNafahatRayhana.JK009360-ara1	[]	[]
1111MuhammadAminMuhibbi.KhulasatAthar.Shamela0006678-ara1	[]	[]
1111MuhammadAminMuhibbi.KhulasatAthar.JK003502-ara1	[]	[]
1120IbnMuhammadBurhanDinDimashqi.BayanWaTacrif.Shamela0006000-ara1	[]	[]
1120IbnMuhammadBurhanDinDimashqi.BayanWaTacrif.JK000216-ara1	[]	[]
1101MuhammadCaliArdabili.JamicRuwat.Shia002953Vols-ara1	[]	[]
0756TaqiDinSubki.ShifaSiqam.Shia004509-ara1	[]	[]
0756TaqiDinSubki.Fatawa.JK007121-ara1	[]	[]
0756TaqiDinSubki.Fatawa.Shamela0011498-ara1	[]	[]
0756TaqiDinSubki.IbrazHikam.JK010223-ara1	[]	[]
0756TaqiDinSubki.IbrazHikam.Shamela0008466-ara1	[]	[]
0756TaqiDinSubki.SayfSaqil.Shia002214-ara1	[]	[]
0756TaqiDinSubki.Ibhaj.JK000180-ara1	[]	[]
0756TaqiDinSubki.Ibhaj.Shamela0011727-ara1	[]	[]
0761IbnKaykaldiDimashqi.FusulMufida.Shamela0006984-ara1	[]	[]
0761IbnKaykaldiDimashqi.FusulMufida.JK000942-ara1	[]	[]
0761IbnKaykaldiDimashqi.TahqiqMunifRutba.Shamela0011088-ara1	[]	[]
0761IbnKaykaldiDimashqi.ItharatFawaid.Shamela0022882-ara1	[]	[]
0761IbnKaykaldiDimashqi.NaqdSahih.Shamela0008602-ara1	[]	[]
0761IbnKaykaldiDimashqi.BughyatMultamis.Shamela0010826-ara1	[]	[]
0761IbnKaykaldiDimashqi.MusalsalatMukhtara.Shamela0010778-ara1	[]	[]
0761IbnKaykaldiDimashqi.JuzFiTafsirBaqiyat.Shamela0005509-ara1	[]	[]
0761IbnKaykaldiDimashqi.JuzFiTafsirBaqiyat.JK001002-ara1	[]	[]
0761IbnKaykaldiDimashqi.Tanbihat.Shamela0010322-ara1	[]	[]
0761IbnKaykaldiDimashqi.IjmalIsaba.JK000184-ara1	[]	[]
0761IbnKaykaldiDimashqi.IjmalIsaba.Shamela0006347-ara1	[]	[]
0761IbnKaykaldiDimashqi.TahqiqMurad.Shamela0006355-ara1	[]	[]
0761IbnKaykaldiDimashqi.TahqiqMurad.JK000233-ara1	[]	[]
0763IbnMuflihHanbaliMuqaddasi.FurucWaTashihFuruc.Shamela0012052-ara1	[]	[]
0763IbnMuflihHanbaliMuqaddasi.FurucWaTashihFuruc.JK000302-ara1	[]	[]
0763IbnMuflihHanbaliMuqaddasi.AdabSharciyya.JK007054-ara1	[]	[]
0763IbnMuflihHanbaliMuqaddasi.AdabSharciyya.Shamela0021582-ara1	[]	[]
0767Balawi.TajMafriq.Shamela0000478-ara1	[]	[]
0767Balawi.TajMafriq.JK010478-ara1	[]	[]
0770IbnCallamaHilli.IdahFawaid.Shia000111Vols-ara1	[]	[]
0756IbnYusufSaminHalabi.DurrMasun.Shamela0009057-ara1	[]	[]
0756IbnYusufSaminHalabi.DurrMasun.JK012048-ara1	[]	[]
0764Safadi.AcyanCasr.Shamela0000131-ara1	['no-ext', 'mARkdwon']	['no-ext']
0764Safadi.NaktHimyan.JK010550-ara1	[]	[]
0764Safadi.NaktHimyan.Shamela0028182-ara1	[]	[]
0764Safadi.WafiBiWafayat.JK003609-ara1	['completed']	[]
0764Safadi.WafiBiWafayat.Shamela0006677-ara1	[]	[]
0764Safadi.WafiBiWafayat.Sham30K0042941-ara1	[]	[]
0764Safadi.WafiBiWafayat.Sham30K0045089-ara1	[]	[]
0764Safadi.WafiBiWafayat.Sham30K0033390-ara1	[]	[]
0764Safadi.WafiBiWafayat.Shia003564Vols-ara1	[]	[]
0764Safadi.WafiBiWafayat.Sham30K0006677-ara1	[]	[]
0764Safadi.TashihTashif.Shamela0031370-ara1	[]	[]
0764Safadi.NusratThair.JK010514-ara1	[]	[]
0764Safadi.NusratThair.Shamela0000514-ara1	['completed']	[]
0764Safadi.LawcatShaki.Shamela0037494-ara1	[]	[]
0764Safadi.TawshicTawshih.Shamela0005409-ara1	[]	[]
0764Safadi.KashfHal.Shamela0005393-ara1	[]	[]
0764Safadi.ShucurBiCur.JK001233-ara1	[]	[]
0764Safadi.ShucurBiCur.Shamela0006939-ara1	[]	[]
0774IbnRaficSallami.MashyakhatBayani.Shamela0009620-ara1	[]	[]
0774IbnRaficSallami.Wafayat.JK000769-ara1	[]	[]
0774IbnRaficSallami.Wafayat.Shamela0006724-ara1	['completed']	[]
0761JamalDinIbnHisham.IctiradShart.Shamela0006978-ara1	[]	[]
0761JamalDinIbnHisham.IctiradShart.JK001023-ara1	[]	[]
0761JamalDinIbnHisham.MatnQatrNada.Shamela0011376-ara1	[]	[]
0761JamalDinIbnHisham.MasailSafariyya.JK006709-ara1	[]	[]
0761JamalDinIbnHisham.MasailSafariyya.Shamela0006988-ara1	[]	[]
0761JamalDinIbnHisham.SharhShudhurDhahab.Shamela0006969-ara1	[]	[]
0761JamalDinIbnHisham.SharhShudhurDhahab.JK001231-ara1	[]	[]
0761JamalDinIbnHisham.MughniLabib.Shamela0006972-ara1	[]	[]
0761JamalDinIbnHisham.MughniLabib.JK001131-ara1	[]	[]
0761JamalDinIbnHisham.MughniLabib.Shia003952Vols-ara1	[]	[]
0761JamalDinIbnHisham.NuktatIcrab.Shamela0005352-ara1	[]	[]
0761JamalDinIbnHisham.MatnShudhurDhahab.Shamela0096770-ara1	[]	[]
0761JamalDinIbnHisham.AsilaWaAjwibaFiIcrabQuran.Shamela0007501-ara1	[]	[]
0761JamalDinIbnHisham.AwdahMasalik.Shamela0011825-ara1	[]	[]
0761JamalDinIbnHisham.AwdahMasalik.JK001455-ara1	[]	[]
0761JamalDinIbnHisham.SharhQatrNada.Shamela0006970-ara1	[]	[]
0761JamalDinIbnHisham.SharhQatrNada.JK000007-ara1	[]	[]
0761JamalDinIbnHisham.MabahithMurdiyya.JK001142-ara1	[]	[]
0761JamalDinIbnHisham.MabahithMurdiyya.Shamela0006991-ara1	[]	[]
0769IbnCabdAllahTaqiDinShibli.AkamMarjan.JK000940-ara1	[]	[]
0769IbnCabdAllahTaqiDinShibli.AkamMarjan.Shamela0006451-ara1	[]	[]
0766IbnIbrahimIbnImamSakhra.Mashyakha.Shamela0027103-ara1	['completed']	[]
0763IbnCabdRahmanAndalusiFazari.HilyatFursan.Shamela0000788-ara1	[]	[]
0767KhalilIbnIshaq.MukhtasarKhalil.Shamela0011355-ara1	[]	[]
0767KhalilIbnIshaq.MukhtasarKhalil.JK000255-ara1	[]	[]
0768Yafici.MarhamCilalMucdila.JK001140-ara1	[]	[]
0768Yafici.MarhamCilalMucdila.Shamela0006555-ara1	[]	[]
0768Yafici.MiratJanan.Sham30K0009091-ara1	[]	[]
0768Yafici.MiratJanan.JK003507-ara1	[]	[]
0768Yafici.MiratJanan.Sham30K0042940-ara1	[]	[]
0768Yafici.MiratJanan.Shamela0009091-ara1	['completed']	[]
0768Yafici.MiratJanan.Sham30K0045389-ara1	[]	[]
0768Yafici.MiratJanan.Sham30K0034060-ara1	[]	[]
0775IbnCadilHanbali.LubabFiCulumKitab.JK009266-ara1	[]	[]
0775IbnCadilHanbali.LubabFiCulumKitab.Shamela0009108-ara1	[]	[]
0772IbnHasanJamalDinIsnawi.TamhidFiTakhrijFuruc.JK000215-ara1	[]	[]
0772IbnHasanJamalDinIsnawi.TamhidFiTakhrijFuruc.Shamela0006289-ara1	[]	[]
0772IbnHasanJamalDinIsnawi.KawkabDurri.JK000261-ara1	[]	[]
0772IbnHasanJamalDinIsnawi.KawkabDurri.Shamela0006280-ara1	[]	[]
0772IbnHasanJamalDinIsnawi.NihayatSul.Shamela0007332-ara1	[]	[]
0775IbnAbiWafa.JawahirMudiya.JK000806-ara1	[]	[]
0775IbnAbiWafa.JawahirMudiya.Shamela0006725-ara1	[]	[]
0775IbnAbiWafa.JawahirMudiya.JK009262-ara1	[]	[]
0774IbnMuhammadShamsDinIbnMawsili.HusnSuluk.Shamela0007241-ara1	[]	[]
0774IbnMuhammadShamsDinIbnMawsili.HusnSuluk.JK001103-ara1	[]	[]
0770IbnMuhammadFayyumiHamawi.MisbahMunir.Shamela0012145-ara1	[]	[]
0770IbnMuhammadFayyumiHamawi.MisbahMunir.JK001451-ara1	[]	[]
0772ShamsDinHanbaliZarqashi.SharhCalaMukhtasarKhiraqi.Shamela0021743-ara1	[]	[]
0772ShamsDinHanbaliZarqashi.SharhCalaMukhtasarKhiraqi.JK007111-ara1	[]	[]
0762MughaltayIbnQalij.SharhSunanIbnMaja.Shamela0008544-ara1	[]	[]
0762MughaltayIbnQalij.IkmalTahdhib.Shamela0036515-ara1	['completed']	[]
0762MughaltayIbnQalij.IkmalTahdhib.Shamela0037551-ara1	[]	[]
0762MughaltayIbnQalij.IkmalTahdhib.Shia003311Vols-ara1	[]	[]
0762MughaltayIbnQalij.Intikhab.Shamela0026906-ara1	[]	[]
0764IbnShakirKutubi.FawatWafayat.JK004700-ara1	[]	[]
0764IbnShakirKutubi.FawatWafayat.Shia003591Vols-ara1	[]	[]
0764IbnShakirKutubi.FawatWafayat.Shamela0001003-ara1	['completed']	[]
0774IbnKathir.FusulMinSira.JK000796-ara1	[]	[]
0774IbnKathir.FusulMinSira.Shamela0009241-ara1	[]	[]
0774IbnKathir.Takmil.Shamela0096228-ara1	['completed']	[]
0774IbnKathir.TuhfatTalib.JK000762-ara1	[]	[]
0774IbnKathir.TuhfatTalib.Shamela0009978-ara1	[]	[]
0774IbnKathir.TalkhisKitabIstighatha.JK000383-ara1	[]	[]
0774IbnKathir.IkhtisarCulumHadith.Shamela0021571-ara1	[]	[]
0774IbnKathir.MusnadCumarIbnKhattab.Shamela0026039-ara1	[]	[]
0774IbnKathir.TafsirQuran.Shia002658Vols-ara1	[]	[]
0774IbnKathir.TafsirQuran.Shamela0023604-ara1	[]	[]
0774IbnKathir.TafsirQuran.JK000161-ara1	[]	[]
0774IbnKathir.TafsirQuran.Shamela0008473-ara1	['completed']	[]
0774IbnKathir.FadailQuran.Shamela0022800-ara1	[]	[]
0774IbnKathir.FadailQuran.JK009246-ara1	[]	[]
0774IbnKathir.TabaqatShaficiyyin.Shamela0012860-ara1	['completed']	[]
0774IbnKathir.QisasAnbiya.Shamela0000932-ara1	[]	[]
0774IbnKathir.QisasAnbiya.Shia003721Vols-ara1	[]	[]
0774IbnKathir.AdabDukhulHammam.Shamela0006244-ara1	[]	[]
0774IbnKathir.AdabDukhulHammam.JK001100-ara1	[]	[]
0774IbnKathir.JamicMasanid.Shamela0021809-ara1	[]	[]
0774IbnKathir.Bidaya.Shamela0023678-ara5	[]	[]
0774IbnKathir.Bidaya.Sham30K0032354-ara3	[]	[]
0774IbnKathir.Bidaya.Shamela0023708-ara4	[]	[]
0774IbnKathir.Bidaya.Sham30K0004445-ara1	[]	[]
0774IbnKathir.Bidaya.Sham30K0036126-ara2	[]	[]
0774IbnKathir.Bidaya.Shamela0000930-ara6	[]	[]
0774IbnKathir.Bidaya.Shamela0004445-ara1	['completed']	[]
0774IbnKathir.Bidaya.Shamela0008376-ara2	[]	[]
0774IbnKathir.Bidaya.Sham30K0045182-ara3	[]	[]
0774IbnKathir.Bidaya.Shia003717Vols-ara6	[]	[]
0774IbnKathir.Bidaya.Sham30K0008376-ara2	[]	[]
0774IbnKathir.Bidaya.JK000158-ara3	[]	[]
0774IbnKathir.Bidaya.Sham30K0023708-ara4	[]	[]
0774IbnKathir.Bidaya.JK010930-ara6	[]	[]
0774IbnKathir.Bidaya.Shia003593Vols-ara2	[]	[]
0774IbnKathir.Bidaya.Sham30K0041451-ara1	[]	[]
0774IbnKathir.NihayatFiFitan.JK009265-ara1	[]	[]
0774IbnKathir.NihayatFiFitan.Shamela0011818-ara1	[]	[]
0758MaryamSittQudatHanbaliyya.Musnad.Shamela0005680-ara1	[]	[]
0758MaryamSittQudatHanbaliyya.Musnad.JK000571-ara1	[]	[]
0761IbnKaykaldi.Mukhtalitin.Shamela0025846-ara1	['completed']	[]
0761IbnKaykaldi.Mukhtalitin.JK001165-ara1	[]	[]
0761IbnKaykaldi.JamicTahsil.JK000551-ara1	[]	[]
0761IbnKaykaldi.JamicTahsil.Shamela0025864-ara1	['completed']	[]
0762IbnYusufZaylaci.NasbRaya.Shia002222Vols-ara1	[]	[]
0762IbnYusufZaylaci.NasbRaya.Shamela0011428-ara1	[]	[]
0762IbnYusufZaylaci.NasbRaya.JK000471-ara1	[]	[]
0762IbnYusufZaylaci.TakhrijAhadith.Shamela0008636-ara1	[]	[]
0762IbnYusufZaylaci.TakhrijAhadith.JK001492-ara1	[]	[]
0762IbnYusufZaylaci.TakhrijAhadith.Shia002218Vols-ara1	[]	[]
0758NajmDinTarsusi.TihfatTurk.JK011044-ara1	[]	[]
0758NajmDinTarsusi.TihfatTurk.Shamela0001044-ara1	[]	[]
0769IbnCaqilBahaDinMisri.SharhCalaAlfiyya.Shia003954Vols-ara1	[]	[]
0769IbnCaqilBahaDinMisri.SharhCalaAlfiyya.Shamela0009904-ara1	[]	[]
0769IbnCaqilBahaDinMisri.SharhCalaAlfiyya.JK001328-ara1	[]	[]
0767CizzDinIbnJamaca.MukhtasarKabir.Shamela0006593-ara1	[]	[]
0767CizzDinIbnJamaca.MukhtasarKabir.JK007037-ara1	[]	[]
0764IbnCabdRahmanIkhmimiMaraghi.RisalaFiRaddCalaIbnTaymiyya.Shamela0006538-ara1	[]	[]
0764IbnCabdRahmanIkhmimiMaraghi.RisalaFiRaddCalaIbnTaymiyya.JK001468-ara1	[]	[]
0756IbnAhmadCadudDinIji.Maqaqif.Shia002215Vols-ara1	[]	[]
0756IbnAhmadCadudDinIji.Maqaqif.JK001335-ara1	[]	[]
0771Subki.RafcHajib.Shamela0006338-ara1	[]	[]
0771Subki.MucjamShuyukh.Shamela0026389-ara1	['completed']	[]
0771Subki.QacidaFiJarh.Shamela0026113-ara1	[]	[]
0771Subki.AshbahWaNazair.Shamela0008634-ara1	[]	[]
0771Subki.QacidaFiMuarrikhin.Shamela0026114-ara1	[]	[]
0771Subki.AhadithIhyaLaIsnadaLaha.JK005022-ara1	[]	[]
0771Subki.TabaqatShaficiyaKubra.JK000914-ara1	['mARkdwon']	[]
0771Subki.TabaqatShaficiyaKubra.Shamela0006739-ara1	[]	[]
0751IbnQayyimJawziyya.Fawaid.Shamela0006832-ara1	[]	[]
0751IbnQayyimJawziyya.Fawaid.JK000060-ara1	[]	[]
0751IbnQayyimJawziyya.JalaAfham.JK000088-ara1	[]	[]
0751IbnQayyimJawziyya.JalaAfham.Shamela0006829-ara1	[]	[]
0751IbnQayyimJawziyya.HashiyaCalaSunanAbiDawud.JK000097-ara1	[]	[]
0751IbnQayyimJawziyya.AclamMuwaqqicin.JK000094-ara1	[]	[]
0751IbnQayyimJawziyya.AclamMuwaqqicin.Shamela0011496-ara1	[]	[]
0751IbnQayyimJawziyya.IghathatLahfan.Shamela0011688-ara1	[]	[]
0751IbnQayyimJawziyya.IghathatLahfan.JK000087-ara1	[]	[]
0751IbnQayyimJawziyya.DaWaDawa.Shamela0000158-ara1	[]	[]
0751IbnQayyimJawziyya.DaWaDawa.Shamela0098093-ara1	[]	[]
0751IbnQayyimJawziyya.DaWaDawa.JK000062-ara1	[]	[]
0751IbnQayyimJawziyya.TuhfatMawdud.JK000095-ara1	[]	[]
0751IbnQayyimJawziyya.TuhfatMawdud.Shamela0006266-ara1	[]	[]
0751IbnQayyimJawziyya.BadaicFawaid.Shamela0012003-ara1	[]	[]
0751IbnQayyimJawziyya.BadaicFawaid.JK000064-ara1	[]	[]
0751IbnQayyimJawziyya.WabilSayyib.Shamela0000216-ara1	[]	[]
0751IbnQayyimJawziyya.WabilSayyib.JK000069-ara1	[]	[]
0751IbnQayyimJawziyya.TibbNabawi.JK000010-ara1	[]	[]
0751IbnQayyimJawziyya.TibbNabawi.Shamela0023649-ara1	[]	[]
0751IbnQayyimJawziyya.TibbNabawi.Shia004672-ara1	[]	[]
0751IbnQayyimJawziyya.MadarijSalikin.Shamela0008370-ara1	[]	[]
0751IbnQayyimJawziyya.MadarijSalikin.JK000081-ara1	[]	[]
0751IbnQayyimJawziyya.AhkamAhlDhimma.Shamela0021747-ara1	[]	[]
0751IbnQayyimJawziyya.AhkamAhlDhimma.JK000103-ara1	[]	[]
0751IbnQayyimJawziyya.SawaciqMursala.JK000101-ara1	[]	[]
0751IbnQayyimJawziyya.SawaciqMursala.Shamela0007345-ara1	[]	[]
0751IbnQayyimJawziyya.IghathaLahfan.JK000091-ara1	[]	[]
0751IbnQayyimJawziyya.IghathaLahfan.Shamela0007513-ara1	[]	[]
0751IbnQayyimJawziyya.TariqHijratayn.JK000065-ara1	[]	[]
0751IbnQayyimJawziyya.TariqHijratayn.Shamela0012029-ara1	[]	[]
0751IbnQayyimJawziyya.TafsirQuran.Shamela0023606-ara1	[]	[]
0751IbnQayyimJawziyya.IjtimacJuyush.Shamela0021714-ara1	[]	[]
0751IbnQayyimJawziyya.IjtimacJuyush.JK000090-ara1	[]	[]
0751IbnQayyimJawziyya.AsmaMuallafatIbnTaymiya.JK000093-ara1	[]	[]
0751IbnQayyimJawziyya.AsmaMuallafatIbnTaymiya.Shamela0010713-ara1	[]	[]
0751IbnQayyimJawziyya.HadiArwah.JK000083-ara1	[]	[]
0751IbnQayyimJawziyya.HadiArwah.Shamela0011147-ara1	[]	[]
0751IbnQayyimJawziyya.MukhtasarSawaciqMursala.Shamela0008363-ara1	[]	[]
0751IbnQayyimJawziyya.ManarMunif.JK000092-ara1	[]	[]
0751IbnQayyimJawziyya.ManarMunif.Shamela0008566-ara1	[]	[]
0751IbnQayyimJawziyya.MatnQasidaNuniyya.Shamela0011375-ara1	[]	[]
0751IbnQayyimJawziyya.ZadMacad.JK000105-ara1	[]	[]
0751IbnQayyimJawziyya.ZadMacad.Shamela0021713-ara1	[]	[]
0751IbnQayyimJawziyya.RisalaTabukiyya.JK000058-ara1	[]	[]
0751IbnQayyimJawziyya.RisalaTabukiyya.Shamela0007632-ara1	[]	[]
0751IbnQayyimJawziyya.RuhFiKalam.Shamela0006462-ara1	[]	[]
0751IbnQayyimJawziyya.RuhFiKalam.JK000056-ara1	[]	[]
0751IbnQayyimJawziyya.ShifaCalil.Shamela0012021-ara1	[]	[]
0751IbnQayyimJawziyya.ShifaCalil.JK000100-ara1	[]	[]
0751IbnQayyimJawziyya.FaidaJalila.Shamela0011329-ara1	[]	[]
0751IbnQayyimJawziyya.Salat.Shamela0007661-ara1	[]	[]
0751IbnQayyimJawziyya.Salat.JK000099-ara1	[]	[]
0751IbnQayyimJawziyya.HidayatHayara.JK000089-ara1	[]	[]
0751IbnQayyimJawziyya.HidayatHayara.Shamela0022707-ara1	[]	[]
0751IbnQayyimJawziyya.AmthalFiQuran.Shamela0000928-ara1	[]	[]
0751IbnQayyimJawziyya.AmthalFiQuran.JK000869-ara1	[]	[]
0751IbnQayyimJawziyya.AmthalFiQuran.Shia002657-ara1	[]	[]
0751IbnQayyimJawziyya.NaqdManqul.JK000096-ara1	[]	[]
0751IbnQayyimJawziyya.TibyanFiAqsamQuran.JK000102-ara1	[]	[]
0751IbnQayyimJawziyya.TibyanFiAqsamQuran.Shamela0007572-ara1	[]	[]
0751IbnQayyimJawziyya.RawdatMuhibbin.JK000063-ara1	[]	[]
0751IbnQayyimJawziyya.RawdatMuhibbin.Shamela0011229-ara1	[]	[]
0751IbnQayyimJawziyya.CuddatSabirin.JK000057-ara1	[]	[]
0751IbnQayyimJawziyya.CuddatSabirin.Shamela0011274-ara1	[]	[]
0751IbnQayyimJawziyya.JawabFiSiyaghHamd.JK000059-ara1	[]	[]
0751IbnQayyimJawziyya.JawabFiSiyaghHamd.Shamela0006841-ara1	[]	[]
0751IbnQayyimJawziyya.TuruqHukmiyya.Shamela0011495-ara1	[]	[]
0751IbnQayyimJawziyya.TuruqHukmiyya.JK000104-ara1	[]	[]
0751IbnQayyimJawziyya.Furusiyya.JK000106-ara1	[]	[]
0751IbnQayyimJawziyya.Furusiyya.Shamela0006275-ara1	[]	[]
0751IbnQayyimJawziyya.MiftahDarSacada.JK000082-ara1	[]	[]
0751IbnQayyimJawziyya.MiftahDarSacada.Shamela0006840-ara1	[]	[]
0751IbnQayyimJawziyya.SifatMunafiqin.Shamela0030842-ara1	[]	[]
0751IbnQayyimJawziyya.RisalaIlaAhadIkhwan.Shamela0006666-ara1	[]	[]
0751IbnQayyimJawziyya.RisalaIlaAhadIkhwan.JK001063-ara1	[]	[]
0768IbnNubataShacir.Diwan.JK007636-ara1	[]	[]
0768IbnMuhammadTaqiDinBaclabakki.Hadith.Shamela0009426-ara1	[]	[]
0769IbnLuluShihabDinIbnNaqibShafici.CumdatSalik.Shamela0037344-ara1	[]	[]
0773IbnIshaqSirajDinGhaznawi.GhurraMunifa.Shamela0007534-ara1	[]	[]
0773IbnIshaqSirajDinGhaznawi.GhurraMunifa.JK000240-ara1	[]	[]
0765AbuMahasinHusayni.IkmalLiRijal.Shia003314-ara1	[]	[]
0765AbuMahasinHusayni.IkmalLiRijal.JK000547-ara1	[]	[]
0765AbuMahasinHusayni.IkmalLiRijal.Shamela0005850-ara1	['completed']	[]
0765AbuMahasinHusayni.DhaylCibar.JK001291BK2-ara1	['completed']	[]
0765AbuMahasinHusayni.DhaylTadhkira.Shia003313-ara1	[]	[]
0765AbuMahasinHusayni.DhaylTadhkira.Shamela0007307-ara1	[]	[]
0765AbuMahasinHusayni.DhaylTadhkira.JK001250-ara1	[]	[]
0351IbnAhmadSijzi.MuntaqaMinMusnadMuqillin.JK000622-ara1	[]	[]
0351IbnAhmadSijzi.MuntaqaMinMusnadMuqillin.Shia002014-ara1	[]	[]
0351IbnAhmadSijzi.MuntaqaMinMusnadMuqillin.Shamela0013072-ara1	[]	[]
0369IbnMasiBaghdadi.Fawaid.JK009196-ara1	[]	[]
0369IbnMasiBaghdadi.Fawaid.Shamela0013142-ara1	[]	[]
0368AbuGhalibZurari.TarikhAlZurara.Zaydiyya0000180-ara1	[]	[]
0368AbuGhalibZurari.Risala.Shia002929-ara1	['completed']	[]
0362IbnMuhammadMuzakki.Muzakkiyat.Shamela0026921-ara1	[]	[]
0373AbuLaythSamarqandi.TanbihGhafilin.Shamela0010488-ara1	[]	[]
0353IbnHarunDimashqi.SifatNabi.Shamela0026430-ara1	[]	[]
0353IbnMuhammadMakki.Fawaid.Shamela0009323-ara1	[]	[]
0362IbnHaniAndalusi.Diwan.JK007572-ara1	['completed']	[]
0364IbnSunniDinawari.Qinaca.Shamela0013054-ara1	[]	[]
0364IbnSunniDinawari.Qinaca.JK000040-ara1	[]	[]
0364IbnSunniDinawari.CamalYawmWaLayl.JK000943-ara1	[]	[]
0364IbnSunniDinawari.CamalYawmWaLayl.Shamela0013132-ara1	[]	[]
0369AbuShaykhIsbahani.TabaqatMuhaddithin.Shia003112Vols-ara1	[]	[]
0369AbuShaykhIsbahani.TabaqatMuhaddithin.JK000520-ara1	['completed']	[]
0369AbuShaykhIsbahani.TabaqatMuhaddithin.Shamela0004182-ara1	[]	[]
0369AbuShaykhIsbahani.Cawali.Shamela0026572-ara1	[]	[]
0369AbuShaykhIsbahani.AhadithAbiZubayr.JK001287-ara1	[]	[]
0369AbuShaykhIsbahani.AhadithAbiZubayr.Shamela0013108-ara1	[]	[]
0369AbuShaykhIsbahani.DhikrAqran.Shamela0026577-ara1	[]	[]
0369AbuShaykhIsbahani.AmthalFiHadith.Shamela0013082-ara1	[]	[]
0369AbuShaykhIsbahani.AmthalFiHadith.JK000946-ara1	[]	[]
0369AbuShaykhIsbahani.Cuzma.Shamela0013043-ara1	[]	[]
0369AbuShaykhIsbahani.Cuzma.JK000742-ara1	[]	[]
0369AbuShaykhIsbahani.Tawbikh.Shamela0013010-ara1	[]	[]
0369AbuShaykhIsbahani.Tawbikh.JK001274-ara1	['completed']	[]
0369AbuShaykhIsbahani.Hikayat.Shamela0029724-ara1	[]	[]
0369AbuShaykhIsbahani.Fawaid.JK011406-ara1	[]	[]
0369AbuShaykhIsbahani.Fawaid.JK011487-ara1	[]	[]
0369AbuShaykhIsbahani.Fawaid.Shamela0008268-ara1	[]	[]
0369AbuShaykhIsbahani.AkhlaqNabi.JK000918-ara1	[]	[]
0369AbuShaykhIsbahani.AkhlaqNabi.Shamela0012980-ara1	[]	[]
0360AbuBakrAjurri.TahrimNard.Shamela0008222-ara1	[]	[]
0360AbuBakrAjurri.TahrimNard.JK011455-ara1	[]	[]
0360AbuBakrAjurri.Sharica.Shamela0013035-ara1	[]	[]
0360AbuBakrAjurri.Sharica.JK009158-ara1	[]	[]
0360AbuBakrAjurri.ArbacunaHadithan.Shamela0008204-ara1	[]	[]
0360AbuBakrAjurri.FadlQiyamLayl.Shamela0012746-ara1	[]	[]
0360AbuBakrAjurri.TasdiqBiNazar.JK000598-ara1	[]	[]
0360AbuBakrAjurri.DhammLiwat.Shamela0009512-ara1	[]	[]
0360AbuBakrAjurri.AkhlaqAhlQuran.Shamela0010531-ara1	[]	[]
0360AbuBakrAjurri.AkhlaqAhlQuran.JK010260-ara1	[]	[]
0360AbuBakrAjurri.AkhbarAbiHafs.JK000933-ara1	[]	[]
0360AbuBakrAjurri.AkhbarAbiHafs.Shamela0006650-ara1	[]	[]
0360AbuBakrAjurri.MasalatTaifin.JK000608-ara1	[]	[]
0360AbuBakrAjurri.MasalatTaifin.Shamela0006233-ara1	[]	[]
0360AbuBakrAjurri.AkhlaqCulama.Shamela0001311-ara1	[]	[]
0360AbuBakrAjurri.Ghuraba.Shamela0013045-ara1	[]	[]
0360AbuBakrAjurri.Ghuraba.JK000039-ara1	[]	[]
0360AbuBakrAjurri.Ghuraba.Shia002068-ara1	[]	[]
0360AbuBakrAjurri.AdabNufus.Shamela0008245-ara1	[]	[]
0361IbnCumarDarraj.Juz.Shamela0007911-ara1	[]	[]
0363QadiNucman.TawilDacaim.EShia0071536-ara1	['completed']	[]
0363QadiNucman.Idah.EShia0027411-ara1	['completed']	[]
0363QadiNucman.DacaimIslam.Shia001131Vols-ara1	['completed']	[]
0363QadiNucman.DacaimIslam.Zaydiyya0000186-ara1	[]	[]
0363QadiNucman.ManaqibWaMathalib.EShia0086596-ara1	['completed']	[]
0363QadiNucman.SharhAkhbar.Shia001278Vols-ara1	['completed']	[]
0354IbnCabdJabbarNiffari.Mukhatabat.JK009335-ara1	[]	[]
0354IbnCabdJabbarNiffari.Mawaqif.JK009292-ara1	[]	[]
0364YahyaIbnCadi.SufistiqaLiAristutalis.GRAR000026-ara1	[]	[]
0367IbnHawqal.SuraArd.Shamela0011780-ara1	['completed']	[]
0370IbnAhmadIbnKhalawayh.HujjaFiQiraatSabca.Shamela0026140-ara1	[]	[]
0370IbnAhmadIbnKhalawayh.HujjaFiQiraatSabca.JK000461-ara1	[]	[]
0359AbuCaliSawwaf.Fawaid.Shamela0013144-ara1	[]	[]
0359AbuCaliSawwaf.Fawaid.JK000592-ara1	[]	[]
0359AbuCaliSawwaf.Fawaid.Shamela0010492-ara1	[]	[]
0359AbuCaliSawwaf.Fawaid.Shia002031-ara1	[]	[]
0359AbuCaliSawwaf.Juz.Shamela0029898-ara1	[]	[]
0359AbuCaliSawwaf.Juz.Shamela0029780-ara1	[]	[]
0365IbnCadiJurjani.AsamiManRawaCanhum.JK000740-ara1	[]	[]
0365IbnCadiJurjani.AsamiManRawaCanhum.Shamela0005862-ara1	['completed']	[]
0365IbnCadiJurjani.KamilFiDucafa.Shamela0005827-ara3	['completed']	[]
0365IbnCadiJurjani.KamilFiDucafa.Shamela0012579-ara1	['mARkdwon']	[]
0365IbnCadiJurjani.KamilFiDucafa.JK000519-ara2	[]	[]
0365IbnCadiJurjani.KamilFiDucafa.Shia003105Vols-ara2	[]	[]
0365IbnCadiJurjani.KamilFiDucafa.JK001069-ara3	[]	[]
0372AbuSacidQayruwani.TahdhibMudawwana.Shamela0008487-ara1	[]	[]
0372AbuSacidQayruwani.TahdhibMudawwana.JK011147-ara1	[]	[]
0375IbnCabdAllahAbhuri.FawaidGharaibHisan.Shamela0022381-ara1	[]	[]
0353IbnSacidTanukhi.HadithHimyan.Shamela0021478-ara1	[]	[]
0370IbnQasimKhayyat.Hadith.Shamela0029725-ara1	[]	[]
0370IbnCaliJassas.FusulFiUsul.Shia002901Vols-ara1	[]	[]
0370IbnCaliJassas.FusulFiUsul.Shamela0000676-ara1	[]	[]
0370IbnCaliJassas.FusulFiUsul.JK000286-ara1	[]	[]
0370IbnCaliJassas.AhkamQuran.Shamela0007370-ara1	[]	[]
0370IbnCaliJassas.AhkamQuran.JK000871-ara1	[]	[]
0370IbnCaliJassas.AhkamQuran.Shamela0023579-ara1	[]	[]
0370IbnCaliJassas.AhkamQuran.Shia002514Vols-ara1	[]	[]
0370IbnRashiqMisri.Juz.Shamela0026564-ara1	[]	[]
0367IbnAhmadDhuhli.Juz.Shamela0010485-ara1	[]	[]
0359AbuBakrNasibi.Hadith.Shamela0029897-ara1	[]	[]
0359AbuBakrNasibi.Fawaid.Shamela0029779-ara1	[]	[]
0352IbnAhmadKufi.Istighatha.Shia003684Vols-ara1	[]	[]
0366IbnNajidNaysaburi.Juz.Shamela0009397-ara1	[]	[]
0360Ramhurmuzi.AmthalHadith.Shia002175-ara1	[]	[]
0360Ramhurmuzi.AmthalHadith.Shamela0013083-ara1	[]	[]
0360Ramhurmuzi.AmthalHadith.JK000422-ara1	[]	[]
0360Ramhurmuzi.MuhaddithFasil.JK000771-ara1	[]	[]
0360Ramhurmuzi.MuhaddithFasil.Shia002033-ara1	[]	[]
0360Ramhurmuzi.MuhaddithFasil.Shamela0013059-ara1	[]	[]
0363IbnHusaynSijistani.ManaqibShafici.Shamela0026768-ara1	[]	[]
0360AbuBakrAnbari.Hadith.Shamela0029781-ara1	[]	[]
0360AbuBakrAnbari.Hadith.Shamela0029867-ara1	[]	[]
0360AbuBakrAnbari.MuntaqaMinHadith.Shamela0029868-ara1	[]	[]
0370AzhariHarawi.MacaniQiraat.Shamela0008229-ara1	[]	[]
0370AzhariHarawi.TahdhibLugha.Shamela0007031-ara1	[]	[]
0370AzhariHarawi.TahdhibLugha.JK007040-ara1	[]	[]
0370AzhariHarawi.ZahirFiGharibAlfazShafici.Shamela0011319-ara1	[]	[]
0370AzhariHarawi.ZahirFiGharibAlfazShafici.JK000311-ara1	[]	[]
0362IbnAhmadKindi.MuhibbWaMahbub.Shamela0000731-ara1	[]	[]
0362IbnAhmadKindi.MuhibbWaMahbub.JK010731-ara1	[]	[]
0354Mutanabbi.Diwan.JK007610-ara1	['completed']	[]
0368IbnJacfarQatici.Fawaid.JK000935-ara1	[]	[]
0368IbnJacfarQatici.Fawaid.Shamela0010515-ara1	[]	[]
0368IbnJacfarQatici.Fawaid.Shamela0013099-ara1	[]	[]
0354IbnCabdAllahBazzaz.Fawaid.JK009153-ara1	[]	[]
0354IbnCabdAllahBazzaz.Fawaid.Shamela0000772-ara1	[]	[]
0351IbnCaliHalabiLughawi.Ittibac.Shamela0037469-ara1	[]	[]
0368Sirafi.AkhbarNahwiyyin.Shamela0026338-ara1	['completed']	[]
0360Khawlani.TarikhDaraya.JK011453-ara1	[]	[]
0360Khawlani.TarikhDaraya.Shamela0008249-ara1	['completed']	[]
0356IbnQasimMisri.NuskhatNabit.Shamela0026556-ara1	[]	[]
0370IbnBishrAmidi.MutalifWaMukhtalif.JK010675-ara1	[]	[]
0370IbnBishrAmidi.MutalifWaMukhtalif.Shamela0010913-ara1	['completed']	[]
0370IbnBishrAmidi.Muwazana.Shamela0026183-ara1	[]	[]
0370IbnBishrAmidi.Muwazana.JK010617-ara1	[]	[]
0371AhmadJurjani.Mucjam.JK000760-ara1	[]	[]
0371AhmadJurjani.Mucjam.Shamela0013176-ara1	[]	[]
0352IbnIbrahimKufi.Tafsir.Shia002339-ara1	[]	[]
0354IbnHasanCattar.Juz.Shamela0000040-ara1	[]	[]
0361IbnIbrahimTustari.MudhakkarWaMuannath.Shamela0000099-ara1	[]	[]
0361IbnIbrahimTustari.MudhakkarWaMuannath.JK010099-ara1	[]	[]
0366IbnCabdAllahNaysaburi.ManWafaqatKunyatuhu.Shamela0012958-ara1	[]	[]
0366IbnCabdAllahNaysaburi.ManWafaqatKunyatuhu.JK011645-ara1	[]	[]
0360Tabarani.FadlCasharDhiHijja.Shamela0012745-ara1	[]	[]
0360Tabarani.ManIsmuhCata.Shamela0012864-ara1	[]	[]
0360Tabarani.FadailRamy.JK011560-ara1	[]	[]
0360Tabarani.FadailRamy.Shamela0008239-ara1	[]	[]
0360Tabarani.AhadithTiwal.Shia002032-ara1	[]	[]
0360Tabarani.AhadithTiwal.Shamela0012989-ara1	[]	[]
0360Tabarani.AhadithTiwal.JK000599-ara1	[]	[]
0360Tabarani.MucjamSaghir.Shamela0013068-ara1	[]	[]
0360Tabarani.MucjamSaghir.JK000476-ara1	[]	[]
0360Tabarani.MucjamSaghir.Shia002043Vols-ara1	[]	[]
0360Tabarani.ZiyadadFiJawdWaSakha.Shamela0026743-ara1	[]	[]
0360Tabarani.TuruqHadithManKadhdhabaCalayya.Shamela0013130-ara1	[]	[]
0360Tabarani.TuruqHadithManKadhdhabaCalayya.JK000638-ara1	[]	[]
0360Tabarani.TuruqHadithManKadhdhabaCalayya.Shia002065-ara1	[]	[]
0360Tabarani.MakarimAkhlaq.JK011642-ara1	[]	[]
0360Tabarani.MakarimAkhlaq.Shamela0009324-ara1	[]	[]
0360Tabarani.JuzHadithAhlBasra.Shamela0026474-ara1	[]	[]
0360Tabarani.HadithDabb.Shamela0028925-ara1	[]	[]
0360Tabarani.MusnadShamiyyin.JK000478-ara1	[]	[]
0360Tabarani.MusnadShamiyyin.Shamela0013162-ara1	[]	[]
0360Tabarani.MusnadShamiyyin.Shia002069Vols-ara1	[]	[]
0360Tabarani.MucjamKabir.JK000474-ara1	[]	[]
0360Tabarani.MucjamKabir.Shamela0001733-ara1	[]	[]
0360Tabarani.MucjamKabir.Shamela0001353-ara1	[]	[]
0360Tabarani.MucjamKabir.Shia002045Vols-ara1	[]	[]
0360Tabarani.MucjamKabir.Shamela0001428-ara1	[]	[]
0360Tabarani.MucjamAwsat.Shia002034Vols-ara1	[]	[]
0360Tabarani.MucjamAwsat.Shamela0028171-ara1	[]	[]
0360Tabarani.MucjamAwsat.JK000883-ara1	[]	[]
0360Tabarani.Duca.Shia002067-ara1	[]	[]
0360Tabarani.Duca.Shamela0013016-ara1	[]	[]
0360Tabarani.Duca.JK000675-ara1	[]	[]
0360Tabarani.Awail.JK000862-ara1	[]	[]
0360Tabarani.Awail.Shia002066-ara1	[]	[]
0360Tabarani.Awail.Shamela0013002-ara1	[]	[]
0352IbnDuhaymShaybani.Fawaid.Shamela0030543-ara1	[]	[]
0371IbnIbrahimJurjani.IctiqadAimmatHadith.Shamela0010472-ara1	[]	[]
0371IbnIbrahimJurjani.IctiqadAimmatHadith.JK000356-ara1	[]	[]
0370CaribQurtubi.SilaTarikhTabari.Shia003482-ara1	[]	[]
0370CaribQurtubi.SilaTarikhTabari.JK011178-ara1	['completed']	[]
0370CaribQurtubi.TartibAnwa.Filaha002-ara1	['completed']	[]
0375IkhwanSafa.RisalatJamicaJamica.GVDB20200108-ara1	['completed']	[]
0375IkhwanSafa.Rasail.Hindawi95926405Vols-ara1	['completed']	[]
0360KushajimShacir.Diwan.JK007626-ara1	[]	[]
0355AbuFarajIsbahani.MaqatilTalibiyyin.Shamela0012404-ara1	['completed']	[]
0355AbuFarajIsbahani.MaqatilTalibiyyin.Zaydiyya0000154-ara1	[]	[]
0355AbuFarajIsbahani.MaqatilTalibiyyin.Zaydiyya0000224-ara1	[]	[]
0355AbuFarajIsbahani.MaqatilTalibiyyin.JK010351-ara1	[]	[]
0355AbuFarajIsbahani.MaqatilTalibiyyin.Shia001277-ara1	[]	[]
0355AbuFarajIsbahani.Aghani.JK000927-ara1	['completed']	[]
0355AbuFarajIsbahani.Diyarat.JK010725-ara1	[]	[]
0355AbuFarajIsbahani.Diyarat.Shamela0000725-ara1	['completed']	[]
0355AbuFarajIsbahani.ImaShawacir.Shamela0009221-ara1	['completed']	[]
0355AbuFarajIsbahani.ImaShawacir.JK009369-ara1	[]	[]
0362IbnBaraka.Tacaruf.ShamIbadiyya0000214-ara1	[]	[]
0362IbnBaraka.Tacaruf.ShamIbadiyya0000782-ara1	[]	[]
0362IbnBaraka.Jamic.ShamIbadiyya0000204-ara1	[]	[]
0365IbnFaqihHamadhani.Buldan.Shamela0011685-ara1	['no-ext', 'completed']	['no-ext']
0355MuhammadKindi.WulatMisr.JK010325-ara1	['completed']	[]
0355MuhammadKindi.WulatMisr.Shamela0012831-ara1	[]	[]
0355MuhammadKindi.FadailMisr.JK010405-ara1	[]	[]
0355MuhammadKindi.FadailMisr.Shamela0000405-ara1	['completed']	[]
0368IbnQulawayh.KamilZiyarat.Zaydiyya0000196-ara1	[]	[]
0353AbuCabbasHasani.Masabih.Zaydiyya0000087-ara1	[]	[]
0375IbnQasimMiyaniji.Juz.Shamela0029728-ara1	[]	[]
0367AbuLaythSamarqandi.BahrCulum.Shia002517Vols-ara1	[]	[]
0367AbuLaythSamarqandi.BahrCulum.JK001471-ara1	[]	[]
0367AbuLaythSamarqandi.BahrCulum.Shamela0023594-ara1	[]	[]
0356IbnQasimBaghdadi.AmaliFiLugha.JK000919-ara1	[]	[]
0356IbnQasimBaghdadi.AmaliFiLugha.Shamela0009160-ara1	[]	[]
0356IbnQasimBaghdadi.Ittibac.Shamela0006934-ara1	[]	[]
0356IbnQasimBaghdadi.Ittibac.JK009164-ara1	[]	[]
0375IbnHamzaBasri.Tanbihat.JK010226-ara1	[]	[]
0375IbnHamzaBasri.Tanbihat.Shamela0000226-ara1	[]	[]
0354IbnHibbanBusti.Majruhin.Shia003101Vols-ara1	['completed']	[]
0354IbnHibbanBusti.Majruhin.Shamela0005834-ara1	[]	[]
0354IbnHibbanBusti.Majruhin.JK000514-ara1	[]	[]
0354IbnHibbanBusti.Thiqat.Shia003092Vols-ara1	[]	[]
0354IbnHibbanBusti.Thiqat.Shamela0005816-ara1	['completed']	[]
0354IbnHibbanBusti.Thiqat.JK000513-ara1	[]	[]
0354IbnHibbanBusti.MashahirCulamaAmsar.Shamela0000896-ara1	[]	[]
0354IbnHibbanBusti.MashahirCulamaAmsar.Shia003104-ara1	[]	[]
0354IbnHibbanBusti.MashahirCulamaAmsar.JK000515-ara1	['completed']	[]
0354IbnHibbanBusti.RawdatCuqala.JK000834-ara1	[]	[]
0354IbnHibbanBusti.RawdatCuqala.Shamela0006944-ara1	['completed']	[]
0354IbnHibbanBusti.Sira.Shamela0009898-ara1	[]	[]
0366SariRaffaShacir.Diwan.JK007606-ara1	[]	[]
0364AbuHasanBasiwi.Mukhtasar.ShamIbadiyya0000473-ara1	[]	[]
0364AbuHasanBasiwi.Jamic.ShamIbadiyya0000129-ara1	[]	[]
0360IbnCaliQassab.NukatDalla.Shamela0009065-ara1	[]	[]
0357AbuFirasHamdani.Diwan.JK007584-ara1	[]	[]
0357IbnMuhammadKinani.Hadith.Shamela0029722-ara1	[]	[]
0357IbnMuhammadKinani.JuzBitaqa.Shamela0013100-ara1	[]	[]
0357IbnMuhammadKinani.JuzBitaqa.JK000491-ara1	[]	[]
0361AbuSacidKudami.Muctabar.ShamIbadiyya0000130-ara1	[]	[]
0361AbuSacidKudami.Muctabar.ShamIbadiyya0000231-ara1	[]	[]
0361AbuSacidKudami.Istiqama.ShamIbadiyya0000094-ara1	[]	[]
0361AbuSacidKudami.Istiqama.ShamIbadiyya0000005-ara1	[]	[]
0351IbnQanic.MucjamSahaba.Shamela0013178-ara1	[]	[]
0351IbnQanic.MucjamSahaba.JK000725-ara1	[]	[]
0374IbnHusaynAzdi.AsmaManYucrafBiKunya.Shamela0005779-ara1	[]	[]
0374IbnHusaynAzdi.AsmaManYucrafBiKunya.JK000526-ara1	['completed']	[]
0374IbnHusaynAzdi.Makhzun.JK000970-ara1	[]	[]
0374IbnHusaynAzdi.Makhzun.Shamela0001458-ara1	['completed']	[]
0374IbnHusaynAzdi.KunaLiManLaYucrafLahuIsm.Shamela0026895-ara1	['completed']	[]
0374IbnHusaynAzdi.ManWafaqaIsmuhuIsmAbihi.JK000666-ara1	['completed']	[]
0374IbnHusaynAzdi.ManWafaqaIsmuhuIsmAbihi.Shamela0026920-ara1	[]	[]
0374IbnHusaynAzdi.ManWafaqaIsmuhuIsmAbihi.Shamela0026919-ara1	[]	[]
0374IbnHusaynAzdi.AhadithMuntaqat.Shamela0029727-ara1	[]	[]
0374IbnHusaynAzdi.DhikrIsmKullAshab.Shamela0026918-ara1	[]	[]
0400KatibMajhul.AlladhiFarisWaRajil.NLIAG000190-ara1	['completed']	[]
0400KatibMajhul.SayadcufAlanManFihi.NLIAG000191-ara1	['completed']	[]
1044IbnBurhanDinHalabi.SiraHalabiyya.JK000159-ara1	[]	[]
1044IbnBurhanDinHalabi.SiraHalabiyya.Shamela0009873-ara1	[]	[]
1044IbnBurhanDinHalabi.SiraHalabiyya.Shia003746Vols-ara1	[]	[]
1031CabdRaufMunawi.IthafSail.Shamela0012731-ara1	[]	[]
1031CabdRaufMunawi.YawaqitWaDurar.Shamela0005979-ara1	[]	[]
1031CabdRaufMunawi.YawaqitWaDurar.JK006973-ara1	[]	[]
1031CabdRaufMunawi.TaysirBiSharh.Shamela0005769-ara1	[]	[]
1031CabdRaufMunawi.TaysirBiSharh.JK007006-ara1	[]	[]
1031CabdRaufMunawi.Tawqif.Shamela0010640-ara1	[]	[]
1031CabdRaufMunawi.Tawqif.JK000306-ara1	[]	[]
1031CabdRaufMunawi.SayyidatNisa.JK009332-ara1	[]	[]
1031CabdRaufMunawi.Ittihafat.JK001044-ara1	[]	[]
1031CabdRaufMunawi.Ittihafat.Shamela0007266-ara1	[]	[]
1031CabdRaufMunawi.FathSamawi.Shamela0008635-ara1	[]	[]
1031CabdRaufMunawi.FathSamawi.JK006671-ara1	[]	[]
1031CabdRaufMunawi.FathSamawi.Shia002284Vols-ara1	[]	[]
1031CabdRaufMunawi.FaydQadir.Shamela0021660-ara1	[]	[]
1031CabdRaufMunawi.FaydQadir.JK000298-ara1	[]	[]
1031CabdRaufMunawi.FaydQadir.Shia002287Vols-ara1	[]	[]
1037CabdQadirCaydarus.TarikhNurSafir.Shamela0006676-ara1	[]	[]
1037CabdQadirCaydarus.TarikhNurSafir.JK000418-ara1	[]	[]
1033MarciKarmi.QalaidMarjan.JK000451-ara1	[]	[]
1033MarciKarmi.QalaidMarjan.Shamela0005517-ara1	[]	[]
1033MarciKarmi.KalimatBayyinat.Shamela0036076-ara1	[]	[]
1033MarciKarmi.DalilTalibCalaMadhhabIbnHanbal.JK000115-ara1	[]	[]
1033MarciKarmi.DalilTalibLiNaylMatalib.Shamela0011196-ara1	[]	[]
1033MarciKarmi.MasbukDhahab.Shamela0026541-ara1	[]	[]
1033MarciKarmi.MasbukDhahab.JK010502-ara1	[]	[]
1033MarciKarmi.FawaidMawduca.Shamela0006051-ara1	[]	[]
1033MarciKarmi.FawaidMawduca.JK005012-ara1	[]	[]
1033MarciKarmi.TahqiqRujhan.Shamela0011087-ara1	[]	[]
1033MarciKarmi.AqawilThiqat.Shamela0006454-ara1	[]	[]
1033MarciKarmi.AqawilThiqat.JK000331-ara1	[]	[]
1033MarciKarmi.IthafDhawiAlbab.Shamela0096271-ara1	[]	[]
1033MarciKarmi.RafcShubha.JK001242-ara1	[]	[]
1033MarciKarmi.RafcShubha.Shamela0006481-ara1	[]	[]
1033MarciKarmi.DalilTalibinLiKalamNahwiyyin.Shamela0000254-ara1	[]	[]
1033MarciKarmi.ShahadaZakiyya.JK000364-ara1	[]	[]
1033MarciKarmi.ShahadaZakiyya.Shamela0006661-ara1	[]	[]
1041Maqqari.AzharRiyad.Shamela0026350-ara1	[]	[]
1041Maqqari.AzharRiyad.JK010757-ara1	[]	[]
1041Maqqari.NafhTib.Shamela0001002-ara1	['completed']	[]
1041Maqqari.NafhTib.JK001474-ara1	[]	[]
1029IbnMuhammadMansurBiLlah.IrshadIlaSabilRashad.Shia004486-ara1	[]	[]
1039IbnLuqman.KashifLiDhawiCuqul.Zaydiyya0000215-ara1	[]	[]
1041BurhanDinMaliki.BahjaMahafil.Shamela0096239-ara1	[]	[]
1034AhmadSirhindi.RaddRawafid.Shamela0036475-ara1	[]	[]
1041MuhammadBaqirDamadAstarabadi.IthnacasharRisala.Shia001406Vols-ara1	[]	[]
1041MuhammadBaqirDamadAstarabadi.RawashihSamawiyya.Shia001414-ara1	[]	[]
1050SadrDinShirazi.HikmaMutacaliya.Shia004695Vols-ara1	[]	[]
1050SadrDinShirazi.MabdaWaMacad.Shia004704-ara1	[]	[]
1050SadrDinShirazi.Mashacir.Shia004705-ara1	[]	[]
1029QasimIbnMuhammadImam.Irshad.Zaydiyya0000043-ara1	[]	[]
1029QasimIbnMuhammadImam.HatfAnfAfak.Zaydiyya0000338-ara1	[]	[]
1029QasimIbnMuhammadImam.MirqatWusul.Zaydiyya0000139-ara1	[]	[]
1029QasimIbnMuhammadImam.JawabMukhtar.Zaydiyya0000331-ara1	[]	[]
1029QasimIbnMuhammadImam.Majmuc.Zaydiyya0000079-ara1	[]	[]
1029QasimIbnMuhammadImam.Tahdhir.Zaydiyya0000330-ara1	[]	[]
1050IbnMansurBiLlahYamani.AdabCulama.JK010649-ara1	[]	[]
1050IbnMansurBiLlahYamani.AdabCulama.Zaydiyya0000339-ara1	[]	[]
1050IbnMansurBiLlahYamani.AdabCulama.Shamela0000649-ara1	[]	[]
1031BahaDinCamili.HadiqaHilaliyya.Shia004027-ara1	[]	[]
1031BahaDinCamili.MashriqShamsayn.Shia000209-ara1	[]	[]
1031BahaDinCamili.Kashkul.JK009365-ara1	[]	[]
1031BahaDinCamili.Kashkul.Shamela0001571-ara1	[]	[]
1031BahaDinCamili.TawdihMaqasid.Shia001405-ara1	[]	[]
1031BahaDinCamili.MiftahFalah.Shia000210-ara1	[]	[]
1031BahaDinCamili.HablMatin.Shia000207-ara1	[]	[]
1031BahaDinCamili.ZubdatUsul.Shia002756-ara1	[]	[]
1031BahaDinCamili.Ithnacashariyya.Shia000206-ara1	[]	[]
1030IbnGhanimBaghdadiHanafi.MajmacDamanat.Shamela0021639-ara1	[]	[]
1030IbnGhanimBaghdadiHanafi.MajmacDamanat.JK007131-ara1	[]	[]
0168MufaddalDabbi.AmthalCarab.JK011034-ara1	[]	[]
0168MufaddalDabbi.AmthalCarab.Shamela0009081-ara1	[]	[]
0168MufaddalDabbi.AmthalCarab.Shamela0001034-ara1	[]	[]
0168MufaddalDabbi.Mufaddaliyat.Shamela0006904-ara1	[]	[]
0168MufaddalDabbi.Mufaddaliyat.JK006911-ara1	[]	[]
0170KhalilFarahidi.JumalFiNahw.JK001109-ara1	[]	[]
0170KhalilFarahidi.JumalFiNahw.Shamela0006961-ara1	[]	[]
0170KhalilFarahidi.Cayn.Shia003887Vols-ara1	[]	[]
0170KhalilFarahidi.Cayn.ShamIbadiyya0000225-ara1	[]	[]
0170KhalilFarahidi.Cayn.Shamela0001682-ara1	[]	[]
0170KhalilFarahidi.Cayn.JK000930-ara1	[]	[]
0164MajishunMadani.Hajj.Shamela0026922-ara1	[]	[]
0170AbuZaydQurashi.JamharatAshcarCarab.Shamela0001487-ara1	[]	[]
0170AbuZaydQurashi.JamharatAshcarCarab.JK006912-ara1	[]	[]
0170RabicIbnHabibAzdi.JamicSahih.ShamIbadiyya0000155-ara1	[]	[]
0156IbnAbiCuruba.Manasik.JK011437-ara1	[]	[]
0156IbnAbiCuruba.Manasik.Shamela0009811-ara1	[]	[]
0167BashsharIbnBurdShacir.Diwan.JK007613-ara1	[]	[]
0167SariIbnYahyaBasri.AhadithSari.Shamela0029701-ara1	[]	[]
0175LaythIbnSacd.Cawali.JK000492-ara1	[]	[]
0175LaythIbnSacd.Cawali.Shamela0005676-ara1	[]	[]
0175LaythIbnSacd.CasharatAhadith.Shamela0009556-ara1	[]	[]
0175LaythIbnSacd.MajlisMinFawaid.Shamela0009812-ara1	[]	[]
0175LaythIbnSacd.MajlisMinFawaid.JK000863-ara1	[]	[]
0151MacmarIbnRashid.Jamic.JK000746-ara1	[]	[]
0151MacmarIbnRashid.Jamic.Shamela0005610-ara1	[]	[]
0161SufyanThawri.Hadith.Shamela0026548-ara1	[]	[]
0161SufyanThawri.Tafsir.Shamela0002229-ara1	[]	[]
0161SufyanThawri.Tafsir.Shia002462-ara1	[]	[]
0161SufyanThawri.Tafsir.JK000457-ara1	[]	[]
0161SufyanThawri.Faraid.Shamela0026488-ara1	[]	[]
0161SufyanThawri.Faraid.Shia001879-ara1	[]	[]
0168IbnTahman.Mashyakha.JK000625-ara1	[]	[]
0168IbnTahman.Mashyakha.Shamela0024831-ara1	[]	[]
0151IbnIshaq.Sira.Shia003660Vols-ara1	[]	[]
0151IbnIshaq.Sira.Shamela0009862-ara2	['completed']	[]
0151IbnIshaq.Sira.JK001038-ara1	[]	[]
0157AbuMikhnafAzdi.MaqtalHusayn.Shia003665-ara1	[]	[]
1381MuhammadSancani.MulhaqBadr.JK008005-ara1	[]	[]
1381MuhammadSancani.MulhaqBadr.Shamela0006672-ara1	[]	[]
1390HamadSulaymi.KursiFaraid.ShamIbadiyya0000208-ara1	[]	[]
1390HamadSulaymi.HidayatMubassirin.ShamIbadiyya0000823-ara1	[]	[]
1390HamadSulaymi.HidayatMubassirin.ShamIbadiyya0000824-ara1	[]	[]
1390CabdHusaynAmini.SahibIbnCabbad.Zaydiyya0000168-ara1	[]	[]
1390CabdHusaynAmini.Ghadir.Zaydiyya0000142-ara1	[]	[]
1392KhalfanSiyabi.QutraGhaythiyya.ShamIbadiyya0000003-ara1	[]	[]
1392KhalfanSiyabi.BahjatMajalis.ShamIbadiyya0000167-ara1	[]	[]
1389AghaBuzurgTihrani.DhaylKashfZunun.Shia003395-ara1	['completed']	[]
1389AghaBuzurgTihrani.TASHNawabighRuwat.JK001204-ara1	['completed']	[]
1389AghaBuzurgTihrani.TASHAnwarSatica.JK000951-ara1	['completed']	[]
1389AghaBuzurgTihrani.DharicaFiTasanifShica.Shia003366Vols-ara1	[]	[]
1389AghaBuzurgTihrani.DharicaFiTasanifShica.Zaydiyya0000134-ara1	[]	[]
1377SharafDinCamili.NassWaIjtihad.Zaydiyya0000161-ara1	[]	[]
1377SharafDinCamili.Murajacat.Zaydiyya0000199-ara1	[]	[]
1387MuhammadIbnSalimRuqayshi.NurWaqqad.ShamIbadiyya0000237-ara1	[]	[]
1400MuhammadBaqirSadr.FakFiTarikh.Zaydiyya0000194-ara1	[]	[]
1400MuhammadBaqirSadr.FatawaWadiha.Shia000716-ara1	[]	[]
1400MuhammadBaqirSadr.BankLaribawi.Zaydiyya0000456-ara1	[]	[]
1380MuhammadZabara.AimmatYamanBiQarnRabicCashr.Zaydiyya0000400-ara1	[]	[]
1385AbuIshaqAtfayyish.DacayaIlaSabilMuminin.ShamIbadiyya0000379-ara1	[]	[]
1385AbuIshaqAtfayyish.FiraqBaynIbadiyyaWaKhawarij.ShamIbadiyya0000249-ara1	[]	[]
1393IbrahimAbuYaqzan.WabaFujur.ShamIbadiyya0000964-ara1	[]	[]
1393IbrahimAbuYaqzan.AshiccatNur.ShamIbadiyya0000258-ara1	[]	[]
1393IbrahimAbuYaqzan.HikmatTashricIslami.ShamIbadiyya0000399-ara1	[]	[]
1383CabdHayyKattani.FahrasFaharis.Shamela0001037-ara1	[]	[]
1383CabdHayyKattani.FahrasFaharis.JK001082-ara1	[]	[]
1396KhayrDinZirikli.Aclam.Shamela0012286-ara1	['completed']	[]
1396KhayrDinZirikli.Aclam.Shia003396Vols-ara1	[]	[]
1396KhayrDinZirikli.Aclam.Sham30K0044666-ara1	[]	[]
1396KhayrDinZirikli.Aclam.Sham30K0012286-ara1	[]	[]
1396KhayrDinZirikli.Aclam.Sham30K0032952-ara1	[]	[]
1400IbnSuda.IthafMatalic.Sham30K0046642-ara1	[]	[]
1390MahmudAbuRayya.AdwaCalaSunna.Zaydiyya0000153-ara1	[]	[]
1376CabdRahmanSacdi.Muallafat.JK010075-ara1	[]	[]
1393MuhammadTahirIbnCashurTunisi.TahrirWaTanwir.Shamela0009776-ara1	[]	[]
1393MuhammadTahirIbnCashurTunisi.TahrirWaTanwir.JK009362-ara1	[]	[]
1387MuhammadFuadCabdBaqi.MucjamAlfazQuranMufahras.Zaydiyya0000577-ara1	[]	[]
1390AhmadIbnQasimCanasi.TajMudhhab.Zaydiyya0000061-ara1	[]	[]
1389MuhammadAlShaykh.FatawaWaRasail.Shamela0008476-ara1	[]	[]
1376MuhammadHajwiThacalibi.FikrSami.Shamela0010013-ara1	[]	[]
1390MuhsinTabatabai.DalilNasik.Shia000715-ara1	[]	[]
1391IbrahimKinaci.DucaCindaKhatmQuran.Zaydiyya0000237-ara1	[]	[]
1395IbrahimCabri.AhkamTalaq.ShamIbadiyya0000497-ara1	[]	[]
1395IbrahimCabri.Ajwiba.ShamIbadiyya0000504-ara1	[]	[]
0414AbuHayyanTawhidi.Basair.Shamela0026423-ara1	[]	[]
0414AbuHayyanTawhidi.Basair.JK009288-ara1	[]	[]
0414AbuHayyanTawhidi.Sadaqa.Shamela0011485-ara1	[]	[]
0414AbuHayyanTawhidi.Sadaqa.JK010611-ara1	[]	[]
0414AbuHayyanTawhidi.Muqabasat.Shamela0010916-ara1	[]	[]
0414AbuHayyanTawhidi.AkhlaqWazirayn.Shamela0012541-ara1	['completed']	[]
0414AbuHayyanTawhidi.AkhlaqWazirayn.JK009310-ara2	[]	[]
0414AbuHayyanTawhidi.Imtac.JK009314-ara1	[]	[]
0414AbuHayyanTawhidi.Imtac.Shamela0010521-ara1	[]	[]
0401IbnAyyashJawhari.MuqtadabAthar.Shia001289-ara1	[]	[]
0410IbnSalamaBaghdadi.NasikhWaMansukh.JK000444-ara1	[]	[]
0410IbnSalamaBaghdadi.NasikhWaMansukh.Shamela0005515-ara1	[]	[]
0420IbnMuhammadDimashqi.ArbacunaBuldaniyya.Shamela0030586-ara1	[]	[]
0420IbnMuhammadDimashqi.ArbacunaFiFadailDhikrRabb.Shamela0030587-ara1	[]	[]
0425RaqiqQayruwani.QutbSurur.Shamela0000672-ara1	[]	[]
0425RaqiqQayruwani.QutbSurur.JK010672-ara1	[]	[]
0404MahdiHusaynIbnQasim.Majmuc.Zaydiyya0000146-ara1	[]	[]
0405AbuFadlHarawi.MucjamFiMushtabah.JK000867-ara1	[]	[]
0405AbuFadlHarawi.MucjamFiMushtabah.Shamela0005804-ara1	['completed']	[]
0401IbnSaburZayyat.TibbAimma.Shia001288-ara1	[]	[]
0411IbnCubaydAllahGhadairi.TakmilatRisalatZurari.Zaydiyya0000184-ara1	[]	[]
0411IbnCubaydAllahGhadairi.SharhTakmilatRisala.Shia002930-ara1	[]	[]
0420IbnHasanTabib.Tashbihat.JK011024-ara1	[]	[]
0420IbnHasanTabib.Tashbihat.Shamela0001024-ara1	[]	[]
0421Miskawayh.TahdhibAkhlaq.JK010252-ara1	[]	[]
0421Miskawayh.TahdhibAkhlaq.Shamela0012720-ara1	['completed']	[]
0421Miskawayh.HawamilWaShawamil.Shamela0004135-ara1	['completed']	[]
0421Miskawayh.HawamilWaShawamil.JK009255-ara1	[]	[]
0421Miskawayh.Tajarib.Shamela0012396-ara1	['no-ext', 'completed']	['no-ext']
0407IbnMuhammadKharkushi.SharafMustafa.Shamela0023644-ara1	[]	[]
0423IbnCubaydAllahHarbi.Fawaid.Shamela0026584-ara1	[]	[]
0423IbnCubaydAllahHarbi.Fawaid.Shamela0026533-ara1	[]	[]
0418WazirMaghribi.Inas.Shamela0000492-ara1	['completed']	[]
0418WazirMaghribi.Inas.JK010492-ara1	[]	[]
0418WazirMaghribi.AdabKhawas.Shamela0012392-ara1	[]	[]
0418WazirMaghribi.AdabKhawas.JK010667-ara1	[]	[]
0418WazirMaghribi.Siyasa.Shamela0007229-ara1	[]	[]
0418WazirMaghribi.Siyasa.JK001314-ara1	[]	[]
0418HibatAllahLalikai.SharhUsulIctiqad.Shamela0009200-ara1	[]	[]
0418HibatAllahLalikai.SharhUsulIctiqad.JK000764-ara1	[]	[]
0418HibatAllahLalikai.KaramatAwliya.JK000326-ara1	[]	[]
0418HibatAllahLalikai.KaramatAwliya.Shamela0013150-ara1	[]	[]
0421AbuSacdAbi.NathrDurr.JK009302-ara1	[]	[]
0421AbuSacdAbi.NathrDurr.Shamela0007853-ara1	['completed']	[]
0405IbnHusaynHamadhani.FawaidWaAkhbar.Shamela0026505-ara1	[]	[]
0419IbnMuhammadBushanji.Hadith.Shamela0029749-ara1	[]	[]
0421HasanIbnSuwar.TacliqatLiIsaghughiFurfuriyus.GRAR000036-ara1	[]	[]
0403IbnFaradi.TarikhCulamaAndalus.Shamela0030743-ara1	[]	[]
0403IbnFaradi.TarikhCulamaAndalus.JK001462-ara1	['completed']	[]
0412IbnAhmadQummi.MiatManqaba.Shia001290-ara1	[]	[]
0414IbnCaliNaqqash.Majalis.Shamela0029747-ara1	[]	[]
0414IbnCaliNaqqash.Majalis.Shamela0021702-ara1	[]	[]
0414IbnCaliNaqqash.FununCajaib.Shamela0009754-ara1	[]	[]
0414IbnCaliNaqqash.FununCajaib.JK009216-ara1	[]	[]
0414IbnCaliNaqqash.FawaidCiraqiyyin.JK000600-ara1	[]	[]
0414IbnCaliNaqqash.FawaidCiraqiyyin.Shia002094-ara1	[]	[]
0414IbnCaliNaqqash.FawaidCiraqiyyin.Shamela0013146-ara1	[]	[]
0410IbnMardawayh.Majalis.JK011266-ara1	[]	[]
0410IbnMardawayh.Majalis.Shamela0026497-ara1	[]	[]
0410IbnMardawayh.Majalis.Shamela0008275-ara1	[]	[]
0410IbnMardawayh.Majalis.JK000859-ara1	[]	[]
0410IbnMardawayh.ManaqibCali.Shia003429-ara1	[]	[]
0415IbnMuhammadIbnBishranBaghdadi.Amali.Shamela0030399-ara1	[]	[]
0415IbnMuhammadIbnBishranBaghdadi.Amali.Shamela0026562-ara1	[]	[]
0415IbnMuhammadIbnBishranBaghdadi.Fawaid.Shamela0009383-ara1	[]	[]
0414IbnMuhammadDinawari.Amali.Shamela0003548-ara1	[]	[]
0408IbnCabdCazizTaymi.JuzHadith.Shamela0012852-ara1	[]	[]
0403IbnZanjala.HujjatQiraat.Shamela0005531-ara1	[]	[]
0403IbnZanjala.HujjatQiraat.JK000875-ara1	[]	[]
0420IbnCabdAllahKhatibIskafi.DurratTanzil.Shamela0001340-ara1	[]	[]
0406SharifRadi.MajazatNabawiyya.Shia001155-ara1	[]	[]
0406SharifRadi.NahjBalagha.Zaydiyya0000009-ara1	[]	[]
0406SharifRadi.NahjBalagha.Zaydiyya0000212-ara1	[]	[]
0406SharifRadi.NahjBalagha.Shia20200618-ara1	['completed']	[]
0406SharifRadi.HaqaiqTawil.Shia002340-ara1	[]	[]
0406SharifRadi.Diwan.JK007608-ara1	[]	[]
0406SharifRadi.KhasaisAimma.Shia001156-ara1	[]	[]
0421IbnDarrajQastali.Diwan.JK007566-ara1	[]	[]
0405AbuCabbasCasmi.Juz.Shamela0026563-ara1	[]	[]
0406IbnFurakIsbahani.MushkilHadith.JK001187-ara1	[]	[]
0406IbnFurakIsbahani.MushkilHadith.Shamela0005899-ara1	[]	[]
0406IbnFurakIsbahani.Tafsir.Shamela0010523-ara1	[]	[]
0405HakimNaysaburi.MadkhalIlaIklil.Shamela0005997-ara1	[]	[]
0405HakimNaysaburi.MadkhalIlaIklil.JK000804-ara1	[]	[]
0405HakimNaysaburi.MadkhalIlaSahih.JK000719-ara1	[]	[]
0405HakimNaysaburi.MadkhalIlaSahih.Shamela0006027-ara1	[]	[]
0405HakimNaysaburi.TasmiyaManAkhrajahum.Shamela0005853-ara1	['completed']	[]
0405HakimNaysaburi.TasmiyaManAkhrajahum.JK000759-ara1	[]	[]
0405HakimNaysaburi.Mustadrak.JK000467-ara1	[]	[]
0405HakimNaysaburi.Mustadrak.Shia001750Vols-ara1	[]	[]
0405HakimNaysaburi.Mustadrak.Shamela0002266-ara1	[]	[]
0405HakimNaysaburi.TalkhisTarikhNaysabur.Shamela0004017-ara1	['completed']	[]
0405HakimNaysaburi.MacrifatCulumHadith.Shia002093-ara1	[]	[]
0405HakimNaysaburi.MacrifatCulumHadith.JK000108-ara1	[]	[]
0405HakimNaysaburi.MacrifatCulumHadith.Shamela0013179-ara1	[]	[]
0405HakimNaysaburi.Sualat.Shamela0000535-ara1	[]	[]
0413ShaykhMufid.MasarShica.Shia001325-ara1	[]	[]
0413ShaykhMufid.MasarShica.Zaydiyya0000327-ara1	[]	[]
0413ShaykhMufid.MasarShica.Zaydiyya0000326-ara1	[]	[]
0413ShaykhMufid.MasarShica.Shia001324-ara1	[]	[]
0413ShaykhMufid.MashCalaRijlayn.Shia000010-ara1	[]	[]
0413ShaykhMufid.AwailMaqalat.Shia001292-ara1	[]	[]
0413ShaykhMufid.AwailMaqalat.Zaydiyya0000323-ara1	[]	[]
0413ShaykhMufid.TafdilAmirMuminin.Shia001311-ara1	[]	[]
0413ShaykhMufid.RisalatMutca.Shia000015-ara1	[]	[]
0413ShaykhMufid.TashihIctiqadat.Zaydiyya0000325-ara1	[]	[]
0413ShaykhMufid.TashihIctiqadat.Shia001310-ara1	[]	[]
0413ShaykhMufid.HadithNahnuMacashirAnbiya.Shia001312-ara1	[]	[]
0413ShaykhMufid.DhabaihAhlKitab.Shia000014-ara1	[]	[]
0413ShaykhMufid.Afsah.Zaydiyya0000316-ara1	[]	[]
0413ShaykhMufid.AqsamMawla.Shia001291-ara1	[]	[]
0413ShaykhMufid.ImanAbiTalib.Zaydiyya0000324-ara1	[]	[]
0413ShaykhMufid.ImanAbiTalib.Shia001293-ara1	[]	[]
0413ShaykhMufid.JawabatAhlMawsil.Shia000012-ara1	[]	[]
0413ShaykhMufid.Ifsah.Shia001298-ara1	[]	[]
0413ShaykhMufid.Jamal.Shia003687-ara1	[]	[]
0413ShaykhMufid.Irshad.Zaydiyya0000306-ara1	[]	[]
0413ShaykhMufid.Irshad.Shia001294Vols-ara1	[]	[]
0413ShaykhMufid.RasailFiGhayba.Shia001313Vols-ara1	[]	[]
0413ShaykhMufid.RisalaFiMahr.Shia000016-ara1	[]	[]
0413ShaykhMufid.Hikayat.Shia001301-ara1	[]	[]
0413ShaykhMufid.Hikayat.Zaydiyya0000317-ara1	[]	[]
0413ShaykhMufid.Kafia.Shia001304-ara1	[]	[]
0413ShaykhMufid.SharhManam.Shia001319-ara1	[]	[]
0413ShaykhMufid.FusulMukhtara.Zaydiyya0000319-ara1	[]	[]
0413ShaykhMufid.FusulMukhtara.Shia001303-ara1	[]	[]
0413ShaykhMufid.MasalatanFiNassCalaCali.Shia001322Vols-ara1	[]	[]
0413ShaykhMufid.NukatIctiqadiyya.Zaydiyya0000308-ara1	[]	[]
0413ShaykhMufid.NukatIctiqadiyya.Shia001308-ara1	[]	[]
0413ShaykhMufid.MasailSarwiyya.Shia000007-ara1	[]	[]
0413ShaykhMufid.Muqnica.Shia000011-ara1	[]	[]
0413ShaykhMufid.FusulCashara.Shia001302-ara1	[]	[]
0413ShaykhMufid.FusulCashara.Zaydiyya0000318-ara1	[]	[]
0413ShaykhMufid.MasailTusiyya.Shia000009-ara1	[]	[]
0413ShaykhMufid.NukatFiMuqaddimatUsul.Shia001309-ara1	[]	[]
0413ShaykhMufid.AhkamNisa.Shia000005-ara1	[]	[]
0413ShaykhMufid.Ikhtisas.Shia001300-ara1	[]	[]
0413ShaykhMufid.Ikhtisas.Zaydiyya0000321-ara1	[]	[]
0413ShaykhMufid.MasalaFiIrada.Shia001321-ara1	[]	[]
0413ShaykhMufid.MasailJarudiyya.Shia001306-ara1	[]	[]
0413ShaykhMufid.MasailJarudiyya.Zaydiyya0000305-ara1	[]	[]
0413ShaykhMufid.MasailSaghaniyya.Shia000008-ara1	[]	[]
0413ShaykhMufid.Cawis.Shia000006-ara1	[]	[]
0413ShaykhMufid.TadhkiraBiUsulFiqh.Shia002745-ara1	[]	[]
0413ShaykhMufid.Amali.Shia001299-ara1	[]	[]
0413ShaykhMufid.Mazar.Zaydiyya0000320-ara1	[]	[]
0413ShaykhMufid.Mazar.Shia001305-ara1	[]	[]
0413ShaykhMufid.MasailCukbariyya.Shia001307-ara1	[]	[]
0413ShaykhMufid.MasailCukbariyya.Zaydiyya0000322-ara1	[]	[]
0413ShaykhMufid.CadamSahwNabi.Shia001320-ara1	[]	[]
0413ShaykhMufid.Iclam.Shia001297-ara1	[]	[]
0413ShaykhMufid.Iclam.Zaydiyya0000309-ara1	[]	[]
0413ShaykhMufid.Ashraf.Zaydiyya0000307-ara1	[]	[]
0413ShaykhMufid.Ashraf.Shia001296-ara1	[]	[]
0413ShaykhMufid.MasailCasharFiGhayba.Shia003995-ara1	[]	[]
0413ShaykhMufid.KhulasatIjaz.Shia000013-ara1	[]	[]
0413ShaykhMufid.RisalaHawlaKhabarMariya.Shia001317-ara1	[]	[]
0413ShaykhMufid.RisalaFiMacnaMawla.Shia001318-ara1	[]	[]
0410IbnCumarDimashqi.Fawaid.Shamela0004003-ara1	[]	[]
0414AbuQasimRazi.MusnadMuqallin.Shia002095-ara1	[]	[]
0414AbuQasimRazi.MusnadMuqallin.JK000738-ara1	[]	[]
0414AbuQasimRazi.MusnadMuqallin.Shamela0013164-ara1	[]	[]
0414AbuQasimRazi.Fawaid.JK000624-ara1	[]	[]
0414AbuQasimRazi.Fawaid.Shamela0013147-ara1	[]	[]
0414AbuQasimRazi.IslamZaydIbnHaritha.Shamela0009368-ara1	[]	[]
0402MuhammadSaydawi.MucjamShuyukh.Shamela0013177-ara1	[]	[]
0402MuhammadSaydawi.MucjamShuyukh.JK000667-ara1	[]	[]
0412IbnMuhammadHarawi.ArbacunaFiShuyukhSufiyya.Shamela0008247-ara1	[]	[]
0420IbnMuhammadIbnFadala.Fawaid.Shamela0029750-ara1	[]	[]
0412IbnJacfarQayruwani.MaYajuziLiShacir.Shamela0036088-ara1	[]	[]
0416CaliIbnMuhammadTihami.Diwan.JK007623-ara1	[]	[]
0424AbuTalibYahyaHaruni.Amali.Zaydiyya0000229-ara1	[]	[]
0424AbuTalibYahyaHaruni.TaysirMatalib.Zaydiyya0000352-ara1	[]	[]
0424AbuTalibYahyaHaruni.Tahrir.Zaydiyya0000069-ara1	[]	[]
0424AbuTalibYahyaHaruni.Tahrir.Zaydiyya0000232-ara1	[]	[]
0424AbuTalibYahyaHaruni.IfadaFiTarikhAimma.Zaydiyya0000088-ara1	[]	[]
0411HamidDinKirmani.MasabihFiIthbat.Shia003686-ara1	['completed']	[]
0412IbnAhmadBaghdadi.Hadith.Shamela0030429-ara1	[]	[]
0416IbnNahhasMisri.RuyatAllah.Shamela0008232-ara1	[]	[]
0403AbuBakrBaqillani.Insaf.JK010425-ara1	[]	[]
0403AbuBakrBaqillani.Insaf.JK009220-ara1	[]	[]
0403AbuBakrBaqillani.TamhidAwail.Shia002526-ara1	[]	[]
0403AbuBakrBaqillani.TamhidAwail.Shamela0006389-ara1	[]	[]
0403AbuBakrBaqillani.TamhidAwail.JK001262-ara1	[]	[]
0403AbuBakrBaqillani.IntisarQuran.Shamela0001397-ara1	[]	[]
0403AbuBakrBaqillani.IcjazQuran.JK001020-ara1	[]	[]
0403AbuBakrBaqillani.IcjazQuran.Shamela0000953-ara1	[]	[]
0403AbuBakrBaqillani.IcjazQuran.Shia002525-ara1	[]	[]
0425IbnYasirJawbari.Ahadith.Shamela0029814-ara1	[]	[]
0415QadiCabdJabbar.TathbitDalailNubuwwa.Shamela0009789-ara1	['completed']	[]
0412Sulami.TabaqatSufiya.JK001243-ara1	[]	[]
0412Sulami.TabaqatSufiya.Shamela0006686-ara1	['completed']	[]
0412Sulami.TabaqatSufiya.JK009213-ara1	[]	[]
0412Sulami.Wasiya.JK008002-ara1	[]	[]
0412Sulami.Wasiya.Shamela0006890-ara1	[]	[]
0412Sulami.Futuwwa.Shamela0026864-ara1	[]	[]
0412Sulami.AdabSuhba.JK000838-ara1	[]	[]
0412Sulami.AdabSuhba.Shamela0012982-ara1	[]	[]
0412Sulami.Majlis.Shamela0030142-ara1	[]	[]
0412Sulami.CuyubNafs.JK000833-ara1	[]	[]
0412Sulami.CuyubNafs.Shamela0006786-ara1	[]	[]
0412Sulami.SualatLiDaruqutni.Shamela0001680-ara1	[]	[]
0412Sulami.ArbacunaFiTasawwuf.Shamela0022526-ara1	[]	[]
0412Sulami.Tafsir.JK007094-ara1	[]	[]
0412Sulami.Tafsir.Shia002527Vols-ara1	[]	[]
0406IbnMuhammadNaysaburi.CuqalaMajanin.Shamela0001593-ara1	[]	[]
0406IbnMuhammadNaysaburi.CuqalaMajanin.JK010625-ara1	[]	[]
0409CabdGhaniAzdi.FawaidHadith.Shamela0026450-ara1	[]	[]
0409CabdGhaniAzdi.Rubaci.Shamela0026844-ara1	[]	[]
0409CabdGhaniAzdi.Awham.Shamela0013004-ara1	[]	[]
0409CabdGhaniAzdi.Awham.JK000683-ara1	[]	[]
0409CabdGhaniAzdi.KitabMutawarin.JK000395-ara1	[]	[]
0409CabdGhaniAzdi.KitabMutawarin.Shia003486-ara1	[]	[]
0409CabdGhaniAzdi.KitabMutawarin.Shamela0001139-ara1	[]	[]
0409CabdGhaniAzdi.Ghawamis.Shamela0026507-ara1	[]	[]
0406IbnMuhammadSaqati.FadailMucawiya.Shamela0021647-ara1	[]	[]
0411MuayyadAhmad.IthbatNubuwwa.Zaydiyya0000473-ara1	[]	[]
0411MuayyadAhmad.Tabsira.Zaydiyya0000457-ara1	[]	[]
0411MuayyadAhmad.Tajrid.Zaydiyya0000068-ara1	[]	[]
0411MuayyadAhmad.Tajrid.Zaydiyya0000267-ara1	[]	[]
0422QadiCabdWahhabThaclabi.TalqinFiFiqh.Shamela0007262-ara1	[]	[]
0422QadiCabdWahhabThaclabi.TalqinFiFiqh.JK000120-ara1	[]	[]
0415IbnMuhammadMahamili.LubabFiFiqhShafici.Shamela0008534-ara1	[]	[]
0414IbnHasanGhadairi.Juz.Shamela0026395-ara1	[]	[]
0421IbnMuhammadMarzuqi.AzminaWaAmkina.Shamela0011469-ara1	['completed']	[]
0421IbnMuhammadMarzuqi.AzminaWaAmkina.JK010461-ara1	[]	[]
0421IbnMuhammadMarzuqi.AmaliMarzuqi.Shamela0000722-ara1	['completed']	[]
0421IbnMuhammadMarzuqi.AmaliMarzuqi.JK010722-ara1	[]	[]
0421IbnMuhammadMarzuqi.SharhDiwanHamasa.JK010521-ara1	[]	[]
0421IbnMuhammadMarzuqi.SharhDiwanHamasa.Shamela0026536-ara1	['completed']	[]
0413IbnTalhaNaccali.Juz.Shamela0029746-ara1	[]	[]
0413IbnTalhaNaccali.Fawaid.Shamela0030435-ara1	[]	[]
0105KuthayyirCazza.Diwan.JK007558-ara1	[]	[]
0110HasanBasri.FadailMakka.JK000644-ara1	['inProgress']	[]
0110HasanBasri.FadailMakka.Shamela0005722-ara1	['completed']	[]
0110HasanBasri.FadailMakka.Shia003454-ara1	[]	[]
0117IbnDicamaSadusi.NasikhWaMansukh.JK000163-ara1	[]	[]
0117IbnDicamaSadusi.NasikhWaMansukh.Shia002458-ara1	[]	[]
0117IbnDicamaSadusi.NasikhWaMansukh.Shamela0008491-ara1	[]	[]
0125NabighaShaybani.Diwan.JK007548-ara1	[]	[]
0110Farazdaq.Diwan.JK007547-ara1	[]	[]
0110IbnSirin.MuntakhabKalamFiTafsirAhlam.JK006856-ara2	[]	[]
0110IbnSirin.MuntakhabKalamFiTafsirAhlam.Shia004640Vols-ara1	[]	[]
0110IbnSirin.MuntakhabKalamFiTafsirAhlam.Shamela0021615-ara1	[]	[]
0125Tirimmah.Diwan.JK007546-ara1	[]	[]
0122ZaydIbnCali.MansikHajj.Zaydiyya0000269-ara1	[]	[]
0122ZaydIbnCali.MansikHajj.Zaydiyya0000065-ara1	[]	[]
0122ZaydIbnCali.TafsirGharibQuran.Zaydiyya0000297-ara1	[]	[]
0122ZaydIbnCali.MusnadZayd.Zaydiyya0000056-ara1	[]	[]
0122ZaydIbnCali.MusnadZayd.Shia000811-ara1	[]	[]
0122ZaydIbnCali.MusnadZayd.Zaydiyya0000052-ara1	[]	[]
0122ZaydIbnCali.MajmucRasail.Zaydiyya0000074-ara1	[]	[]
0104MujahidIbnJabr.Tafsir.Shia002456Vols-ara1	[]	[]
0104MujahidIbnJabr.Tafsir.JK000459-ara1	[]	[]
0104MujahidIbnJabr.Tafsir.Shamela0012810-ara2	[]	[]
0117DhuRumma.Diwan.JK007551-ara1	[]	[]
0105AhwasAnsari.Diwan.JK007543-ara1	[]	[]
0124IbnShihabZuhri.TanzilQuran.JK000872-ara2	[]	[]
0124IbnShihabZuhri.TanzilQuran.Shamela0026887-ara1	[]	[]
0110JarirShacir.Diwan.JK007549-ara1	[]	[]
1150IbnAhmadShamsDinMakki.FawaidJlalila.Shamela0010758-ara1	[]	[]
1130CabdAllahBahrani.Cawalim.Shia001552-ara1	[]	[]
1147CabdAllahSancani.TarikhYaman.JK001483-ara1	[]	[]
1147CabdAllahSancani.TarikhYaman.Shamela0006640-ara1	[]	[]
1143IbnCabdKarimGhazziCamiri.JiddHathith.JK005002-ara1	[]	[]
1143IbnCabdKarimGhazziCamiri.JiddHathith.Shamela0006077-ara1	[]	[]
1140IbnMuhammadDimyatiShafici.JawahirGhawali.Shamela0010632-ara1	[]	[]
1138IbnHusaynQadiriTawari.TakmilatBahrRaiq.Shia000987Vols-ara1	[]	[]
1132IbnAhmadAbuMadyanFasi.MustacdhabIkhbar.Shamela0023675-ara1	[]	[]
1135IbnCumarTaghlibiShaybani.NaylMaarib.Shamela0096876-ara1	[]	[]
1138IbnCabdHadiNurDinSindi.HashiyaCalaIbnMajah.Shamela0009810-ara1	[]	[]
1138IbnCabdHadiNurDinSindi.HashiyaCalaNisai.JK000554-ara1	[]	[]
1138IbnCabdHadiNurDinSindi.HashiyaCalaNisai.Shia001845Vols-ara1	[]	[]
1138IbnCabdHadiNurDinSindi.HashiyaCalaNisai.Shamela0000522-ara1	[]	[]
1150SalihSulayfi.MinhajTalibin.ShamIbadiyya0000786-ara1	[]	[]
1127KhayrDinIbnIlyas.FalahFallah.Filaha003-ara1	['completed']	[]
1143CabdGhaniNabulusi.TactirAnam.JK006852-ara1	[]	[]
1143CabdGhaniNabulusi.TactirAnam.Shamela0001217-ara1	[]	[]
1143CabdGhaniNabulusi.TactirAnam.Shia004642Vols-ara1	[]	[]
1143CabdGhaniNabulusi.KashfNur.Shia004516-ara1	[]	[]
1143CabdGhaniNabulusi.Diwan.JK007641-ara1	[]	[]
1137IbnHasanBahaDinIsbahani.KashfLitham.Shia000231Vols-ara1	[]	[]
1137IbnHasanBahaDinIsbahani.KashfLitham.Shia000220Vols-ara1	[]	[]
1129CaliAmirSancani.Bidca.Shia004487-ara1	[]	[]
1126MuhammadHanbali.Mashyakha.Shamela0000202-ara1	[]	[]
1137FadilHindi.SharhCayniyya.Shia004664-ara1	[]	[]
1147IbnSharafDinKhalili.FatawaKhalili.Shamela0008648-ara1	[]	[]
1127IbnMustafaIstanbuli.RuhBayan.Shamela0023612-ara1	[]	[]
1248MuhammadTaqiRaziNajafi.HidayatMustarshidin.Shia002761Vols-ara1	[]	[]
1242DiyaDinKhalidBaghdadi.RisalaFiTahqiqRabita.Shia004048-ara1	[]	[]
1250IbnMuhammadRaiqiSacidi.FathMutacal.Shamela0003863-ara1	[]	[]
1231MirzaAbuQasimQummi.ManahijAhkam.Shia000296-ara1	[]	[]
1231MirzaAbuQasimQummi.QawaninUsul.Shia002760-ara1	[]	[]
1231MirzaAbuQasimQummi.GhanaimAyyam.Shia000291Vols-ara1	[]	[]
1241IbnMuhammadKhalwatiSawi.BulghatSalik.JK007085-ara1	[]	[]
1241IbnMuhammadKhalwatiSawi.BulghatSalik.Shamela0021607-ara1	[]	[]
1226MuhammadJawadCamili.MiftahKarama.Shia000263Vols-ara1	[]	[]
1246IbnHamadBassam.DurarMafakhir.Shamela0000410-ara1	[]	[]
1246IbnHamadBassam.DurarMafakhir.JK010410-ara1	[]	[]
1250IbnMuhammadCattarShafici.HashiyaCalaJamcJawamic.JK007102-ara1	[]	[]
1250IbnMuhammadCattarShafici.HashiyaCalaJamcJawamic.Shamela0021608-ara1	[]	[]
1250IbnCaliShawkani.AdillaRadiya.JK000199-ara1	[]	[]
1250IbnCaliShawkani.IrshadFuhul.Shamela0011437-ara1	[]	[]
1250IbnCaliShawkani.IrshadFuhul.JK000152-ara1	[]	[]
1250IbnCaliShawkani.SaylJarrar.JK000251-ara1	[]	[]
1250IbnCaliShawkani.SaylJarrar.Shamela0007342-ara1	[]	[]
1250IbnCaliShawkani.DarariMudia.Zaydiyya0000266-ara1	[]	[]
1250IbnCaliShawkani.SawarimHidad.Shamela0006519-ara1	[]	[]
1250IbnCaliShawkani.SawarimHidad.JK001245-ara1	[]	[]
1250IbnCaliShawkani.DarariMudiyya.Shamela0007264-ara1	[]	[]
1250IbnCaliShawkani.DarariMudiyya.JK000175-ara1	[]	[]
1250IbnCaliShawkani.TuhafMinMadhahibSalaf.JK000870-ara1	[]	[]
1250IbnCaliShawkani.TuhafMinMadhahibSalaf.Shamela0037029-ara1	[]	[]
1250IbnCaliShawkani.TuhafMinMadhahibSalaf.Shamela0037030-ara1	[]	[]
1250IbnCaliShawkani.FathBariMinFatawa.Shamela0036543-ara1	[]	[]
1250IbnCaliShawkani.IrshadThiqat.Shamela0006455-ara1	[]	[]
1250IbnCaliShawkani.IrshadThiqat.JK001036-ara1	[]	[]
1250IbnCaliShawkani.BadrTalic.JK000998-ara1	[]	[]
1250IbnCaliShawkani.BadrTalic.Shamela0006671-ara1	[]	[]
1250IbnCaliShawkani.NaylAwtar.JK000165-ara1	[]	[]
1250IbnCaliShawkani.NaylAwtar.Shamela0009242-ara1	[]	[]
1250IbnCaliShawkani.NaylAwtar.Shia001060Vols-ara1	[]	[]
1250IbnCaliShawkani.QawlMufid.JK000187-ara1	[]	[]
1250IbnCaliShawkani.QawlMufid.Shamela0006359-ara1	[]	[]
1250IbnCaliShawkani.TuhfatDhakirin.Shamela0006844-ara1	[]	[]
1250IbnCaliShawkani.TuhfatDhakirin.JK001012-ara1	[]	[]
1250IbnCaliShawkani.SharhSudur.Shia001059-ara1	[]	[]
1250IbnCaliShawkani.SharhSudur.Shamela0005208-ara1	[]	[]
1250IbnCaliShawkani.WilayatAllah.Shamela0006886-ara1	[]	[]
1250IbnCaliShawkani.AdabTalab.JK006955-ara1	[]	[]
1250IbnCaliShawkani.AdabTalab.Shamela0006854-ara1	[]	[]
1250IbnCaliShawkani.FathQadir.JK000465-ara1	[]	[]
1250IbnCaliShawkani.FathQadir.Shamela0023623-ara1	[]	[]
1250IbnCaliShawkani.FathQadir.Shia002697Vols-ara1	[]	[]
1250IbnCaliShawkani.FawaidMajmuca.Shamela0002671-ara1	[]	[]
1250IbnCaliShawkani.FawaidMajmuca.JK001091-ara1	[]	[]
1250IbnCaliShawkani.BahthMusaffir.Shamela0007566-ara1	[]	[]
1232IbnKhatibCumari.RawdaFayha.Shamela0005455-ara1	[]	[]
1250CabdFattahHusayniMaraghi.Canawin.Shia001085Vols-ara1	[]	[]
1239IbnAhmadFarharawiMultani.NahiyaCanTacnMucawiya.Shamela0036080-ara1	[]	[]
1246IbnCabdGhaniDihlawi.RisalatTawhid.Shamela0001123-ara1	[]	[]
1246IbnCabdGhaniDihlawi.RisalatTawhid.JK000360-ara1	[]	[]
1242IbnMuhammadIbnCabdWahhabNajdi.JawabAhlSunna.Shamela0011146-ara1	[]	[]
1242IbnMuhammadIbnCabdWahhabNajdi.KalimatNafica.Shamela0008532-ara1	[]	[]
1237Jabarti.CajaibAthar.Shia003630Vols-ara1	[]	[]
1237Jabarti.CajaibAthar.JK000394-ara1	[]	[]
1237Jabarti.CajaibAthar.Shamela0011998-ara1	[]	[]
1228IbnSulaymanHalabiRihawi.NukhbatLaali.Shia004047-ara1	[]	[]
1228JacfarKashifGhita.ManhajRashad.Shia004046-ara1	[]	[]
1228JacfarKashifGhita.KhashfGhita.Shia000275Vols-ara1	[]	[]
1237AbuNabhanJacidIbnKhamisKharusi.TafsirSuratFatiha.ShamIbadiyya0000437-ara1	[]	[]
1231IbnMuhammadHanafiTahtawi.HashiyaCalaMaraqi.JK000219-ara1	[]	[]
1231IbnMuhammadHanafiTahtawi.HashiyaCalaMaraqi.Shamela0011993-ara1	[]	[]
1250MuhammadHusaynHairiTihrani.FusulGharawiyya.Shia002764-ara1	[]	[]
1244AhmadNiraqi.MustanadShica.Shia000298Vols-ara1	[]	[]
1244AhmadNiraqi.CawaidAyyam.Shia000297-ara1	[]	[]
1226IbnCabdLatifBarbir.Mufakhara.Shamela0036079-ara1	[]	[]
1233SulaymanSibtIbnCabdWahhab.Dalail.Shamela0012827-ara1	[]	[]
1233SulaymanSibtIbnCabdWahhab.TawdihCanTawhid.Shamela0007597-ara1	[]	[]
1233SulaymanSibtIbnCabdWahhab.Taysir.JK000116-ara1	[]	[]
1233SulaymanSibtIbnCabdWahhab.Taysir.JK007099-ara1	[]	[]
1233SulaymanSibtIbnCabdWahhab.Taysir.Shamela0002378-ara1	[]	[]
1228MuhammadAmirKabirMaliki.NukhbaBahiyya.JK005011-ara1	[]	[]
1228MuhammadAmirKabirMaliki.NukhbaBahiyya.Shamela0006079-ara1	[]	[]
1231SayyidCaliTabatabai.RiyadMasail.Shia000277Vols-ara1	[]	[]
1230IbnAhmadDasuqi.HashiyatCalaSharhKabir.JK000241-ara1	[]	[]
1230IbnAhmadDasuqi.HashiyatCalaSharhKabir.Shia000914Vols-ara1	[]	[]
1230IbnAhmadDasuqi.HashiyatCalaSharhKabir.Shamela0021604-ara1	[]	[]
1243IbnSacdRahyabaniSuyuti.MatalibUliNuha.Shamela0021677-ara1	[]	[]
1243IbnSacdRahyabaniSuyuti.MatalibUliNuha.JK005202-ara1	[]	[]
1244IbnHamadAlMucammar.MinhatQaribMujib.Shamela0010895-ara1	[]	[]
0649ibnCabdAllahMuzaffariShafici.Juz.Shamela0012855-ara1	[]	[]
0650RashidDinDimashqi.MashyakhaBaghdadiyya.Shamela0009389-ara1	[]	[]
0650RashidDinDimashqi.MashyakhaBaghdadiyya.Shamela0026471-ara1	[]	[]
0647IbnAbiNajmSacdi.BayanWaTabyin.Zaydiyya0000207-ara1	[]	[]
0647IbnAbiNajmSacdi.Tibyan.Zaydiyya0000344-ara1	[]	[]
0634AbuRabicHimyari.Musalsalat.Shamela0030665-ara1	[]	[]
0634AbuRabicHimyari.Iktifa.JK001294-ara1	[]	[]
0634AbuRabicHimyari.Iktifa.Shamela0009770-ara1	['completed']	[]
0633IbnHasanIbnDihyaKalbi.MaWadahaWaMaIstabana.Shamela0009593-ara1	[]	[]
0633IbnHasanIbnDihyaKalbi.MaWadahaWaMaIstabana.JK009392-ara1	[]	[]
0633IbnHasanIbnDihyaKalbi.MutribMinAshcar.Shamela0000093-ara1	[]	[]
0633IbnHasanIbnDihyaKalbi.MutribMinAshcar.JK010658-ara1	[]	[]
0633IbnHasanIbnDihyaKalbi.AdaMaWajaba.JK009389-ara1	[]	[]
0633IbnHasanIbnDihyaKalbi.AdaMaWajaba.Shamela0023163-ara1	[]	[]
0626IbnAbiGhanaimShamsDinIbnSasra.Mashyakha.Shamela0010076-ara1	['completed']	[]
0632BahaDinIbnShaddad.NawadirSultaniyya.Shamela0012716-ara1	[]	[]
0632BahaDinIbnShaddad.NawadirSultaniyya.JK009276-ara1	['completed']	[]
0638IbnCarabi.Diwan.JK007629-ara1	[]	[]
0638IbnCarabi.Tafsir.Shia002611Vols-ara1	[]	[]
0638IbnCarabi.FutuhatMakkiyya.JK009237-ara1	[]	[]
0638IbnCarabi.FutuhatMakkiyya.Shia004687Vols-ara1	[]	[]
0630IbnCaliShaficiQalci.TahdhibRiyasa.JK001310-ara1	[]	[]
0630IbnCaliShaficiQalci.TahdhibRiyasa.Shamela0007240-ara1	[]	[]
0646IbnNamawarKhunaji.JumalFiMantiq.Shamela0000719-ara1	[]	[]
0646IbnNamawarKhunaji.JumalFiMantiq.JK010719-ara1	[]	[]
0643CaliSakhawi.HidayatMurtab.Shamela0009831-ara1	[]	[]
0643CaliSakhawi.JamalQurra.Shamela0010460-ara1	[]	[]
0643CaliSakhawi.JamalQurra.Shamela0037653-ara1	[]	[]
0645TilimsaniBurri.Jawhara.JK010493-ara1	[]	[]
0645TilimsaniBurri.Jawhara.Shamela0026484-ara1	['completed']	[]
0648IbnKhalilHalabi.CawaliHishamIbnCurwa.Shamela0026561-ara1	[]	[]
0648IbnKhalilHalabi.CawaliAbiHanifa.Shamela0012741-ara1	[]	[]
0647CabdWahidMarrakushi.Mucjib.JK000410-ara1	['completed']	[]
0647CabdWahidMarrakushi.Mucjib.Shamela0008559-ara1	[]	[]
0639AbuBakrMalaqi.MatlacAnwar.Shamela0009271-ara1	[]	[]
0644IbnCaliCizzDinMuhallabi.MaakhidhCalaShurrah.Shamela0037057-ara1	[]	[]
0643IbnSalahShahrazuri.WaslBalaghatMuwatta.Shamela0029413-ara1	[]	[]
0643IbnSalahShahrazuri.AhadithFiFadtIskandariyyaWaCasqalan.Shamela0030242-ara1	[]	[]
0643IbnSalahShahrazuri.Fatawa.JK006986-ara1	[]	[]
0643IbnSalahShahrazuri.Fatawa.Shamela0006137-ara1	[]	[]
0643IbnSalahShahrazuri.TabaqatFuqaha.JK007022-ara1	[]	[]
0643IbnSalahShahrazuri.TabaqatFuqaha.Shamela0006741-ara1	['completed']	[]
0643IbnSalahShahrazuri.AdabMuftiWaMustafti.JK000280-ara1	[]	[]
0643IbnSalahShahrazuri.AdabMuftiWaMustafti.Shamela0010720-ara1	[]	[]
0643IbnSalahShahrazuri.SiyanatSahihMuslim.JK000603-ara1	[]	[]
0643IbnSalahShahrazuri.SiyanatSahihMuslim.Shamela0006016-ara1	[]	[]
0643IbnSalahShahrazuri.MuqaddimatCulumHadith.Shia002184-ara1	[]	[]
0643IbnSalahShahrazuri.MuqaddimatCulumHadith.Shamela0023799-ara1	[]	[]
0643IbnSalahShahrazuri.MuqaddimatCulumHadith.JK000537-ara1	[]	[]
0643IbnSalahShahrazuri.MuqaddimatCulumHadith.Shamela0022870-ara1	[]	[]
0630IbnCunaynShacir.Diwan.JK007597-ara1	['completed']	[]
0650IbnMuhammadRadiDinSaghani.Shawarid.Shamela0023427-ara1	[]	[]
0650IbnMuhammadRadiDinSaghani.Mawducat.Shamela0006070-ara1	[]	[]
0650IbnMuhammadRadiDinSaghani.Mawducat.JK005010-ara1	[]	[]
0650IbnMuhammadRadiDinSaghani.CubabZakhir.Shamela0000761-ara1	[]	[]
0650IbnMuhammadRadiDinSaghani.CubabZakhir.JK010761-ara1	[]	[]
0650IbnMuhammadRadiDinSaghani.NaqcatSadyan.Shamela0006974-ara1	[]	[]
0650IbnMuhammadRadiDinSaghani.NaqcatSadyan.JK001228-ara1	[]	[]
0645IbnNimaHilli.DhawabNudar.Shia001358-ara1	[]	[]
0645IbnNimaHilli.MuthirAhzan.Shia001359-ara1	[]	[]
0646IbnQifti.InbahRuwat.Shamela0010525-ara1	['completed']	[]
0646IbnQifti.IkhbarCulama.Shamela0026336-ara1	['completed']	[]
0646IbnQifti.IkhbarCulama.JK010295-ara1	[]	[]
0646IbnQifti.Muhammadun.Shamela0013031-ara1	['completed']	[]
0646IbnQifti.Muhammadun.JK010323-ara1	[]	[]
0643IbnHusaynIbnMuqirNajjar.Juz.Shamela0009398-ara1	[]	[]
0628IbnQattanFasi.BayanWahm.Shamela0005923-ara1	[]	[]
0628IbnQattanFasi.BayanWahm.JK009146-ara1	[]	[]
0629IbnNuqta.TaqyidLiMacrifa.JK000688-ara1	[]	[]
0629IbnNuqta.TaqyidLiMacrifa.Shamela0009584-ara1	['completed']	[]
0629IbnNuqta.IfadaWaIctibar.Shamela0037031-ara1	[]	[]
0629IbnNuqta.TakmilatIkmal.Shamela0005797-ara1	['completed']	[]
0629IbnNuqta.TakmilatIkmal.JK000618-ara1	[]	[]
0631CuthmanAsamm.Nur.ShamIbadiyya0000197-ara1	[]	[]
0637IbnDubaythi.DhaylTarikhBaghdad.Sham30K0001970-ara1	[]	[]
0631SayyidDinAmidiThaclabi.GhayatMaram.JK000324-ara1	[]	[]
0631SayyidDinAmidiThaclabi.GhayatMaram.Shamela0006364-ara1	[]	[]
0631SayyidDinAmidiThaclabi.AhkamFiUsulAhkam.JK000149-ara1	[]	[]
0631SayyidDinAmidiThaclabi.AhkamFiUsulAhkam.Shamela0010801-ara1	[]	[]
0631SayyidDinAmidiThaclabi.AhkamFiUsulAhkam.Shia002924Vols-ara1	[]	[]
0650IbnNazifHamawi.TarikhMansuri.JK001169-ara1	[]	[]
0650IbnNazifHamawi.TarikhMansuri.Shamela0006607-ara1	['completed']	[]
0630IbnMuhammadBadrDinRazi.HujajQuran.Shamela0005548-ara1	[]	[]
0630IbnMuhammadBadrDinRazi.HujajQuran.JK001098-ara1	[]	[]
0630IbnMuhammadBadrDinRazi.MabahithTafsir.Shamela0030518-ara1	[]	[]
0649IbnSahlAndalusi.Diwan.JK007569-ara1	[]	[]
0626YaqutHamawi.MucjamBuldan.Shamela0023735-ara1	['completed']	[]
0626YaqutHamawi.MucjamBuldan.JK000129-ara1	[]	[]
0626YaqutHamawi.MucjamBuldan.Shia003435Vols-ara1	[]	[]
0626YaqutHamawi.Khazal.Shamela0005379-ara1	['completed']	[]
0626YaqutHamawi.MucjamUdaba.JK000924-ara1	[]	[]
0626YaqutHamawi.MucjamUdaba.Shamela0009788-ara1	['completed']	[]
0630IbnHajib.CawaliMalik.Shamela0026370-ara1	[]	[]
0635AbuMunajjaIbnLatti.Mashyakha.Shamela0026857-ara1	[]	[]
0642IbnNajjar.RaddCalaKhatibBaghdadi.Shia003235-ara1	[]	[]
0642IbnNajjar.RaddCalaKhatibBaghdadi.Shamela0023764BK5-ara1	['completed']	[]
0642IbnNajjar.DurraThamina.Shamela0026662-ara1	['completed']	[]
0642IbnNajjar.DhaylTarikhBaghdad.JK009150-ara1	['completed']	[]
0642IbnNajjar.DhaylTarikhBaghdad.Shamela0023764BK3-ara1	['completed']	[]
0642IbnNajjar.DhaylTarikhBaghdad.Shia003236Vols-ara1	[]	[]
0637IbnMustafwi.TarikhIrbil.JK007087-ara1	[]	[]
0637IbnMustafwi.TarikhIrbil.Shamela0011746-ara1	['completed']	[]
0646IbnCumarIbnHajibKurdi.ShafiyaFiCilmTasrif.Shamela0022391-ara1	[]	[]
0646IbnCumarIbnHajibKurdi.ShafiyaFiCilmTasrif.JK001223-ara1	[]	[]
0646IbnCumarIbnHajibKurdi.NajmThaqib.Zaydiyya0000370-ara1	[]	[]
0646IbnCumarIbnHajibKurdi.JamicUmmahat.Shamela0006196-ara1	[]	[]
0646IbnCumarIbnHajibKurdi.JamicUmmahat.JK006903-ara1	[]	[]
0632SharafDinIbnFarid.Diwan.JK007590-ara1	[]	[]
0636IbnAbiMucammarAbuKhayrTabrizi.NasihaLiRaci.Shamela0012847-ara1	[]	[]
0632IsmacilMarwazi.FakhriFiAnsab.JK010500-ara1	[]	[]
0643DiyaDinMuqaddasi.DhikrMusahafa.Shamela0029458-ara1	[]	[]
0643DiyaDinMuqaddasi.AhadithMukhatara.Shamela0010480-ara1	[]	[]
0643DiyaDinMuqaddasi.AhadithMukhatara.JK000782-ara1	[]	[]
0643DiyaDinMuqaddasi.SifatJanna.Shamela0012740-ara1	[]	[]
0643DiyaDinMuqaddasi.BulghatTalibHathith.Shamela0030294-ara1	[]	[]
0643DiyaDinMuqaddasi.KhamsatAhadithMusalsalat.Shamela0029449-ara1	[]	[]
0643DiyaDinMuqaddasi.MuwafaqatCawali.Shamela0030134-ara1	[]	[]
0643DiyaDinMuqaddasi.MuwafaqatCawali.Shamela0030021-ara1	[]	[]
0643DiyaDinMuqaddasi.MuwafaqatCawali.Shamela0029738-ara1	[]	[]
0643DiyaDinMuqaddasi.HadithIbnAbiMakarim.Shamela0029653-ara1	[]	[]
0643DiyaDinMuqaddasi.SifatNabi.Shamela0026554-ara1	[]	[]
0643DiyaDinMuqaddasi.IkhtisasQuran.Shamela0006404-ara1	[]	[]
0643DiyaDinMuqaddasi.IkhtisasQuran.JK001028-ara1	[]	[]
0643DiyaDinMuqaddasi.ManaqibJacfarIbnAbiTalib.Shamela0029937-ara1	[]	[]
0643DiyaDinMuqaddasi.FadailBaytMaqdis.JK000508-ara1	['completed']	[]
0643DiyaDinMuqaddasi.FadailBaytMaqdis.Shamela0005721-ara1	[]	[]
0643DiyaDinMuqaddasi.NahyCanSabbAshab.Shamela0012735-ara1	[]	[]
0643DiyaDinMuqaddasi.Cudda.Shamela0009385-ara1	[]	[]
0643DiyaDinMuqaddasi.IttibacSunan.Shamela0000178-ara1	[]	[]
0643DiyaDinMuqaddasi.IttibacSunan.JK010136-ara1	[]	[]
0643DiyaDinMuqaddasi.SunanWaAhkamCanMustafa.Shamela0001875-ara1	[]	[]
0643DiyaDinMuqaddasi.AmradWaKaffarat.Shamela0009618-ara1	[]	[]
0643DiyaDinMuqaddasi.JuzAwham.JK001005-ara1	[]	[]
0643DiyaDinMuqaddasi.JuzAwham.Shamela0005799-ara1	['completed']	[]
0643DiyaDinMuqaddasi.ZiyadatCalaKabair.Shamela0003128-ara1	[]	[]
0643DiyaDinMuqaddasi.TuruqHadithNabi.Shamela0011771-ara1	[]	[]
0643DiyaDinMuqaddasi.FadailAcmal.JK001429-ara1	[]	[]
0643DiyaDinMuqaddasi.FadailAcmal.Shamela0004425-ara1	[]	[]
0643DiyaDinMuqaddasi.RuwatArbacatCashar.Shamela0021626-ara1	[]	[]
0643DiyaDinMuqaddasi.MuntaqaMinMasmucatMarw.Shamela0021635-ara1	[]	[]
0643DiyaDinMuqaddasi.MuntaqaHadithCabdawi.Shamela0026339-ara1	[]	[]
0643DiyaDinMuqaddasi.AhadithSahihaMimmaRawahuMuslim.Shamela0029428-ara1	[]	[]
0643DiyaDinMuqaddasi.FadailQuran.Shamela0027095-ara1	[]	[]
0643DiyaDinMuqaddasi.RuwatCanMuslim.Shamela0030003-ara1	[]	[]
0643DiyaDinMuqaddasi.MinHadithIbnYazidMuqri.Shamela0026733-ara1	[]	[]
0643DiyaDinMuqaddasi.MinHadithIbnYazidMuqri.Shamela0009624-ara1	[]	[]
0643FathBundari.MukhtasarSanaBarqShami.Shamela0005400-ara1	[]	[]
0638IbnAhmadAndalusiHarali.TurathFiTafsir.Shamela0026539-ara1	[]	[]
0637IbnAthirDiyaDin.MathalSair.Shamela0023794-ara1	[]	[]
0637IbnAthirDiyaDin.MathalSair.Shamela0010551-ara1	['completed']	[]
0637IbnAthirDiyaDin.MathalSair.JK000980-ara1	[]	[]
0637IbnAthirDiyaDin.JamicKabir.Shamela0037475-ara1	[]	[]
0640AbuHafsDunaysiri.TarikhDunaysir.Shamela0026813-ara1	['completed']	[]
0646IbnCaliTajDinSubki.RafcHajib.JK009151-ara1	[]	[]
0636IbnYusufBirzaliIshbili.SulukTariqSalaf.Shamela0026560-ara1	[]	[]
0626IbnMuhammadKhwarazmiSakkaki.MiftahCulum.Shamela0026581-ara1	[]	[]
0626IbnMuhammadKhwarazmiSakkaki.MiftahCulum.JK010081-ara1	[]	[]
0641Sarifini.Muntakhab.JK001172-ara1	[]	[]
0641Sarifini.Muntakhab.Shamela0012528-ara1	['completed']	[]
0630IbnAthirCizzDin.LubabFiTahdhibAnsab.Shia003440Vols-ara1	[]	[]
0630IbnAthirCizzDin.LubabFiTahdhibAnsab.Shamela0005793-ara1	['mARkdwon']	[]
0630IbnAthirCizzDin.LubabFiTahdhibAnsab.JK001306-ara1	[]	[]
0630IbnAthirCizzDin.UsdGhaba.Shamela0023700-ara1	['completed']	[]
0630IbnAthirCizzDin.UsdGhaba.JK009198-ara1	[]	[]
0630IbnAthirCizzDin.UsdGhaba.Shia003230Vols-ara1	[]	[]
0630IbnAthirCizzDin.UsdGhaba.Shamela0001110-ara1	[]	[]
0630IbnAthirCizzDin.Kamil.Sham30K0021712-ara1	[]	[]
0630IbnAthirCizzDin.Kamil.Sham30K0045325-ara1	[]	[]
0630IbnAthirCizzDin.Kamil.Shamela0021712-ara1	[]	[]
0630IbnAthirCizzDin.Kamil.JK000911-ara1	['mARkdwon']	[]
0630IbnAthirCizzDin.Kamil.Shia003493Vols-ara1	[]	[]
0630IbnAthirCizzDin.Kamil.Sham30K0033764-ara1	[]	[]
0630IbnAthirCizzDin.Kamil.Sham30K0004579-ara1	[]	[]
0646IbnBaytarAndalusi.JamicLiMufradat.JK009278-ara1	[]	[]
0632AbuHafsSuhrawardi.Mashyakha.Shamela0026473-ara1	['completed']	[]
0634IbnNajmIbnHanbaliJazari.IstikhrajJidal.JK010427-ara1	[]	[]
0634IbnNajmIbnHanbaliJazari.IstikhrajJidal.Shamela0000242-ara1	[]	[]
0628IbnCaliSanhaji.AkhbarMuluk.Shamela0006625-ara1	[]	[]
0628IbnCaliSanhaji.AkhbarMuluk.JK000405-ara1	[]	[]
1450Musannifun.MawsucaMujaza.Shamela0036578-ara1	[]	[]
1450Maghrawi.MawsucaMawaqifSalaf.Shamela0037325-ara1	[]	[]
1450FatimaAhsanMahdi.IlaykiUkhtiMumina.Zaydiyya0000463-ara1	[]	[]
1450SaibCabdHamid.IbnTaymiyyaHayathu.Zaydiyya0000102-ara1	[]	[]
1450QasimCaliSacd.JamharatMalikiyya.Sham30K0033307-ara1	[]	[]
1430IbnJibrin.Fatawa.Shamela0004482-ara1	[]	[]
1450CabdKarimKhudayr.SharhIkhtisarCulumHadith.Shamela0023361-ara1	[]	[]
1450CabdKarimKhudayr.SharhMuharrir.Shamela0006366-ara1	[]	[]
1450CabdKarimKhudayr.SharhKitabTawhid.Shamela0021709-ara1	[]	[]
1450CabdKarimKhudayr.SharhSunanTirmidhi.Shamela0023777-ara1	[]	[]
1450CabdKarimKhudayr.SharhKitabSiyam.Shamela0023745-ara1	[]	[]
1450CabdKarimKhudayr.SharhKitabFitan.Shamela0021741-ara1	[]	[]
1450CabdKarimKhudayr.SharhArbacinaNawawi.JK010183-ara1	[]	[]
1450CabdKarimKhudayr.SharhArbacinaNawawi.Shamela0023423-ara1	[]	[]
1450CabdKarimKhudayr.SharhNukhbatFikr.Shamela0025955-ara1	[]	[]
1450CabdKarimKhudayr.SharhCumdatAhkam.Shamela0022645-ara1	[]	[]
1450CabdKarimKhudayr.SharhMuwattaMalik.Shamela0012399-ara1	[]	[]
1450CabdKarimKhudayr.SharhBulughMaram.Shamela0022644-ara1	[]	[]
1450CabdKarimKhudayr.SharhMuqaddimatTafsirSuyuti.Shamela0025851-ara1	[]	[]
1450CabdKarimKhudayr.SharhAlfiyyaTabsira.Shamela0001779-ara1	[]	[]
1450CabdKarimKhudayr.SharhAlfiyyaTabsira.Shamela0023769-ara1	[]	[]
1450CabdKarimKhudayr.TacliqCalaTafsirQurtubi.Shamela0026047-ara1	[]	[]
1450CabdKarimKhudayr.SharhKitabHajj.Shamela0023422-ara1	[]	[]
1450CabdKarimKhudayr.TacliqCalaTafsirJalalayn.Shamela0023842-ara1	[]	[]
1450CabdKarimKhudayr.SharhMuqaddimatSunanIbnMaja.Shamela0027247-ara1	[]	[]
1450TarhibDawsari.MucjamMuallafatShaficiyya.Shamela0003569-ara1	[]	[]
1450TarhibDawsari.MucjamMuallafatMalikiyya.Shamela0003622-ara1	[]	[]
1450MuallifMajhul.ImamZayd.Zaydiyya0000210-ara1	[]	[]
1450MuallifMajhul.AnwarYaqin.Zaydiyya0000288-ara2	[]	[]
1450MuallifMajhul.AnwarYaqin.Zaydiyya0000410Vols-ara1	[]	[]
1450MuallifMajhul.RawaicJumal.Zaydiyya0000241-ara1	[]	[]
1450MuallifMajhul.BahthFiTahrimMutca.Zaydiyya0000048-ara1	[]	[]
1450MuallifMajhul.SunnatiAmWaCitrati.Zaydiyya0000213-ara1	[]	[]
1450MuallifMajhul.TuhfatWalhan.Zaydiyya0000233-ara1	[]	[]
1450MuallifMajhul.IsmacilWaIshaq.Zaydiyya0000206-ara1	[]	[]
1450MuallifMajhul.Huquq.Zaydiyya0000217-ara1	[]	[]
1450MuallifMajhul.SiratRasulAllah.Zaydiyya0000025-ara1	[]	[]
1450MuallifMajhul.UsulDin.Zaydiyya0000208-ara1	[]	[]
1450MuallifMajhul.MawsucatRijalZaydiyya.Zaydiyya0000257-ara1	[]	[]
1450MuallifMajhul.AhadithMukhtara.Zaydiyya0000129-ara1	[]	[]
1450MuallifMajhul.AhadithMukhtaraFiFaraidWaSiyar.Zaydiyya0000203-ara1	[]	[]
1450MuallifMajhul.Hasana.Zaydiyya0000216-ara1	[]	[]
1450MuallifMajhul.Sacda.Zaydiyya0000246-ara1	[]	[]
1450MuallifMajhul.KhatmMayyit.Zaydiyya0000234-ara1	[]	[]
1450MuallifMajhul.KhatmMayyit.Zaydiyya0000235-ara1	[]	[]
1450SirajDinCidlan.RisalaFiDammWaTamin.Zaydiyya0000240-ara1	[]	[]
1450SirajDinCidlan.BulughAmalFiAdhan.Zaydiyya0000231-ara1	[]	[]
1450MawsucaShicriya.MucjamShucara.Shamela0002114-ara1	['no-ext', 'mARkdwon']	['no-ext']
1450QasimHasanQasimSiraji.TarikhMadinatHuth.Zaydiyya0000610-ara1	[]	[]
1450YahyaCabdKarimFadil.ManHumZaydiyya.Zaydiyya0000016-ara1	[]	[]
1450WilferdMadelung.ZaydiImamsOfTabaristan.Zaydiyya0000095-ara1	[]	[]
1439HamudCabbasMuayyad.NurAsna.Zaydiyya0000054-ara1	[]	[]
1450MuhammadHadiAmini.MucjamMatbicatNajafiya.Shia003421-ara1	['completed']	[]
1450MuhammadTijaniSamawi.ThummaIhtadayt.Zaydiyya0000185-ara1	[]	[]
1428MajdDinMuayyadi.CuyunMukhtar.Zaydiyya0000018-ara1	[]	[]
1428MajdDinMuayyadi.MajmacFawaid.Zaydiyya0000132-ara1	[]	[]
1428MajdDinMuayyadi.Tuhaf.Zaydiyya0000086-ara1	[]	[]
1428MajdDinMuayyadi.Tuhaf.Zaydiyya0000392-ara1	[]	[]
1428MajdDinMuayyadi.JamicaMuhimma.Zaydiyya0000002-ara1	[]	[]
1428MajdDinMuayyadi.HajjWaCumra.Zaydiyya0000072-ara1	[]	[]
1428MajdDinMuayyadi.LawamicAnwar.Zaydiyya0000098-ara1	[]	[]
1450Milani.SharhMinhajKaramaLiHilli.Shia004014Vols-ara1	[]	[]
1450Milani.TashyidMurajacat.Shia004266Vols-ara1	[]	[]
1450Milani.NafahatAzhar.Shia004456Vols-ara1	[]	[]
1450CabdSalamCabbasWajih.MasadirFiMaktabatYaman.Zaydiyya0000097-ara1	[]	[]
1450CabdSalamCabbasWajih.MucjamRijalIctibar.Zaydiyya0000358-ara1	[]	[]
1450CabdCazizMaqalih.Diwan.Zaydiyya0000466-ara1	[]	[]
1432HadiCaliIbnMuayyad.DurrManzum.Zaydiyya0000053-ara1	[]	[]
1450MuhammadYahyaCizzan.SahabaCindaZaydiyya.Zaydiyya0000104-ara1	[]	[]
1450MuhammadYahyaCizzan.QurashiyyatKhilafa.Zaydiyya0000106-ara1	[]	[]
1450MuhammadYahyaCizzan.MucjamRuwat.Zaydiyya0000029-ara1	[]	[]
1450SayyidSistani.Istiftaat.Zaydiyya0000251-ara1	[]	[]
1450MawqicIslam.Fatawa.Shamela0000894-ara1	[]	[]
1450IbnMukhtarSusi.DalilMuallafatMukhtar.Shamela0000611-ara1	[]	[]
1450SalahIbnAhmadFulayta.MansikHajj.Zaydiyya0000375-ara1	[]	[]
1450SalahIbnAhmadFulayta.MansikZiyara.Zaydiyya0000255-ara1	[]	[]
1450SafaCamiri.MutawakkilFiYaman.Zaydiyya0000333-ara1	[]	[]
1450MuhammadIbnHasanCujri.IclamAclam.Zaydiyya0000149-ara1	[]	[]
1450KazimZaydi.MajmucRasailKazim.Zaydiyya0000494-ara1	[]	[]
1450KazimZaydi.MajmucRasailKazim.Zaydiyya0000367-ara1	[]	[]
1450KazimZaydi.MajmucRasailKazim.Zaydiyya0000589-ara1	[]	[]
1450KazimZaydi.MajmucRasailKazim.Zaydiyya0000516-ara1	[]	[]
1450AkramFaluji.MucjamShuyukhTabari.Shamela0029741-ara1	[]	[]
1450AkramFaluji.MucjamSaghir.Shamela0029982-ara1	[]	[]
1450MuhammadQasimDaci.Istifa.Zaydiyya0000385-ara1	[]	[]
1450CabdAllahBusayri.Hajj.Shamela0007606-ara1	[]	[]
1450CabdAllahBusayri.AbyatMukhtara.Shamela0007473-ara1	[]	[]
1450CabdAllahBusayri.MucjamAhammMusannafat.Shamela0012886-ara1	[]	[]
1450CabdSalamWajih.AclamMuallifinZaydiyya.Zaydiyya0000209-ara1	[]	[]
1450WahidKhurasani.MinhajSalihin.Shia000806Vols-ara1	[]	[]
1450AbuTayyibMansuri.Irshad.Shamela0029745-ara1	[]	[]
1450CaliKuraniCamili.AlfSual.Zaydiyya0000220-ara1	[]	[]
1450CaliKuraniCamili.CasrZuhur.Zaydiyya0000191-ara1	[]	[]
1450MujammacFikrIslami.MawsucaMuallafiImamiyya.Zaydiyya0000242-ara1	[]	[]
1450JamicaIslamiyya.MajallaJIMN.Shamela0004473-ara1	[]	[]
1450MuhammadJawahiri.MucjamTabaatIrth.Shia000695-ara1	[]	[]
1450MuhammadJawahiri.MufidMinMucjamRijal.Shia003021-ara1	[]	[]
1450WizaraAwqafMisriyya.TarajimMujaza.Shamela0000435-ara1	[]	[]
1450CabdMajidCabdRahmanHuthi.MutashabihQuran.Zaydiyya0000359-ara1	[]	[]
1450SalahMahmudKhaymi.FaharisCulumQuran.Shamela0038011-ara1	['completed']	[]
1450LajnaDaima.Fatawa.Shamela0008381-ara1	[]	[]
1450MuassasatImamZayd.Tacarif.Zaydiyya0000396-ara1	[]	[]
1450MuhammadYahyaCazzan.HayyCalaKhayrCamal.Zaydiyya0000157-ara1	[]	[]
1450MuhammadYahyaCazzan.HayyCalaKhayrCamal.Zaydiyya0000465-ara1	[]	[]
1450MuhammadYahyaCazzan.MuntazicMinMuhitBiImama.Zaydiyya0000227-ara1	[]	[]
1450MuhammadYahyaCazzan.TawdihFiDammWaIrsal.Zaydiyya0000464-ara1	[]	[]
1450AsgharMuntazarQaim.DawrQabailYamaniyya.Zaydiyya0000238-ara1	[]	[]
1437IsmacilKibsi.HunaQuran.Zaydiyya0000476-ara1	[]	[]
1450QasimIbnAhmadHusayni.MansubatWaMandubat.Zaydiyya0000067-ara1	[]	[]
1450CaliCabdKarimFadil.ZaydiyyaTaifaWaMadhhab.Zaydiyya0000458-ara1	[]	[]
1450MuhammadCijajKhatib.SunnaQablaTadwin.Shamela0096178-ara1	[]	[]
1450MuhammadCijajKhatib.AbuHurayra.Shamela0029967-ara1	[]	[]
1450MuhammadCijajKhatib.LamahatFiMaktaba.Shamela0011365-ara1	[]	[]
1450AhmadWashali.TaharaWaSalat.Zaydiyya0000070-ara1	[]	[]
1431BadrDinHuthi.TahrirAfkar.Zaydiyya0000080-ara1	[]	[]
1431BadrDinHuthi.ZiyaratQubur.Zaydiyya0000468-ara1	[]	[]
1431BadrDinHuthi.ZuhriAhadithhuWaSirathu.Zaydiyya0000286-ara1	[]	[]
1431BadrDinHuthi.KashfTaghrir.Zaydiyya0000469-ara1	[]	[]
1431BadrDinHuthi.GharaSarica.Zaydiyya0000461-ara1	[]	[]
1450MajalisAlMuhammad.MaqalatIslamiyya.Zaydiyya0000474-ara1	[]	[]
1450MajidIbnHashimMutawakkil.QuranFiFikrIslami.Zaydiyya0000462-ara1	[]	[]
1450CadilNuwayhid.MucjamAclamJazair.Shamela0096603-ara1	[]	[]
1450WalidUmawi.MucjamAshabIbnTaymiyya.Shamela0021524-ara1	[]	[]
1450CabdRahmanAlShaykh.Mashahir.Shamela0011575-ara1	['completed']	[]
1450MufarrijAhmadRabaci.SiratAmirayn.Zaydiyya0000092-ara1	[]	[]
1450CabdAllahHusaynDaylami.MacaImamiyya.Zaydiyya0000118-ara1	[]	[]
1450CabdAllahHusaynDaylami.SayfMaslul.Zaydiyya0000460-ara1	[]	[]
1450CaliSacidSayf.AdrihaFiYaman.Zaydiyya0000386-ara1	[]	[]
1450MurtadaCaskari.CabdAllahIbnSaba.Shia001657Vols-ara1	[]	[]
1450MurtadaCaskari.AhadithCaisha.Shia001626Vols-ara1	[]	[]
1450MurtadaCaskari.MacalimMadrasatayn.Zaydiyya0000169-ara1	[]	[]
1450MurtadaCaskari.MacalimMadrasatayn.Shia001663Vols-ara1	[]	[]
1450MuhammadAbtahi.TahdhibMaqal.Shia003026Vols-ara1	['completed']	[]
1450MuhammadHasanBakkai.TartibIslahMantiq.Shia003900-ara1	[]	[]
1450MuhammadHasanBakkai.TartibIslahMantiq.JK010886-ara1	[]	[]
1450DarIftaMisriyya.FatawaDarIfta.Shamela0000432-ara1	[]	[]
1450DarIftaMisriyya.FatawaDarIfta.Sham30K0000432-ara1	[]	[]
1450MusaCaffana.Fatawa.Shamela0009087-ara1	[]	[]
1450MusaCaffana.Fatawa.Shamela0010517-ara1	[]	[]
1450MuhammadCabdAllahCawadMuayyidi.NazaratFiZaydiyya.Zaydiyya0000008-ara1	[]	[]
1450MuhammadCabdAllahCawadMuayyidi.SahihSunna.Zaydiyya0000032-ara1	[]	[]
1450MuhammadCabdAllahCawadMuayyidi.MarkabNafis.Zaydiyya0000007-ara1	[]	[]
1450HasanFarhanMaliki.DaciyaWaLaysaNabiyan.Zaydiyya0000397-ara1	[]	[]
1450HasanFarhanMaliki.FiSuhbaWaSahaba.Zaydiyya0000103-ara1	[]	[]
1450HasanFarhanMaliki.NahwInqadhTarikhIslami.Zaydiyya0000110-ara1	[]	[]
1450HasanFarhanMaliki.QiraaFiKutubCaqaid.Zaydiyya0000109-ara1	[]	[]
1450HasanFarhanMaliki.SuhbaWaSahaba.Zaydiyya0000107-ara1	[]	[]
1450HasanFarhanMaliki.FiCabdAllahIbnSaba.Zaydiyya0000105-ara1	[]	[]
1450SadiqRuhani.TakmilaMinhajSalihin.Shia000764-ara1	[]	[]
1450SadiqRuhani.ManasikHajj.Shia000784-ara1	[]	[]
1450SadiqRuhani.MinhajSalihin.Shia000801Vols-ara1	[]	[]
1450SadiqRuhani.MasailMuntakhaba.Shia000763-ara1	[]	[]
1429BakrIbnCabdAllah.TabaqatNassabin.Shamela0001592-ara1	[]	[]
1450MuhammadIbnCabdAllahCizzi.QawlMubin.Zaydiyya0000096-ara1	[]	[]
1450MuhammadSadiqNajmi.AdwaCalaSahihayn.Zaydiyya0000454-ara1	[]	[]
1450CabdAllahHamidDin.Zaydiyya.Zaydiyya0000459-ara1	[]	[]
1450CabdAllahIbnHamudCizzi.RuyatAllah.Zaydiyya0000270-ara1	[]	[]
1450HasanIbnFarhanMaliki.MacaSulaymanCalwan.Zaydiyya0000403-ara1	[]	[]
1450MajmacFikrIslami.MawsucaMuallifiImamiya.Shia003422Vols-ara1	[]	[]
1450MuhammadHadiYusufi.MawsucatTarikhIslam.Shia003656Vols-ara1	[]	[]
1450MuhammadIbnYahyaHuthi.MukhtarMinSahihAhadith.Zaydiyya0000004-ara1	[]	[]
1450MuhammadKhayrRamadan.TakmilaMucjamMuallifin.Shamela0036031-ara1	['completed']	[]
1450SalihFawzan.MajmucFatawa.Shamela0008612-ara1	[]	[]
1450CabdKarimWazzaf.QawlAwwalWaThaniLiImamQasim.Zaydiyya0000151-ara1	[]	[]
1450CabdKarimWazzaf.QawlAwwalWaThaniLiImamZayd.Zaydiyya0000395-ara1	[]	[]
1450CabdKarimWazzaf.QawlAwwalWaThaniLiImamHadi.Zaydiyya0000350-ara1	[]	[]
1450AhmadMuhammadHadi.Tarikh.Zaydiyya0000211-ara1	[]	[]
1435HusaynIbnYahyaHuthi.JawabRaqi.Zaydiyya0000030-ara1	[]	[]
1450CulamaNajd.DurarSaniyya.Shamela0003055-ara1	[]	[]
1450HashimiYamani.Maqalat.Zaydiyya0000475-ara1	[]	[]
0195IbnFudaylDabbi.Duca.JK001416-ara1	[]	[]
0195IbnFudaylDabbi.Duca.Shamela0023102-ara1	[]	[]
0179MalikIbnAnas.Muwatta.Shamela0016050-ara1	['completed']	[]
0179MalikIbnAnas.Muwatta.Shia000901Vols-ara1	[]	[]
0179MalikIbnAnas.Muwatta.Shamela0028107-ara1	['completed']	[]
0179MalikIbnAnas.Muwatta.Shamela0008140-ara1	['completed']	[]
0179MalikIbnAnas.Muwatta.Shamela0001699-ara1	['completed']	[]
0179MalikIbnAnas.Muwatta.JK000466-ara1	[]	[]
0198SufyanIbnCuyayna.JuzHadith.Shia001883-ara1	[]	[]
0198SufyanIbnCuyayna.JuzHadith.Shamela0026337-ara1	[]	[]
0198SufyanIbnCuyayna.JuzFihiHadith.JK000578-ara1	[]	[]
0188IbnMuhammadFazari.Siyar.Shamela0029344-ara1	[]	[]
0198RabicaRaqqi.Diwan.JK007617-ara1	[]	[]
0181IbnMubarak.Zuhd.Shamela0013028-ara1	[]	[]
0181IbnMubarak.Zuhd.JK006954-ara1	[]	[]
0181IbnMubarak.Zuhd.JK000055-ara1	[]	[]
0181IbnMubarak.Diwan.JK007552-ara1	[]	[]
0181IbnMubarak.Jihad.Shamela0003610-ara1	[]	[]
0181IbnMubarak.Jihad.JK000549-ara1	[]	[]
0181IbnMubarak.Jihad.Shia001880-ara1	[]	[]
0181IbnMubarak.Musnad.Shia001881-ara1	[]	[]
0181IbnMubarak.Musnad.Shamela0023101-ara1	[]	[]
0181IbnMubarak.Musnad.JK000568-ara1	[]	[]
0182AbuYusufYacqub.Kharaj.Shamela0026333-ara1	[]	[]
0182AbuYusufYacqub.IkhtilafAbiHanifa.Shamela0096606-ara1	[]	[]
0182AbuYusufYacqub.RaddCalaSiyarAwzaci.Shamela0007225-ara1	[]	[]
0182AbuYusufYacqub.RaddCalaSiyarAwzaci.JK000389-ara1	[]	[]
0182AbuYusufYacqub.Athar.Shamela0012987-ara1	[]	[]
0182AbuYusufYacqub.Athar.JK000681-ara1	[]	[]
0180IbnJacfarAnsari.HadithIsmacil.Shamela0021544-ara1	[]	[]
0180IbnJacfarAnsari.HadithIsmacil.JK011499-ara1	[]	[]
0200SayfIbnCumar.Fitna.Zaydiyya0000155-ara1	[]	[]
0200SayfIbnCumar.Fitna.Shia001884-ara1	[]	[]
0200SayfIbnCumar.Fitna.Shamela0007536-ara1	[]	[]
0200SayfIbnCumar.Fitna.JK000397-ara1	[]	[]
0192IbnAhnaf.Diwan.JK007582-ara1	[]	[]
0195IbnCamrSadusi.Amthal.JK010673-ara1	[]	[]
0195IbnCamrSadusi.Amthal.Shamela0000673-ara1	[]	[]
0182MarwanIbnAbiHafsa.Diwan.JK007561-ara1	[]	[]
0197IbnWahbQurashi.QadaMinMuwattaIbnWahb.Shamela0030522-ara1	[]	[]
0197IbnWahbQurashi.JamicFiHadith.Shamela0001380-ara1	[]	[]
0197IbnWahbQurashi.JamicFiHadith.JK007007-ara1	[]	[]
0197IbnWahbQurashi.MuwattaIbnWahb.Shamela0012534-ara1	[]	[]
0197IbnWahbQurashi.MuwattaIbnWahb.Shamela0026865-ara1	[]	[]
0197IbnWahbQurashi.Qadar.JK000316-ara1	[]	[]
0197IbnWahbQurashi.Qadar.Shamela0005604-ara1	[]	[]
0197IbnWahbQurashi.TafsirQuran.Shamela0037361-ara1	[]	[]
0197IbnWahbQurashi.MuharabaMinMuwattaIbnWahb.Shamela0030173-ara1	[]	[]
0191IbnQasimMisri.MajalisIbnQasim.Shamela0096602-ara1	[]	[]
0180AbuShamaqmaq.Diwan.JK007542-ara1	[]	[]
0198AbuNuwasShacir.Diwan.JK007604-ara1	[]	[]
0198AbuNuwasShacir.Diwan.JK007586-ara1	[]	[]
0189IbnHamzaKisai.MushtabihatQuran.Shamela0029986-ara1	[]	[]
0200YahyaIbnSalam.Tasarif.Shamela0011783-ara1	[]	[]
0200YahyaIbnSalam.Tafsir.Shamela0012851-ara1	[]	[]
0195MuarrijSadusi.HadhfMinNasabQuraysh.JK010496-ara1	[]	[]
0195MuarrijSadusi.HadhfMinNasabQuraysh.Shamela0000496-ara1	['completed']	[]
0185IbnCimranMawsili.Zuhd.Shamela0029289-ara1	[]	[]
0184AbuIshaqZuhri.JuzMinNuskha.Shamela0009412-ara1	[]	[]
0180Sibawayh.KitabSibawayh.JK006989-ara1	[]	[]
0180Sibawayh.KitabSibawayh.Shamela0023018-ara1	['completed']	[]
0200AbuGhanimKhurasani.MudawwanaSughra.ShamIbadiyya0000772-ara1	[]	[]
0197WakicIbnJarrah.Zuhd.Shamela0021545-ara1	[]	[]
0197WakicIbnJarrah.Zuhd.JK011365-ara1	[]	[]
0197WakicIbnJarrah.NuskhatWakic.Shia001882-ara1	[]	[]
0197WakicIbnJarrah.NuskhatWakic.JK000613-ara1	[]	[]
0197WakicIbnJarrah.NuskhatWakic.Shamela0023118-ara1	[]	[]
0200YahyaIbnBitriq.Thulujiya.GRAR000066-ara1	[]	[]
0200YahyaIbnBitriq.GhidhaLiAbuqrat.GRAR000089-ara1	[]	[]
0200YahyaIbnBitriq.FusulAbuqrat.GRAR000050-ara1	[]	[]
0189MuhammadShaybani.Kasb.JK000626-ara1	[]	[]
0189MuhammadShaybani.Kasb.Shamela0006163-ara1	[]	[]
0189MuhammadShaybani.Athar.JK011277-ara1	[]	[]
0189MuhammadShaybani.Athar.Shamela0001332-ara1	[]	[]
0189MuhammadShaybani.JamicSaghir.JK000433-ara1	[]	[]
0189MuhammadShaybani.JamicSaghir.Shamela0006160-ara1	[]	[]
0189MuhammadShaybani.Asl.JK000267-ara1	[]	[]
0189MuhammadShaybani.Asl.Shamela0006164-ara1	[]	[]
0189MuhammadShaybani.HujjaCalaAhlMadina.Shamela0006161-ara1	[]	[]
0189MuhammadShaybani.HujjaCalaAhlMadina.JK000798-ara1	[]	[]
0189MuhammadShaybani.SiyarKabir.JK009218-ara1	[]	[]
0189MuhammadShaybani.Siyar.Shamela0007231-ara1	[]	[]
0189MuhammadShaybani.Siyar.JK000197-ara1	[]	[]
0200IbnJacfarSadiq.Masail.Shia001114-ara1	[]	[]
0200IbnJacfarSadiq.Masail.Zaydiyya0000221-ara1	[]	[]
0200AbuShis.Diwan.JK007578-ara1	[]	[]
0465IbnHawazinQushayri.NahwQulub.Shamela0037067-ara1	[]	[]
0465IbnHawazinQushayri.LataifIsharat.Shamela0023629-ara1	[]	[]
0465IbnHawazinQushayri.LataifIsharat.JK009257-ara1	[]	[]
0465IbnHawazinQushayri.RisalaQushayriyya.Shamela0009953-ara1	[]	[]
0465IbnHawazinQushayri.RisalaQushayriyya.JK009321-ara1	[]	[]
0458QadiAbuYacla.AhkamSultaniyya.Shamela0022877-ara1	['completed']	[]
0458QadiAbuYacla.CuddaFiUsulFiqh.Shamela0022793-ara1	[]	[]
0458QadiAbuYacla.IbtalTawilat.Shamela0022921-ara1	[]	[]
0458QadiAbuYacla.RusulMuluk.JK001316-ara1	[]	[]
0458QadiAbuYacla.RusulMuluk.Shamela0007243-ara1	[]	[]
0458QadiAbuYacla.Amali.Shamela0026579-ara1	[]	[]
0458QadiAbuYacla.Amali.Shamela0029876-ara1	[]	[]
0451AbuCuthmanBuhayri.Fawaid.Shamela0029953-ara1	[]	[]
0451AbuCuthmanBuhayri.Fawaid.Shamela0029960-ara1	[]	[]
0451AbuCuthmanBuhayri.Fawaid.Shamela0029948-ara1	[]	[]
0451AbuCuthmanBuhayri.Fawaid.Shamela0029959-ara1	[]	[]
0451AbuCuthmanBuhayri.Fawaid.Shamela0029952-ara1	[]	[]
0451AbuCuthmanBuhayri.Fawaid.Shamela0029951-ara1	[]	[]
0451AbuCuthmanBuhayri.Fawaid.Shamela0029961-ara1	[]	[]
0460IbnFadlIsbahani.Amali.Shamela0021664-ara1	[]	[]
0459IbnMuhammadDimashqi.Fawaid.Shamela0026566-ara1	[]	[]
0453CaliIbnRidwan.TacaliqLiTafsirJalinus.GRAR000031-ara1	[]	[]
0470IbnIsmacilTarabulusi.KifayatMutahaffiz.Shamela0007061-ara1	[]	[]
0470IbnIsmacilTarabulusi.KifayatMutahaffiz.JK001193-ara1	[]	[]
0467IbnHasanBakharzi.DumyatQasr.JK009211-ara1	[]	[]
0467IbnHasanBakharzi.DumyatQasr.Shamela0010665-ara1	[]	[]
0467IbnHasanBakharzi.Diwan.JK007600-ara1	[]	[]
0455IbnKhalafSaraqusti.CunwanFiQiraatSabca.Shamela0012228-ara1	[]	[]
0455IbnKhalafSaraqusti.CunwanFiQiraatSabca.JK009227-ara1	[]	[]
0460AbuIshaqIlbiri.Diwan.JK007563-ara1	[]	[]
0460AbuIshaqIlbiri.Diwan.JK000032-ara1	[]	[]
0460AbuIshaqIlbiri.Diwan.Shamela0006869-ara1	[]	[]
0462AbuSulaymanDawudWarjalani.Jamic.ShamIbadiyya0000769-ara1	[]	[]
0463KhatibBaghdadi.Tatfil.Shamela0005428-ara1	[]	[]
0463KhatibBaghdadi.IqtidaCilmCamal.Shia002116-ara1	[]	[]
0463KhatibBaghdadi.IqtidaCilmCamal.Shamela0012985-ara1	[]	[]
0463KhatibBaghdadi.IqtidaCilmCamal.JK000607-ara1	[]	[]
0463KhatibBaghdadi.ArbacMajalis.Shamela0030025-ara1	[]	[]
0463KhatibBaghdadi.TaqyidCilm.JK000627-ara1	[]	[]
0463KhatibBaghdadi.TaqyidCilm.Shamela0013089-ara1	[]	[]
0463KhatibBaghdadi.FaqihWaMutafaqqih.JK007078-ara1	[]	[]
0463KhatibBaghdadi.FaqihWaMutafaqqih.Shamela0013048-ara1	[]	[]
0463KhatibBaghdadi.MuwaddihAwham.JK000776-ara1	[]	[]
0463KhatibBaghdadi.MuwaddihAwham.Shamela0006025-ara1	[]	[]
0463KhatibBaghdadi.TalkhisMutashabih.Shamela0006003-ara1	[]	[]
0463KhatibBaghdadi.TalkhisMutashabih.Shamela0021477-ara1	[]	[]
0463KhatibBaghdadi.TalkhisMutashabih.JK000617-ara1	[]	[]
0463KhatibBaghdadi.GhunyaMultamis.Shamela0005777-ara1	['completed']	[]
0463KhatibBaghdadi.GhunyaMultamis.JK007120-ara1	[]	[]
0463KhatibBaghdadi.SabiqWaLahiq.Shamela0007640-ara1	[]	[]
0463KhatibBaghdadi.KalamCalaSifat.JK009382-ara1	[]	[]
0463KhatibBaghdadi.QawlFiCilmNujum.Shamela0021491-ara1	[]	[]
0463KhatibBaghdadi.JuzTuruqHadithIbnCumarFiTaraiHilal.Shamela0001932-ara1	[]	[]
0463KhatibBaghdadi.JuzTuruqHadithIbnCumarFiTaraiHilal.JK009195-ara1	[]	[]
0463KhatibBaghdadi.JamicLiAkhlaqRawiWaAdabSamic.JK000761-ara1	[]	[]
0463KhatibBaghdadi.JamicLiAkhlaqRawiWaAdabSamic.Shamela0013012-ara1	[]	[]
0463KhatibBaghdadi.MuntakhabMinZuhdWaRaqaiq.Shamela0022551-ara1	[]	[]
0463KhatibBaghdadi.MuntakhabMinZuhdWaRaqaiq.JK009186-ara1	[]	[]
0463KhatibBaghdadi.FaslLiWaslMudrajFiNaql.Shamela0010842-ara1	[]	[]
0463KhatibBaghdadi.FaslLiWaslMudrajFiNaql.JK000720-ara1	[]	[]
0463KhatibBaghdadi.SharafAshabHadith.JK000837-ara1	[]	[]
0463KhatibBaghdadi.SharafAshabHadith.Shamela0013125-ara1	[]	[]
0463KhatibBaghdadi.MasalaIhtijajBiShafici.JK000275-ara1	[]	[]
0463KhatibBaghdadi.MasalaIhtijajBiShafici.Shamela0006353-ara1	[]	[]
0463KhatibBaghdadi.CawaliMalik.Shamela0026750-ara1	[]	[]
0463KhatibBaghdadi.TarikhBaghdad.Shamela0023764BK1-ara1	['completed']	[]
0463KhatibBaghdadi.TarikhBaghdad.Sham30K0000736-ara1	[]	[]
0463KhatibBaghdadi.TarikhBaghdad.Sham30K0023764-ara1	[]	[]
0463KhatibBaghdadi.TarikhBaghdad.Sham30K0036293-ara2	[]	[]
0463KhatibBaghdadi.TarikhBaghdad.Shia003129Vols-ara1	[]	[]
0463KhatibBaghdadi.TarikhBaghdad.Sham30K0032383-ara1	[]	[]
0463KhatibBaghdadi.TarikhBaghdad.Shamela0000736-ara2	['mARkdwon']	[]
0463KhatibBaghdadi.TarikhBaghdad.JK000885-ara1	[]	[]
0463KhatibBaghdadi.TarikhBaghdad.Sham30K0045859-ara1	[]	[]
0463KhatibBaghdadi.KifayaFiCilmRiwaya.Shia002158-ara1	[]	[]
0463KhatibBaghdadi.KifayaFiCilmRiwaya.JK000135-ara1	[]	[]
0463KhatibBaghdadi.KifayaFiCilmRiwaya.Shamela0013055-ara1	[]	[]
0463KhatibBaghdadi.AsmaMubhama.Shamela0005815-ara1	[]	[]
0463KhatibBaghdadi.AsmaMubhama.JK009142-ara1	[]	[]
0463KhatibBaghdadi.RihlaFiTalabCilm.Shamela0013020-ara1	[]	[]
0463KhatibBaghdadi.RihlaFiTalabCilm.Shia002156-ara1	[]	[]
0463KhatibBaghdadi.RihlaFiTalabCilm.JK000727-ara1	[]	[]
0463KhatibBaghdadi.HadithSittaMinTabicin.JK000636-ara1	[]	[]
0463KhatibBaghdadi.HadithSittaMinTabicin.Shia002161-ara1	[]	[]
0463KhatibBaghdadi.HadithSittaMinTabicin.Shamela0005673-ara1	[]	[]
0463KhatibBaghdadi.DhikrJahrBiBasmala.Shamela0029892-ara1	[]	[]
0463KhatibBaghdadi.NasihatAhlHadith.Shia002162-ara1	[]	[]
0463KhatibBaghdadi.NasihatAhlHadith.Shamela0005646-ara1	[]	[]
0463KhatibBaghdadi.NasihatAhlHadith.JK000632-ara1	[]	[]
0463KhatibBaghdadi.MuttafiqWaMuftariq.Shamela0009076-ara1	['completed']	[]
0463KhatibBaghdadi.DhikrSalatTasbih.Shamela0026373-ara1	[]	[]
0463KhatibBaghdadi.Bukhala.Shamela0021475-ara1	[]	[]
0453AbuIshaqHusri.NurTaraf.Shamela0005351-ara1	[]	[]
0453AbuIshaqHusri.ZuhrAdab.Shamela0010768-ara1	[]	[]
0453AbuIshaqHusri.ZuhrAdab.JK009230-ara1	[]	[]
0453AbuIshaqHusri.JamcJawahir.Shamela0000621-ara1	[]	[]
0453AbuIshaqHusri.JamcJawahir.JK010621-ara1	[]	[]
0473IbnHayyush.Diwan.JK007594-ara1	[]	[]
0461IbnHusaynSughdi.NutafFifatawa.Shamela0006178-ara1	[]	[]
0461IbnHusaynSughdi.NutafFifatawa.JK000282-ara1	[]	[]
0468IbnBassal.QasdWaBayan.Filaha001-ara1	['completed']	[]
0454AbuMuhammadJawhari.Amali.Shamela0029771-ara1	[]	[]
0454AbuMuhammadJawhari.Amali.Shamela0029770-ara1	[]	[]
0454AbuMuhammadJawhari.Amali.Shamela0030071-ara1	[]	[]
0454AbuMuhammadJawhari.MajlisFiTawaduc.Shamela0027100-ara1	[]	[]
0471IbnAhmadIbnBannaBaghdadi.FadlTahlil.Shamela0026660-ara1	[]	[]
0471IbnAhmadIbnBannaBaghdadi.RisalaMughniyya.Shamela0006782-ara1	[]	[]
0471IbnAhmadIbnBannaBaghdadi.RisalaMughniyya.JK000051-ara1	[]	[]
0470IbnMuhammadKufi.Cawali.Shamela0029769-ara1	[]	[]
0469IbnHayyanQurtubi.Muqtabas.Shamela0016439-ara1	[]	[]
0469IbnHayyanQurtubi.Muqtabas.JK010333-ara1	[]	[]
0454IbnSalamaMisri.DusturMacalim.Shia002102-ara1	[]	[]
0454IbnSalamaMisri.MusnadShihab.Shamela0013163-ara1	[]	[]
0454IbnSalamaMisri.MusnadShihab.JK000480-ara1	[]	[]
0454IbnSalamaMisri.MusnadShihab.Shia002103Vols-ara1	[]	[]
0454IbnAhmadRazi.FadailQuran.Shamela0001600-ara1	[]	[]
0454IbnAhmadRazi.AhadithFiDhammKalam.Shamela0026462-ara1	[]	[]
0454IbnAhmadRazi.AhadithFiDhammKalam.Shia004492-ara1	[]	[]
0454IbnAhmadRazi.AhadithFiDhammKalam.JK008000-ara1	[]	[]
0463IbnCabdBarr.IntiqaFiFadail.Shamela0006733-ara1	['completed']	[]
0463IbnCabdBarr.IntiqaFiFadail.Shia002118-ara1	[]	[]
0463IbnCabdBarr.IntiqaFiFadail.JK001033-ara1	[]	[]
0463IbnCabdBarr.IsticabFiMacrifaAshab.Shamela0012288-ara1	[]	[]
0463IbnCabdBarr.IsticabFiMacrifaAshab.Shia002127Vols-ara1	[]	[]
0463IbnCabdBarr.IsticabFiMacrifaAshab.Zaydiyya0000058-ara1	[]	[]
0463IbnCabdBarr.IsticabFiMacrifaAshab.JK000778-ara1	['completed']	[]
0463IbnCabdBarr.Insaf.JK011303-ara1	[]	[]
0463IbnCabdBarr.Insaf.Shamela0013000-ara1	[]	[]
0463IbnCabdBarr.AdabMujalasa.Shamela0006780-ara1	[]	[]
0463IbnCabdBarr.AdabMujalasa.Shia002115-ara1	['completed']	[]
0463IbnCabdBarr.AdabMujalasa.JK000035-ara1	['completed']	[]
0463IbnCabdBarr.JamicBayan.Shamela0022367-ara1	[]	[]
0463IbnCabdBarr.JamicBayan.JK000005-ara1	[]	[]
0463IbnCabdBarr.JamicBayan.Shia002159Vols-ara1	[]	[]
0463IbnCabdBarr.IstidhkarJamic.Shia002119Vols-ara1	[]	[]
0463IbnCabdBarr.IstidhkarJamic.JK001503-ara1	[]	[]
0463IbnCabdBarr.IstidhkarJamic.Shamela0001722-ara1	[]	[]
0463IbnCabdBarr.InbahCalaQabail.Shamela0006696-ara1	[]	[]
0463IbnCabdBarr.InbahCalaQabail.JK000948-ara1	[]	[]
0463IbnCabdBarr.InbahCalaQabail.Shia002117-ara1	[]	[]
0463IbnCabdBarr.BahjatMajalis.Shamela0000558-ara1	[]	[]
0463IbnCabdBarr.TamhidMuwatta.Shia002131Vols-ara1	[]	[]
0463IbnCabdBarr.TamhidMuwatta.JK000585-ara1	[]	[]
0463IbnCabdBarr.TamhidMuwatta.Shamela0001719-ara1	[]	[]
0463IbnCabdBarr.KafiFiFiqh.JK000881-ara1	[]	[]
0463IbnCabdBarr.KafiFiFiqh.Shia002157-ara1	[]	[]
0463IbnCabdBarr.KafiFiFiqh.Shamela0007367-ara1	[]	[]
0463IbnCabdBarr.Durar.JK000118-ara1	[]	[]
0463IbnCabdBarr.Durar.Shamela0010695-ara1	['completed']	[]
0463IbnCabdBarr.Durar.Shia002155-ara1	[]	[]
0466IbnSinanKhafaji.Diwan.JK007620-ara1	[]	[]
0466IbnSinanKhafaji.SirrFasaha.JK001090-ara1	[]	[]
0466IbnSinanKhafaji.SirrFasaha.Shamela0011239-ara1	[]	[]
0463IbnRashiqQayrawani.CumdaFiMahasinShicr.JK010637-ara1	[]	[]
0463IbnRashiqQayrawani.CumdaFiMahasinShicr.Shamela0010909-ara1	[]	[]
0463IbnRashiqQayrawani.Diwan.JK007596-ara1	[]	[]
0470IbnMuhammadIbnMandahIsbahani.RaddCalaManYaqul.Shamela0026452-ara1	[]	[]
0471CabdQadirJurjani.MiftahFiSarf.Shamela0011562-ara1	[]	[]
0471CabdQadirJurjani.DalailIcjaz.JK001019-ara1	[]	[]
0471CabdQadirJurjani.DalailIcjaz.Shamela0037697-ara1	[]	[]
0471CabdQadirJurjani.DalailIcjaz.Shamela0022664-ara1	[]	[]
0471CabdQadirJurjani.DalailIcjaz.Shamela0012055-ara1	[]	[]
0471CabdQadirJurjani.AsrarBalagha.JK006906-ara1	[]	[]
0471CabdQadirJurjani.AsrarBalagha.Shamela0008187-ara1	[]	[]
0470IbnMalikYamani.KashfAsrarBatiniyya.Shamela0038186-ara1	[]	[]
0475IbnMakula.IkmalFiRafcIrtiyab.JK000582-ara1	['completed']	[]
0475IbnMakula.IkmalFiRafcIrtiyab.Shia003146Vols-ara1	[]	[]
0475IbnMakula.IkmalFiRafcIrtiyab.Shamela0022659-ara1	[]	[]
0475IbnMakula.TahdhibMustamirr.Shamela0005798-ara1	[]	[]
0475IbnMakula.TahdhibMustamirr.JK000773-ara1	[]	[]
0468IbnCabdRahmanNaysaburi.Fawaid.Shamela0021678-ara1	[]	[]
0457IbnAhmadSayrafi.Mashyakha.Shamela0012749-ara1	['completed']	[]
0465IbnCaliMaghribi.KamilFiQiraat.Shamela0036957-ara1	[]	[]
0471IbnMuhammadIsfaraini.TabsirFiDin.Shamela0006376-ara1	[]	[]
0471IbnMuhammadIsfaraini.TabsirFiDin.JK001248-ara1	[]	[]
0458Bayhaqi.AsmaWaSifat.Shamela0009270-ara1	['completed']	[]
0458Bayhaqi.AsmaWaSifat.JK011293-ara1	[]	[]
0458Bayhaqi.Adab.JK011283-ara1	[]	[]
0458Bayhaqi.Adab.Shamela0008203-ara1	['completed']	[]
0458Bayhaqi.ArbacunaSughra.Shia002107-ara1	[]	[]
0458Bayhaqi.ArbacunaSughra.JK000733-ara1	['completed']	[]
0458Bayhaqi.ArbacunaSughra.Shamela0012992-ara1	[]	[]
0458Bayhaqi.ShucabIman.JK000021-ara1	['completed']	[]
0458Bayhaqi.ShucabIman.Shamela0010660-ara1	[]	[]
0458Bayhaqi.FadailAwqat.JK000024-ara1	['completed']	[]
0458Bayhaqi.FadailAwqat.Shia002106-ara1	[]	[]
0458Bayhaqi.FadailAwqat.Shamela0013134-ara1	[]	[]
0458Bayhaqi.MacrifatSunanWaAthar.Shia002108Vols-ara1	[]	[]
0458Bayhaqi.MacrifatSunanWaAthar.JK007027-ara1	[]	[]
0458Bayhaqi.MacrifatSunanWaAthar.Shamela0002863-ara1	['completed']	[]
0458Bayhaqi.MadkhalIlaSunanKubra.JK000728-ara1	['completed']	[]
0458Bayhaqi.MadkhalIlaSunanKubra.Shamela0013061-ara1	[]	[]
0458Bayhaqi.SunanSaghir.Shamela0012415-ara1	['completed']	[]
0458Bayhaqi.BacthWaNushur.JK011320-ara1	[]	[]
0458Bayhaqi.BacthWaNushur.Shamela0009292-ara1	['completed']	[]
0458Bayhaqi.BayanKhata.Shamela0013085-ara1	[]	[]
0458Bayhaqi.BayanKhata.JK000711-ara1	['completed']	[]
0458Bayhaqi.RisalaIlaJuwayni.Shamela0027089-ara1	['completed']	[]
0458Bayhaqi.ZuhdKabir.JK001288-ara1	['completed']	[]
0458Bayhaqi.ZuhdKabir.Shamela0013025-ara1	[]	[]
0458Bayhaqi.DalailNubuwwa.JK006838-ara1	['mARkdwon']	[]
0458Bayhaqi.DalailNubuwwa.Shamela0013115-ara1	[]	[]
0458Bayhaqi.DalailNubuwwa.Shamela0007478-ara1	[]	[]
0458Bayhaqi.HayatAnbiya.JK000949-ara1	['mARkdwon']	[]
0458Bayhaqi.HayatAnbiya.Shamela0013114-ara1	[]	[]
0458Bayhaqi.IthbatCadhabQabr.Shamela0008258-ara1	[]	[]
0458Bayhaqi.IthbatCadhabQabr.JK000314-ara1	['completed']	[]
0458Bayhaqi.IthbatCadhabQabr.Shia002105-ara1	[]	[]
0458Bayhaqi.DacawatKabir.JK007124-ara1	[]	[]
0458Bayhaqi.DacawatKabir.Shamela0008970-ara1	['completed']	[]
0458Bayhaqi.QadaWaQadar.JK009179-ara1	['completed']	[]
0458Bayhaqi.QadaWaQadar.Shamela0013053-ara1	[]	[]
0458Bayhaqi.Ictiqad.JK000698-ara1	['completed']	[]
0458Bayhaqi.Ictiqad.Shamela0012997-ara1	[]	[]
0458Bayhaqi.HadithJuwaybari.Shamela0007531-ara1	['completed']	[]
0458Bayhaqi.SunanKubra.Shamela0007861-ara1	[]	[]
0458Bayhaqi.SunanKubra.Shia001754Vols-ara1	[]	[]
0458Bayhaqi.SunanKubra.JK000484-ara1	[]	[]
0458Bayhaqi.JamicFiKhatim.JK011331-ara1	[]	[]
0458Bayhaqi.JamicFiKhatim.Shamela0009300-ara1	['completed']	[]
0458Bayhaqi.QiraatKhalfaImam.Shamela0001378-ara1	[]	[]
0458Bayhaqi.QiraatKhalfaImam.JK000631-ara1	['completed']	[]
0458Bayhaqi.AhkamQuranLiShafici.Shamela0003328-ara1	['completed']	[]
0474IbnKhalafBaji.MuntaqaMinSharhMuwatta.Shamela0006684-ara1	[]	[]
0474IbnKhalafBaji.TacdilWaTajrih.JK000499-ara1	['completed']	[]
0474IbnKhalafBaji.TacdilWaTajrih.Shia003143Vols-ara1	[]	[]
0474IbnKhalafBaji.TacdilWaTajrih.Shamela0005851-ara1	[]	[]
0474IbnKhalafBaji.Nasiha.Shamela0006865-ara1	[]	[]
0474IbnKhalafBaji.Nasiha.JK001285-ara1	[]	[]
0463IbnZaydun.Diwan.JK007568-ara1	[]	[]
0455IbnHamdBarujirdi.FathCalaAbiFath.Shamela0037025-ara1	[]	[]
0470CaliIbnGhanaim.Fawaid.Shamela0029922-ara1	[]	[]
0468IbnAhmadWahidiNaysaburi.WajizFiTafsir.Shia002542Vols-ara1	[]	[]
0468IbnAhmadWahidiNaysaburi.WajizFiTafsir.JK000462-ara1	[]	[]
0468IbnAhmadWahidiNaysaburi.WajizFiTafsir.Shamela0002547-ara1	[]	[]
0468IbnAhmadWahidiNaysaburi.AsbabNuzul.Shia002541-ara1	[]	[]
0468IbnAhmadWahidiNaysaburi.AsbabNuzul.Shamela0011314-ara1	[]	[]
0468IbnAhmadWahidiNaysaburi.AsbabNuzul.Shamela0011456-ara1	[]	[]
0468IbnAhmadWahidiNaysaburi.SharhDiwanMutanabbi.Shamela0000754-ara1	[]	[]
0468IbnAhmadWahidiNaysaburi.SharhDiwanMutanabbi.JK010754-ara1	[]	[]
0468IbnAhmadWahidiNaysaburi.WasitFiTafsir.Shamela0021821-ara1	[]	[]
0475IbnMandahCabdWahhabIsbahani.Fawaid.JK010938-ara1	[]	[]
0475IbnMandahCabdWahhabIsbahani.Fawaid.Shia002163-ara1	[]	[]
0466CabdCazizKattani.MusalsalCidayn.Shamela0026776-ara1	[]	[]
0466CabdCazizKattani.DhaylTarikhMawlidCulama.Shamela0005790-ara1	[]	[]
0466CabdCazizKattani.DhaylTarikhMawlidCulama.JK000770-ara1	['completed']	[]
0451IbnCushariHanbali.FadailAbiBakr.Shamela0012742-ara1	[]	[]
0468IbnMuhammadMihrawani.Fawaid.JK007015-ara1	[]	[]
0468IbnMuhammadMihrawani.Fawaid.Shamela0000727-ara1	[]	[]
0458IbnSidahMursi.CadadFiLugha.JK000909-ara1	[]	[]
0458IbnSidahMursi.CadadFiLugha.Shamela0006983-ara1	[]	[]
0458IbnSidahMursi.MuhkamWaMuhit.JK006962-ara1	[]	[]
0458IbnSidahMursi.MuhkamWaMuhit.Shamela0009757-ara1	[]	[]
0458IbnSidahMursi.SharhMushkil.Shamela0000775-ara1	[]	[]
0458IbnSidahMursi.SharhMushkil.JK010775-ara1	[]	[]
0458IbnSidahMursi.Mukhassas.JK000849-ara1	[]	[]
0458IbnSidahMursi.Mukhassas.Shamela0003590-ara1	[]	[]
0456IbnHazm.NasikhWaMansukh.Shamela0002216-ara1	[]	[]
0456IbnHazm.NasikhWaMansukh.JK000452-ara1	[]	[]
0456IbnHazm.NasikhWaMansukh.Shia002540-ara1	[]	[]
0456IbnHazm.RisalatTawqif.JK009350-ara1	[]	[]
0456IbnHazm.RisalatBayan.JK009348-ara1	['completed']	[]
0456IbnHazm.HajjatWidac.Shamela0013109-ara1	[]	[]
0456IbnHazm.HajjatWidac.JK001284-ara1	[]	[]
0456IbnHazm.NaqtCarus.JK009341-ara1	['completed']	[]
0456IbnHazm.RisalatanFiTacnif.JK009345-ara1	[]	[]
0456IbnHazm.MuhallaBiAthar.Shamela0000767-ara1	['completed']	[]
0456IbnHazm.MuhallaBiAthar.Shia001028Vols-ara1	[]	[]
0456IbnHazm.MuhallaBiAthar.JK000538-ara1	[]	[]
0456IbnHazm.MuhallaBiAthar.JK000229-ara1	[]	[]
0456IbnHazm.JamharatAnsab.Shamela0009793-ara1	['completed']	[]
0456IbnHazm.JamharatAnsab.JK009221-ara1	[]	[]
0456IbnHazm.NubdhaKafiya.JK000283-ara1	[]	[]
0456IbnHazm.NubdhaKafiya.Shamela0006321-ara1	[]	[]
0456IbnHazm.FadlAndalus.JK009343-ara1	['completed']	[]
0456IbnHazm.FadlAndalus.JK000950-ara1	[]	[]
0456IbnHazm.FadlAndalus.Shamela0006701-ara1	[]	[]
0456IbnHazm.AkhlaqWaSiyar.Shamela0006874-ara1	[]	[]
0456IbnHazm.AkhlaqWaSiyar.JK000426-ara1	[]	[]
0456IbnHazm.RisalaFiAlamMawt.JK009351-ara1	['completed']	[]
0456IbnHazm.RaddCalaKindi.JK009346-ara1	['completed']	[]
0456IbnHazm.RisalaFiImama.JK009352-ara1	['completed']	[]
0456IbnHazm.RisalaFiUmmahatKhulafa.JK009354-ara1	[]	[]
0456IbnHazm.RisalaFiGhina.JK009339-ara1	['completed']	[]
0456IbnHazm.Rasail.Shamela0001038-ara1	[]	[]
0456IbnHazm.TaqribLiHaddMantiq.JK009305-ara1	[]	[]
0456IbnHazm.TaqribLiHaddMantiq.Shamela0001028-ara1	[]	[]
0456IbnHazm.TafsirAlfazFiUsul.JK009347-ara1	['completed']	[]
0456IbnHazm.RisalaFiFutuhIslam.JK009340-ara1	['completed']	[]
0456IbnHazm.FaslFiMilal.Shamela0006521-ara1	[]	[]
0456IbnHazm.FaslFiMilal.JK000343-ara1	[]	[]
0456IbnHazm.AsmaKhulafa.JK009356-ara1	['completed']	[]
0456IbnHazm.RisalaFiRaddCalaIbnNaghrila.JK009353-ara1	['completed']	[]
0456IbnHazm.RisalatTalkhis.JK009349-ara1	[]	[]
0456IbnHazm.RisalaFiRaddCalaHatif.JK009338-ara1	['completed']	[]
0456IbnHazm.RisalaFiAhlShaqa.JK009355-ara1	['completed']	[]
0456IbnHazm.TawqHamama.JK009337-ara1	[]	[]
0456IbnHazm.TawqHamama.Shamela0010518-ara1	[]	[]
0456IbnHazm.RisalaFiMaratibCulum.JK009344-ara1	['completed']	[]
0456IbnHazm.MaratibIjmac.JK000182-ara1	[]	[]
0456IbnHazm.MaratibIjmac.Shamela0012446-ara1	[]	[]
0456IbnHazm.IhkamFiUsulAhkam.JK000122-ara1	[]	[]
0456IbnHazm.IhkamFiUsulAhkam.Shia002905Vols-ara1	[]	[]
0456IbnHazm.IhkamFiUsulAhkam.Shamela0010432-ara1	[]	[]
0456IbnHazm.FaslFiMacrifatNafs.JK009342-ara1	[]	[]
0456IbnHazm.JawamicSira.Shamela0009728-ara1	['completed']	[]
0456IbnHazm.JawamicSira.Shamela0001036-ara1	[]	[]
0456IbnHazm.JawamicSira.JK011036-ara1	[]	[]
0454IbnBadisSanhaji.CumdatKuttab.Shamela0036086-ara1	[]	[]
0471IbnCaliBalkhi.Wakhshiyat.Shamela0029991-ara1	[]	[]
0471IbnCaliBalkhi.Wakhshiyat.Shamela0029984-ara1	[]	[]
0460IbnSharafQayruwani.MasailIntiqad.Shamela0000786-ara1	[]	[]
0460IbnSharafQayruwani.MasailIntiqad.JK010786-ara1	[]	[]
0460ShaykhTusi.Rijal.Zaydiyya0000285-ara1	[]	[]
0460ShaykhTusi.Rijal.Shia002935-ara1	['completed']	[]
0460ShaykhTusi.Khilaf.Shia000026Vols-ara1	[]	[]
0460ShaykhTusi.Nihaya.Shia000041-ara1	[]	[]
0460ShaykhTusi.Amali.Zaydiyya0000277-ara1	[]	[]
0460ShaykhTusi.Amali.Shia001334-ara1	[]	[]
0460ShaykhTusi.Mabsut.Shia000033Vols-ara1	[]	[]
0460ShaykhTusi.Iqtisad.Shia000025-ara1	[]	[]
0460ShaykhTusi.Tibyan.Shia002341Vols-ara1	[]	[]
0460ShaykhTusi.Tibyan.Zaydiyya0000279-ara1	[]	[]
0460ShaykhTusi.TajridMantiq.JK010709-ara1	[]	[]
0460ShaykhTusi.Ghayba.Shia001335-ara1	[]	[]
0460ShaykhTusi.Ghayba.Zaydiyya0000283-ara1	[]	[]
0460ShaykhTusi.IkhtiyarMacrifaRijal.Zaydiyya0000278-ara1	[]	[]
0460ShaykhTusi.IkhtiyarMacrifaRijal.Shia002932Vols-ara1	['completed']	[]
0460ShaykhTusi.Fihrist.Shia002934-ara1	['completed']	[]
0460ShaykhTusi.Fihrist.Zaydiyya0000284-ara1	[]	[]
0460ShaykhTusi.TahdhibAhkam.Zaydiyya0000302-ara1	[]	[]
0460ShaykhTusi.TahdhibAhkam.Shia001161Vols-ara1	[]	[]
0460ShaykhTusi.MisbahMujtahid.Shia000042-ara1	[]	[]
0460ShaykhTusi.CiddatUsul.Shia002750Vols-ara1	[]	[]
0460ShaykhTusi.CiddatUsul.Shia002748Vols-ara1	[]	[]
0460ShaykhTusi.RasailCashar.Shia000032-ara1	[]	[]
0460ShaykhTusi.Istibsar.Shia001157Vols-ara1	[]	[]
0855BadrDinCayni.CiqdJuman.Shamela0000380-ara1	[]	[]
0855BadrDinCayni.CiqdJuman.JK010380-ara1	[]	[]
0855BadrDinCayni.BinayaSharhHidaya.Shamela0000427-ara1	[]	[]
0855BadrDinCayni.MaghaniAkhyar.Shamela0010452-ara1	[]	[]
0855BadrDinCayni.MaghaniAkhyar.JK011148-ara1	[]	[]
0855BadrDinCayni.SharhSunanAbiDawud.Shamela0008540-ara1	[]	[]
0855BadrDinCayni.CumdatQari.JK006804-ara1	[]	[]
0855BadrDinCayni.CumdatQari.Shia001806Vols-ara1	[]	[]
0855BadrDinCayni.CumdatQari.Shamela0005756-ara1	['inProgress']	[]
0855IbnAhmadShamsDinDimashqi.MasailMuhimma.Shamela0008550-ara1	[]	[]
0852SirajDinIbnWardi.KharidaCajaib.Shamela0003298-ara1	[]	[]
0854IbnCarabshah.CajaibMaqdur.Shamela0012417-ara1	[]	[]
0854IbnCarabshah.CajaibMaqdur.JK010338-ara1	[]	[]
0854IbnCarabshah.MarzubanNamah.Shamela0008305-ara1	[]	[]
0854IbnCarabshah.FakihatKhulafa.Shamela0012726-ara1	[]	[]
0854IbnCarabshah.FakihatKhulafa.JK010770-ara1	[]	[]
0873IbnShahinZahiri.Isharat.JK006851-ara1	[]	[]
0873IbnShahinZahiri.Isharat.Shamela0009968-ara1	[]	[]
0873IbnShahinZahiri.Isharat.Shia004693Vols-ara1	[]	[]
0871IbnFahdMakki.LahzAlhaz.Shamela0007313-ara1	[]	[]
0871IbnFahdMakki.LahzAlhaz.Shia003348-ara1	[]	[]
0871IbnFahdMakki.LahzAlhaz.JK004502-ara1	[]	[]
0859IbnHasanShamsDinNawaji.ShifaFiBadicIktifa.Shamela0036073-ara1	[]	[]
0852IbnHajarCasqalani.QawlMusaddad.JK000755-ara1	[]	[]
0852IbnHajarCasqalani.QawlMusaddad.Shia002242-ara1	[]	[]
0852IbnHajarCasqalani.QawlMusaddad.Shamela0006035-ara1	[]	[]
0852IbnHajarCasqalani.CawaliMuslimArbacuna.Shamela0026891-ara1	[]	[]
0852IbnHajarCasqalani.ZahrNadirFiHalKhadir.JK006670-ara1	[]	[]
0852IbnHajarCasqalani.ZahrNadirFiHalKhadir.Shamela0005738-ara1	[]	[]
0852IbnHajarCasqalani.TabsirMuntabih.Shamela0004092-ara1	[]	[]
0852IbnHajarCasqalani.TabsirMuntabih.JK009358-ara1	[]	[]
0852IbnHajarCasqalani.AhadithCashara.Shamela0021489-ara1	[]	[]
0852IbnHajarCasqalani.MuntakhabMinAmali.Shamela0011118-ara1	[]	[]
0852IbnHajarCasqalani.ItharBiMacrifa.JK000656-ara1	[]	[]
0852IbnHajarCasqalani.ItharBiMacrifa.Shamela0005861-ara1	[]	[]
0852IbnHajarCasqalani.TaghliqTacliq.JK000702-ara1	[]	[]
0852IbnHajarCasqalani.TaghliqTacliq.Shamela0000347-ara1	[]	[]
0852IbnHajarCasqalani.NuzhatNazar.Shamela0012115-ara1	[]	[]
0852IbnHajarCasqalani.NuzhatNazar.Shamela0001565-ara1	[]	[]
0852IbnHajarCasqalani.WuqufCalaMawquf.JK000609-ara1	[]	[]
0852IbnHajarCasqalani.WuqufCalaMawquf.Shamela0005993-ara1	[]	[]
0852IbnHajarCasqalani.MatalibCaliya.Shamela0022804-ara1	[]	[]
0852IbnHajarCasqalani.MatalibCaliya.JK006801-ara1	[]	[]
0852IbnHajarCasqalani.BulughMaram.Shamela0009111-ara1	[]	[]
0852IbnHajarCasqalani.MasailAjabaCanha.Shamela0096277-ara1	[]	[]
0852IbnHajarCasqalani.TuruqHadithLaTasubbuAshabi.Shamela0030733-ara1	[]	[]
0852IbnHajarCasqalani.IthafMahara.Shamela0026324-ara1	[]	[]
0852IbnHajarCasqalani.MarhamaGhaythiyya.Shamela0030287-ara1	[]	[]
0852IbnHajarCasqalani.NuzhatSamicin.Shamela0006009-ara1	[]	[]
0852IbnHajarCasqalani.NuzhatSamicin.JK001203-ara1	[]	[]
0852IbnHajarCasqalani.IsabaFiTamyiz.Shia003317Vols-ara1	[]	[]
0852IbnHajarCasqalani.IsabaFiTamyiz.JK000533-ara1	['completed']	[]
0852IbnHajarCasqalani.IsabaFiTamyiz.Shamela0009767-ara1	[]	[]
0852IbnHajarCasqalani.TakhrijAhadithAsmaHusna.Shamela0030718-ara1	[]	[]
0852IbnHajarCasqalani.AmaliHalabiyya.Shamela0005729-ara1	[]	[]
0852IbnHajarCasqalani.AmaliHalabiyya.Shamela0009377-ara1	[]	[]
0852IbnHajarCasqalani.AmaliHalabiyya.JK007058-ara1	[]	[]
0852IbnHajarCasqalani.MucjamMufahras.Shamela0010714-ara1	[]	[]
0852IbnHajarCasqalani.MucjamMufahras.JK001149-ara1	[]	[]
0852IbnHajarCasqalani.TahdhibTahdhib.JK000134-ara1	['completed']	[]
0852IbnHajarCasqalani.TahdhibTahdhib.Shamela0003310-ara1	[]	[]
0852IbnHajarCasqalani.TahdhibTahdhib.Shia003328Vols-ara1	[]	[]
0852IbnHajarCasqalani.NazmLaali.Shamela0012865-ara1	[]	[]
0852IbnHajarCasqalani.RafcCisr.JK009280-ara1	[]	[]
0852IbnHajarCasqalani.RafcCisr.Shamela0012724-ara1	[]	[]
0852IbnHajarCasqalani.ImtacBiArbacin.Shamela0005719-ara1	[]	[]
0852IbnHajarCasqalani.ImtacBiArbacin.JK001031-ara1	[]	[]
0852IbnHajarCasqalani.NukatZiraf.JK009256-ara1	[]	[]
0852IbnHajarCasqalani.TacjilManfaca.Shamela0001893-ara1	[]	[]
0852IbnHajarCasqalani.TacjilManfaca.Shia003325-ara1	[]	[]
0852IbnHajarCasqalani.TacjilManfaca.JK000536-ara1	[]	[]
0852IbnHajarCasqalani.SilsilatDhahab.Shamela0006023-ara1	[]	[]
0852IbnHajarCasqalani.SilsilatDhahab.JK000641-ara1	[]	[]
0852IbnHajarCasqalani.SilsilatDhahab.Shia002247-ara1	[]	[]
0852IbnHajarCasqalani.AmaliAdhkarFiFadlSalatTasbih.Shamela0029563-ara1	[]	[]
0852IbnHajarCasqalani.DirayaFiTakhrijAhadithHidaya.JK000775-ara1	[]	[]
0852IbnHajarCasqalani.DirayaFiTakhrijAhadithHidaya.Shia002240Vols-ara1	[]	[]
0852IbnHajarCasqalani.DirayaFiTakhrijAhadithHidaya.Shamela0005908-ara1	[]	[]
0852IbnHajarCasqalani.TalkhisHabir.Shamela0001581-ara1	[]	[]
0852IbnHajarCasqalani.TalkhisHabir.JK000559-ara1	[]	[]
0852IbnHajarCasqalani.TalkhisHabir.Shia001041Vols-ara1	[]	[]
0852IbnHajarCasqalani.TalkhisHabir.Shamela0021601-ara1	[]	[]
0852IbnHajarCasqalani.FathBari.Shia001792Vols-ara1	[]	[]
0852IbnHajarCasqalani.FathBari.JK000166-ara1	[]	[]
0852IbnHajarCasqalani.FathBari.Shamela0001673-ara1	[]	[]
0852IbnHajarCasqalani.MuqaddimatFathBari.Shia001805-ara1	[]	[]
0852IbnHajarCasqalani.MuqaddimatFathBari.JK000136-ara1	[]	[]
0852IbnHajarCasqalani.ItrafMusnadMuctali.Shamela0012220-ara1	[]	[]
0852IbnHajarCasqalani.TaqribTahdhib.Shamela0008609-ara1	[]	[]
0852IbnHajarCasqalani.TaqribTahdhib.Shia003326Vols-ara1	[]	[]
0852IbnHajarCasqalani.TaqribTahdhib.JK000121-ara1	[]	[]
0852IbnHajarCasqalani.TabaqatMudallisin.Shia003340-ara1	[]	[]
0852IbnHajarCasqalani.TabaqatMudallisin.JK000535-ara1	[]	[]
0852IbnHajarCasqalani.DurarKamina.JK001301-ara1	[]	[]
0852IbnHajarCasqalani.DurarKamina.Shamela0006674-ara1	['completed']	[]
0852IbnHajarCasqalani.RisalatTadhakkurAthar.Shia004510-ara1	[]	[]
0852IbnHajarCasqalani.AmaliMutlaqa.JK000685-ara1	[]	[]
0852IbnHajarCasqalani.AmaliMutlaqa.Shamela0005702-ara1	[]	[]
0852IbnHajarCasqalani.CujabFiBayanAsbab.Shia002667Vols-ara1	[]	[]
0852IbnHajarCasqalani.CujabFiBayanAsbab.JK001329-ara1	[]	[]
0852IbnHajarCasqalani.CujabFiBayanAsbab.Shamela0002102-ara1	[]	[]
0852IbnHajarCasqalani.NukatCalaIbnSalah.JK006975-ara1	[]	[]
0852IbnHajarCasqalani.NukatCalaIbnSalah.Shamela0008316-ara1	[]	[]
0852IbnHajarCasqalani.LisanMizan.Shamela0036357-ara1	[]	[]
0852IbnHajarCasqalani.LisanMizan.Shamela0012063-ara1	[]	[]
0852IbnHajarCasqalani.LisanMizan.JK000534-ara1	[]	[]
0852IbnHajarCasqalani.LisanMizan.Shia003341Vols-ara1	[]	[]
0852IbnHajarCasqalani.NuzhaAlbab.Shamela0005809-ara1	[]	[]
0852IbnHajarCasqalani.NuzhaAlbab.JK000936-ara1	[]	[]
0852IbnHajarCasqalani.KalamCalaHadithImraati.Shamela0011057-ara1	[]	[]
0852IbnHajarCasqalani.NukhbatFikr.JK000434-ara1	[]	[]
0852IbnHajarCasqalani.NukhbatFikr.Shamela0005940-ara1	[]	[]
0852IbnHajarCasqalani.NukhbatFikr.Shia002248-ara1	[]	[]
0852IbnHajarCasqalani.TacrifAhlTaqdis.Shamela0001186-ara1	[]	[]
0852IbnHajarCasqalani.MucjamShaykhaMaryam.Shamela0030267Vols-ara1	[]	[]
0852IbnHajarCasqalani.InbaGhumr.JK009239-ara1	[]	[]
0852IbnHajarCasqalani.InbaGhumr.Shamela0026317-ara1	[]	[]
0868IbnCumarBulqini.TuhfatAmin.Shamela0010049-ara1	[]	[]
0866MuhammadIbnSayyidHasan.RamuzCalaSihah.JK001215-ara1	[]	[]
0866MuhammadIbnSayyidHasan.RamuzCalaSihah.Shamela0007051-ara1	[]	[]
0855ShamsDinDikunquz.SharhCalaMarahArwah.Shamela0023140-ara1	[]	[]
0871IbnAhmadShamsDinBacuni.JawahirMatalib.Shia003729Vols-ara1	[]	[]
0851IbnQadiShuhba.TabaqatShaficiya.Shamela0006736-ara1	[]	[]
0851IbnQadiShuhba.TabaqatShaficiya.JK000195-ara1	['inProgress']	[]
0875IbnMuhammadShihabDinHijazi.KansJawari.Shamela0009708-ara1	[]	[]
0875IbnMuhammadShihabDinHijazi.JannatWildan.Shamela0009733-ara1	[]	[]
0854IbnDiyaMakki.Juz.Shamela0030306-ara1	[]	[]
0854IbnDiyaMakki.TarikhMakka.Shamela0005539-ara1	[]	[]
0854IbnDiyaMakki.TarikhMakka.JK009303-ara1	[]	[]
0862IbnMuhammadMujari.Barnamaj.Shamela0010735-ara1	[]	[]
0862IbnMuhammadMujari.Barnamaj.JK001156-ara1	[]	[]
0861IbnCabdWahidIbnHumamSiwasi.FathQadir.Shamela0021744-ara1	[]	[]
0864IbnAhmadJalalDinMahalli.SharhWaraqatFiUsulFiqh.Shamela0021547-ara1	[]	[]
0855IbnTayyFaqacani.DurrMandud.Shia000131-ara1	[]	[]
0860IbnMuhammadShihabDinAndalusiBijai.HududFiCilmNahw.Shamela0010340-ara1	[]	[]
0855IbnSabbaghMakki.FusulMuhimma.Shia003727Vols-ara1	[]	[]
0869IbnKhalilZaynDinQabuni.BisharatMahbub.Shamela0010922-ara1	[]	[]
0869IbnKhalilZaynDinQabuni.BisharatMahbub.JK009315-ara1	[]	[]
0855IbnFaramuzMullaKhusru.DurarHukkam.JK011703-ara1	[]	[]
0855IbnFaramuzMullaKhusru.DurarHukkam.Shamela0011446-ara1	[]	[]
0855IbnFaramuzMullaKhusru.Insaf.Shia002249Vols-ara1	[]	[]
0855IbnFaramuzMullaKhusru.Insaf.Shamela0021609-ara1	[]	[]
0855IbnFaramuzMullaKhusru.Insaf.JK000788-ara1	[]	[]
0871IbnCuthmanShamsDinMardini.AnjumZahirat.Shamela0005990-ara1	[]	[]
0871IbnCuthmanShamsDinMardini.AnjumZahirat.JK007035-ara1	[]	[]
0857MuhibbDinNuwayri.SharhTayyibatNashr.Shamela0038740-ara1	[]	[]
0874IbnTaghribirdi.MawridLatafa.JK007028-ara1	[]	[]
0874IbnTaghribirdi.MawridLatafa.Shamela0006669-ara1	[]	[]
0874IbnTaghribirdi.HawadithDahriya.Shamela0009807-ara1	[]	[]
0874IbnTaghribirdi.HawadithDahriya.JK010774-ara1	[]	[]
0874IbnTaghribirdi.NujumZahira.JK001330-ara1	['completed']	[]
0874IbnTaghribirdi.NujumZahira.Sham30K0011988-ara1	[]	[]
0874IbnTaghribirdi.NujumZahira.Sham30K0043642-ara1	[]	[]
0874IbnTaghribirdi.NujumZahira.Sham30K0045924-ara1	[]	[]
0874IbnTaghribirdi.NujumZahira.Shamela0011988-ara1	[]	[]
0874IbnTaghribirdi.NujumZahira.Sham30K0034814-ara1	[]	[]
0874IbnTaghribirdi.ManhalSafi.Shamela0023156-ara1	[]	[]
0532IbnCumarGhaziIsbahani.Juz.Shamela0024229-ara1	[]	[]
0548IbnCabdKarimShahrastani.NihayatIqdam.JK009331-ara1	[]	[]
0548IbnCabdKarimShahrastani.MilalWaNihal.JK000344-ara1	['inProgress', 'no-ext']	['inProgress']
0548IbnCabdKarimShahrastani.MilalWaNihal.Shia004499Vols-ara1	[]	[]
0548IbnCabdKarimShahrastani.MilalWaNihal.Shamela0011812-ara1	['no-ext', 'completed']	['no-ext']
0542IbnCaliIbnJullabiWasiti.Juz.Shamela0026345-ara1	[]	[]
0542IbnBassamShantarini.Dhakhira.Shamela0001035-ara1	[]	[]
0542IbnBassamShantarini.Dhakhira.JK006900-ara1	['completed']	[]
0544CiyadIbnMusaYahsubi.IlmacIlaMacrifa.JK000968-ara1	['completed']	[]
0544CiyadIbnMusaYahsubi.IlmacIlaMacrifa.Shamela0006030-ara1	[]	[]
0544CiyadIbnMusaYahsubi.Ghunya.Shamela0026463-ara1	['completed']	[]
0544CiyadIbnMusaYahsubi.TartibMadarik.JK009277-ara1	[]	[]
0544CiyadIbnMusaYahsubi.TartibMadarik.Shamela0031215-ara1	['completed']	[]
0544CiyadIbnMusaYahsubi.ShifaBiTacrif.JK009263-ara1	[]	[]
0544CiyadIbnMusaYahsubi.ShifaBiTacrif.Shamela0001753-ara1	[]	[]
0544CiyadIbnMusaYahsubi.ShifaBiTacrif.Shamela0023645-ara1	['completed']	[]
0544CiyadIbnMusaYahsubi.ShifaBiTacrif.Shia003693Vols-ara1	[]	[]
0544CiyadIbnMusaYahsubi.MashariqAnwar.JK000953-ara1	[]	[]
0544CiyadIbnMusaYahsubi.MashariqAnwar.Shamela0010527-ara1	['completed']	[]
0537IbnMuhammadNajmDinNasafi.TalibatTalaba.Shamela0006039-ara1	[]	[]
0537IbnMuhammadNajmDinNasafi.TalibatTalaba.JK007118-ara1	[]	[]
0535QadiMaristan.Mashyakha.Shamela0026542-ara1	['completed']	[]
0533IbnBajja.RasailFalsafiyya.Shamela0008301-ara1	['completed']	[]
0536IbnAhmadAbuQasimSamarqandi.MaQarubaSanaduhu.Shamela0026481-ara1	[]	[]
0536IbnAhmadAbuQasimSamarqandi.Amali.Shamela0029902-ara1	[]	[]
0542IbnMunjibTajRiyasaIbnSayrafi.Afdaliyyat.Shamela0005432-ara1	[]	[]
0542IbnMunjibTajRiyasaIbnSayrafi.MukhtarMinShicr.Shamela0010914-ara1	[]	[]
0538JarAllahZamakhshari.AtwaqDhahab.JK009316-ara1	[]	[]
0538JarAllahZamakhshari.AtwaqDhahab.Shamela0000277-ara1	[]	[]
0538JarAllahZamakhshari.AsasBalagha.JK007032-ara1	[]	[]
0538JarAllahZamakhshari.AsasBalagha.Shamela0021568-ara1	[]	[]
0538JarAllahZamakhshari.Kashshaf.JK001496-ara1	[]	[]
0538JarAllahZamakhshari.Kashshaf.Shamela0023627-ara1	[]	[]
0538JarAllahZamakhshari.Kashshaf.Shia002352Vols-ara1	[]	[]
0538JarAllahZamakhshari.FaiqFiGharib.Shamela0007015-ara1	[]	[]
0538JarAllahZamakhshari.FaiqFiGharib.JK000584-ara1	[]	[]
0538JarAllahZamakhshari.FaiqFiGharib.Shia002170Vols-ara1	[]	[]
0538JarAllahZamakhshari.Qustas.JK010093-ara1	[]	[]
0538JarAllahZamakhshari.Qustas.Shamela0000658-ara1	[]	[]
0538JarAllahZamakhshari.Maqamat.Shamela0026586-ara1	[]	[]
0538JarAllahZamakhshari.Maqamat.JK009308-ara1	[]	[]
0538JarAllahZamakhshari.MufassalFiSuncatIcrab.JK001224-ara1	[]	[]
0538JarAllahZamakhshari.MufassalFiSuncatIcrab.Shamela0000759-ara1	[]	[]
0538JarAllahZamakhshari.MustaqsaFiAmthal.JK000975-ara1	[]	[]
0538JarAllahZamakhshari.MustaqsaFiAmthal.Shamela0006895-ara1	[]	[]
0538JarAllahZamakhshari.RabicAbrar.JK010561-ara1	[]	[]
0538JarAllahZamakhshari.RabicAbrar.Shamela0010668-ara1	[]	[]
0538JarAllahZamakhshari.JibalWaAmkinaWaMiyah.Shamela0007287-ara1	[]	[]
0538JarAllahZamakhshari.KalimNawabigh.Shamela0021500-ara1	[]	[]
0538JarAllahZamakhshari.KalimNawabigh.JK010647-ara1	[]	[]
0548IbnYahyaAbuSacdNaysaburi.Arbacuna.Shamela0029785-ara1	[]	[]
0533IbnTahirAbuQasimShahhami.AhadithSubaciyyat.Shamela0010444-ara1	[]	[]
0533IbnTahirAbuQasimShahhami.CawaliMalik.Shamela0026654-ara1	[]	[]
0533IbnTahirAbuQasimShahhami.JuzTuhfatCidFitr.Shamela0037610-ara1	[]	[]
0550IbnIbrahimAzdiSalmasi.ManazilAimma.Shamela0012089-ara1	['completed']	[]
0543IbnIbrahimHamadhaniJurqani.Abatil.Shamela0009642-ara1	[]	[]
0541IbnCatiyyaAndalusi.Fahrasa.JK001007-ara1	[]	[]
0541IbnCatiyyaAndalusi.Fahrasa.Shamela0010728-ara1	['completed']	[]
0541IbnCatiyyaAndalusi.MuharrarWajiz.Shamela0023632-ara1	['completed']	[]
0541IbnCatiyyaAndalusi.MuharrarWajiz.Shia002565Vols-ara1	[]	[]
0541IbnCatiyyaAndalusi.MuharrarWajiz.JK001447-ara1	[]	[]
0531IbnMuhammadJurjaniHusayni.HashiyaCalaKashshaf.Shia002351-ara1	[]	[]
0529IbnIsmacilCabdGhafirFarisi.Amali.Shamela0026558-ara1	[]	[]
0548IbnHasanTabarsi.TafsirMajmacBayan.Shia002359Vols-ara1	[]	[]
0548IbnHasanTabarsi.TafsirMajmacBayan.Zaydiyya0000301-ara1	[]	[]
0548IbnHasanTabarsi.TafsirJawamicJamic.Shia002356Vols-ara1	[]	[]
0548IbnHasanTabarsi.TajMawalid.Shia001339-ara1	[]	[]
0548IbnHasanTabarsi.MakarimAkhlaq.Shia001340-ara1	[]	[]
0548IbnHasanTabarsi.Ihtijaj.Shia001337Vols-ara1	[]	[]
0548IbnHasanTabarsi.IclamWara.Shia003695Vols-ara1	[]	[]
0535QawwamSunna.HujjaFiBayanMahajja.JK009160-ara1	[]	[]
0535QawwamSunna.HujjaFiBayanMahajja.Shamela0006446-ara1	[]	[]
0535QawwamSunna.TarghibWaTarhib.Shamela0026884-ara1	[]	[]
0535QawwamSunna.DalailNubuwwa.Shamela0006569-ara1	[]	[]
0535QawwamSunna.DalailNubuwwa.Shia002166Vols-ara1	[]	[]
0535QawwamSunna.DalailNubuwwa.JK000657-ara1	['completed']	[]
0535QawwamSunna.Cawali.Shamela0029900-ara1	[]	[]
0535QawwamSunna.IcrabQuran.Shamela0036506-ara1	[]	[]
0535QawwamSunna.Musalsalat.Shamela0021680-ara1	[]	[]
0535QawwamSunna.SiyarSalaf.Shamela0021493-ara1	['completed']	[]
0527IbnMuhammadIsbahaniYunarati.Hadith.Shamela0029782-ara1	[]	[]
0550AbuHajjajAshcari.TacrifFiAnsab.Shamela0000487-ara1	['completed']	[]
0550AbuHajjajAshcari.TacrifFiAnsab.JK010487-ara1	[]	[]
0541IbnAhmadShaykhShuyukhSufi.Juz.Shamela0026862-ara1	[]	[]
0550IbnNasirAbuFadlSallami.TanbihCalaAlfaz.Shamela0038160-ara1	[]	[]
0542IbnCaliDiyaDinIbnShajari.MukhtaratShucara.Shamela0000740-ara1	[]	[]
0542IbnCaliDiyaDinIbnShajari.MalamYunshar.Shamela0005354-ara1	[]	[]
0540IbnAhmadCalaDinSamarqandi.TuhfatFuqaha.Shamela0007691-ara1	[]	[]
0540IbnAhmadCalaDinSamarqandi.TuhfatFuqaha.JK000220-ara1	[]	[]
0540IbnAhmadCalaDinSamarqandi.TuhfatFuqaha.Shia000953Vols-ara1	[]	[]
0528IbnZaqqaqBalansi.Diwan.JK007564-ara1	[]	[]
0537IbnMuhammadTabasi.ArbacunaMustakhraja.Shamela0029772-ara1	[]	[]
0540IbnAhmadAbuSacdIsbahani.Fawaid.Shamela0029904-ara1	[]	[]
0540IbnAhmadAbuSacdIsbahani.Amali.Shamela0029903-ara1	[]	[]
0540IbnAhmadAbuSacdIsbahani.Amali.Shamela0029783-ara1	[]	[]
0543IbnHusaynBaquliIsbahani.IcrabQuran.Shamela0023585-ara1	[]	[]
0543IbnHusaynBaquliIsbahani.IcrabQuran.JK011943-ara1	[]	[]
0548IbnQaysaraniShacir.Diwan.JK007591-ara1	[]	[]
0536AbuTahirTanukhi.Tanbih.Shamela0121378-ara1	[]	[]
0540AbuMansurJawaliqi.MaJaaCalaFacaltu.JK001078-ara1	[]	[]
0540AbuMansurJawaliqi.MaJaaCalaFacaltu.Shamela0007062-ara1	[]	[]
0540AbuMansurJawaliqi.SharhAdabKatib.JK010646-ara1	[]	[]
0540AbuMansurJawaliqi.SharhAdabKatib.Shamela0001587-ara1	[]	[]
0527IbnHamdis.Diwan.JK007576-ara1	[]	[]
0536SadrShahid.SharhTalqin.Shamela0121376-ara1	[]	[]
0543IbnCarabiIshbili.CawasimMinQawasim.Shamela0030897-ara1	[]	[]
0543IbnCarabiIshbili.CawasimMinQawasim.Shamela0096180-ara1	['completed']	[]
0543IbnCarabiIshbili.CawasimMinQawasim.JK000402-ara1	['completed']	[]
0543IbnCarabiIshbili.CawasimMinQawasim.Shamela0008314-ara1	[]	[]
0543IbnCarabiIshbili.Mahsul.JK006901-ara1	[]	[]
0543IbnCarabiIshbili.Mahsul.Shamela0006281-ara1	[]	[]
0543IbnCarabiIshbili.AhkamQuran.JK000917-ara1	['completed']	[]
0543IbnCarabiIshbili.AhkamQuran.Shamela0001464-ara1	[]	[]
0543IbnCarabiIshbili.AhkamQuran.Shia002561Vols-ara1	[]	[]
0543IbnCarabiIshbili.QanunTawil.Shamela0097927-ara1	[]	[]
0528IbnMuhammadIbnHaqanIshbili.MatmahAnfus.Shamela0006910-ara1	[]	[]
0528IbnMuhammadIbnHaqanIshbili.MatmahAnfus.JK006920-ara1	[]	[]
0528IbnMuhammadIbnHaqanIshbili.MatmahAnfus.Shamela0095581-ara1	[]	[]
0526IbnAbiYacla.Ictiqad.Shamela0022852-ara1	[]	[]
0526IbnAbiYacla.TabaqatHanabila.JK000213-ara1	['completed']	[]
0526IbnAbiYacla.TabaqatHanabila.Shamela0009543-ara1	[]	[]
0526IbnAbiYacla.TabaqatHanabila.JK000200-ara1	[]	[]
0526IbnAbiYacla.Masail.Shamela0006117-ara1	[]	[]
0533IbnKhafajaShacir.Diwan.JK007565-ara1	[]	[]
0540IbnBadhish.IqnacFiQiraat.Shamela0010017-ara1	[]	[]
0928RabicIbnHabibFarahidi.RisalaHujja.ShamIbadiyya0000215-ara1	[]	[]
0942IbnYusufShami.SubulHuda.Shamela0001693-ara1	[]	[]
0942IbnYusufShami.SubulHuda.JK009313-ara1	[]	[]
0942IbnYusufShami.SubulHuda.Shia003732Vols-ara1	[]	[]
0950IbnSulaymanFadilQatifi.SirajWahhaj.Shia000150-ara1	[]	[]
0929IbnKayyal.KawakibNayyirat.Shamela0000309-ara1	[]	[]
0929IbnKayyal.KawakibNayyirat.JK000500-ara1	[]	[]
0929IbnKayyal.KawakibNayyirat.Shia003352-ara1	[]	[]
0930IbnCumarBahraqHadrami.HusamMaslul.Shamela0019542-ara1	[]	[]
0930IbnCumarBahraqHadrami.HadaiqAnwar.Shamela0009795-ara1	[]	[]
0930IbnCumarBahraqHadrami.HadaiqAnwar.JK007021-ara1	[]	[]
0926ZakariyyaAnsari.GhayatWusul.Shamela0009112-ara1	[]	[]
0926ZakariyyaAnsari.GhayatWusul.JK009279-ara1	[]	[]
0926ZakariyyaAnsari.MaqsidLiTalkhis.JK009295-ara1	[]	[]
0926ZakariyyaAnsari.MaqsidLiTalkhis.Shamela0010917-ara1	[]	[]
0926ZakariyyaAnsari.AsnaMatalib.Shamela0011468-ara1	[]	[]
0926ZakariyyaAnsari.AsnaMatalib.JK007113-ara1	[]	[]
0926ZakariyyaAnsari.FathWahhab.Shamela0012036-ara1	[]	[]
0926ZakariyyaAnsari.FathWahhab.JK000204-ara1	[]	[]
0926ZakariyyaAnsari.FathWahhab.Shia000869Vols-ara1	[]	[]
0926ZakariyyaAnsari.FathWahhab.JK007101-ara1	[]	[]
0926ZakariyyaAnsari.Munfarijatan.Shamela0006167-ara1	[]	[]
0926ZakariyyaAnsari.Munfarijatan.JK006951-ara1	[]	[]
0926ZakariyyaAnsari.Munfarijatan.JK006952-ara1	[]	[]
0926ZakariyyaAnsari.FathRahman.Shamela0009086-ara1	[]	[]
0926ZakariyyaAnsari.ManhajTullab.JK000304-ara1	[]	[]
0926ZakariyyaAnsari.ManhajTullab.Shamela0012100-ara1	[]	[]
0926ZakariyyaAnsari.GhurarBahiyya.Shamela0021848-ara1	[]	[]
0926ZakariyyaAnsari.IcrabQuran.Shamela0012753-ara1	[]	[]
0926ZakariyyaAnsari.HududAniqa.Shamela0007036-ara1	[]	[]
0926ZakariyyaAnsari.HududAniqa.JK000245-ara1	[]	[]
0926ZakariyyaAnsari.FathBaqi.Shamela0035261-ara1	[]	[]
0927ShaykhCammiSacid.Jawabat.ShamIbadiyya0000511-ara1	[]	[]
0938IbnQasimSirajDinNashshar.Mukarrar.Shamela0038080-ara1	[]	[]
0928AbuCabbasShammakhi.Siyar.ShamIbadiyya0000115-ara1	[]	[]
0928AbuCabbasShammakhi.MukhtasarCadlWaInsaf.ShamIbadiyya0000103-ara1	[]	[]
0927Culaymi.UnsJalil.Shamela0006626-ara1	[]	[]
0927Culaymi.UnsJalil.JK003501-ara1	[]	[]
0927Nucaymi.DarisFiMadaris.Shamela0008880-ara1	[]	[]
0927Nucaymi.DarisFiMadaris.JK000417-ara1	['mARkdwon']	[]
0940IbnHusaynMuhaqqiqThaniKaraki.Rasail.Shia000147Vols-ara1	[]	[]
0940IbnHusaynMuhaqqiqThaniKaraki.JamicMaqasid.Shia000134Vols-ara1	[]	[]
0940IbnHusaynMuhaqqiqThaniKaraki.Kharajiyyat.Shia000133-ara1	[]	[]
0945ShamsDinDawudi.TabaqatMufassirin.Shamela0027084-ara1	[]	[]
0940IbnQasimMuhyiDinAmasi.RawdAkhyar.Shamela0010512-ara1	[]	[]
0944IbnCaliIbnDaybacShaybani.MukaffiratDhunub.JK010204-ara1	[]	[]
0944IbnCaliIbnDaybacShaybani.MukaffiratDhunub.Shamela0028114-ara1	[]	[]
0940IbnSulaymanIbnKamalBasha.RisalaFiTahqiqMacna.Shamela0009891-ara1	[]	[]
0940IbnSulaymanIbnKamalBasha.TalwinKhitab.Shamela0010096-ara1	[]	[]
0938IbnCaliBalawi.Thabat.Shamela0010736-ara1	[]	[]
0938IbnCaliBalawi.Thabat.JK001251-ara1	[]	[]
1333CaliHairiYazdi.IlzamNasib.Shia004053Vols-ara1	[]	[]
1345IbnMuhsinKashani.SahifaHadiya.Shia003759-ara1	[]	[]
1332HassunBuraqi.TarikhKufa.Shia003633-ara1	[]	[]
1328AbuHudaSayyadi.Diwan.JK007631-ara1	[]	[]
1330IbnMusaTabrizi.MiratKutub.Shia003359-ara1	[]	[]
1341SayfIbnNasirKharusi.JamicArkanIslam.ShamIbadiyya0000203-ara1	[]	[]
1349IbnSahmanKhathcami.TanbihDhawiAlbab.Shamela0011123-ara1	[]	[]
1349IbnSahmanKhathcami.KashfAwham.JK001025-ara1	[]	[]
1349IbnSahmanKhathcami.KashfAwham.Shamela0006504-ara1	[]	[]
1349IbnSahmanKhathcami.NazamIkhtiyarat.Shamela0003940-ara1	[]	[]
1349IbnSahmanKhathcami.BayanMubdi.Shamela0007568-ara1	[]	[]
1349IbnSahmanKhathcami.IqamatHujja.Shamela0007516-ara1	[]	[]
1349IbnSahmanKhathcami.DiyaShariq.Shamela0007664-ara1	[]	[]
1349IbnSahmanKhathcami.TamayyuzSidq.Shamela0006488-ara1	[]	[]
1349IbnSahmanKhathcami.TamayyuzSidq.JK006834-ara1	[]	[]
1349IbnSahmanKhathcami.Futyayan.JK009136-ara1	[]	[]
1349IbnSahmanKhathcami.Futyayan.Shamela0006515-ara1	[]	[]
1349IbnSahmanKhathcami.KashfShubhatayn.Shamela0011352-ara1	[]	[]
1349IbnSahmanKhathcami.MinhajAhlHaqq.Shamela0012091-ara1	[]	[]
1349IbnSahmanKhathcami.SawaciqMursala.Shamela0007663-ara1	[]	[]
1349IbnSahmanKhathcami.NazamMaInfaradaBihi.Shamela0003727-ara1	[]	[]
1349IbnSahmanKhathcami.KashfGhayahib.Shamela0011353-ara1	[]	[]
1337MuhammadKazimTabatabaiYazdi.MunjazatMarid.Shia000413-ara1	[]	[]
1337MuhammadKazimTabatabaiYazdi.HashiyatMakasib.Shia000411Vols-ara1	[]	[]
1337MuhammadKazimTabatabaiYazdi.CurwaWuthqa.Shia000405Vols-ara1	[]	[]
1337MuhammadKazimTabatabaiYazdi.ZannFiSalat.Shia000404-ara1	[]	[]
1336CabdHamidThani.MudhakkaratiSiyasiya.JK000391-ara1	[]	[]
1336CabdHamidThani.MudhakkaratiSiyasiya.Shamela0009118-ara1	[]	[]
1339ShaykhSharicaIsbahani.QawlSurah.Shia001561-ara1	[]	[]
1338MuhammadFaridBey.Tarikh.Shamela0006638-ara1	[]	[]
1338MuhammadFaridBey.Tarikh.JK000411-ara1	[]	[]
1338MuhammadFaridBey.Bahja.JK009384-ara1	[]	[]
1327AhmadIbrahimCisa.TawdihMaqasid.JK000098-ara1	[]	[]
1327AhmadIbrahimCisa.TawdihMaqasid.Shamela0006362-ara1	[]	[]
1327AhmadIbrahimCisa.RaddCalaShubuhat.Shamela0007625-ara1	[]	[]
1332IbnMuhammadJamalDinQasimi.IslahMasajid.JK010190-ara1	[]	[]
1332IbnMuhammadJamalDinQasimi.IslahMasajid.Shamela0010541-ara1	[]	[]
1332IbnMuhammadJamalDinQasimi.RisalaFiShay.Shamela0037486-ara1	[]	[]
1332IbnMuhammadJamalDinQasimi.QawacidTahdith.Shamela0009993-ara1	[]	[]
1332IbnMuhammadJamalDinQasimi.QawacidTahdith.JK006677-ara1	[]	[]
1332IbnMuhammadJamalDinQasimi.JarhWaTacdil.Shamela0036616-ara1	[]	[]
1332IbnMuhammadJamalDinQasimi.Mash.Shamela0000343-ara1	[]	[]
1332IbnMuhammadJamalDinQasimi.Mash.JK010343-ara1	[]	[]
1332IbnMuhammadJamalDinQasimi.MahasinTawil.Shamela0023631-ara1	[]	[]
1332IbnMuhammadJamalDinQasimi.MawcizatMuminin.JK001197-ara1	[]	[]
1332IbnMuhammadJamalDinQasimi.MawcizatMuminin.Shamela0022842-ara1	[]	[]
1346CbdQadirBadran.Munadama.Shamela0006710-ara1	[]	[]
1346CbdQadirBadran.Munadama.JK000964-ara1	[]	[]
1346CbdQadirBadran.MadkhalIlaMadhhabAhmad.Shamela0006309-ara1	[]	[]
1346CbdQadirBadran.MadkhalIlaMadhhabAhmad.JK000268-ara1	[]	[]
1346HakimMicrajDin.UsulArbaca.Shia004526-ara1	[]	[]
1340CaliBahrani.ManarHuda.Shia004525-ara1	[]	[]
1340CaliBahrani.AnwarBadrayn.Shia004524-ara1	[]	[]
1326HartwigDerenbourg.MukhtarMinDiwanCumara.Shamela0009248BK2-ara1	['mARkdwon']	[]
1332QutbAtfayyish.KashfKurab.ShamIbadiyya0000728-ara1	[]	[]
1332QutbAtfayyish.SharhNilWaShifaCalil.ShamIbadiyya0000109-ara1	[]	[]
1332QutbAtfayyish.SharhNilWaShifaCalil.ShamIbadiyya0000926-ara1	[]	[]
1332QutbAtfayyish.JawabLiAhlZawara.ShamIbadiyya0000727-ara1	[]	[]
1332QutbAtfayyish.JamicSaghir1.ShamIbadiyya0000276-ara1	[]	[]
1332QutbAtfayyish.Tafsir.ShamIbadiyya0000193-ara1	[]	[]
1332QutbAtfayyish.HamayanZad.ShamIbadiyya0000050-ara1	[]	[]
1332QutbAtfayyish.SharhLamiyatAfcal.ShamIbadiyya0000887-ara1	[]	[]
1332QutbAtfayyish.TakhlisCani.ShamIbadiyya0000888-ara1	[]	[]
1332QutbAtfayyish.JamicSaghir3.ShamIbadiyya0000277-ara1	[]	[]
1332QutbAtfayyish.LamTacrifIbadiyyaYaCuqbaYaJazairi.ShamIbadiyya0000066-ara1	[]	[]
1332QutbAtfayyish.HujjaFiBayanMahajja.ShamIbadiyya0000057-ara1	[]	[]
1340HabibAllahSharifKashani.DurraFakhira.Shia002977-ara1	[]	[]
1331IbnAminShinqiti.WasitFiTarajim.Shamela0095696-ara1	[]	[]
1332NurDinSalimi.RawdBayan.ShamIbadiyya0000024-ara1	[]	[]
1332NurDinSalimi.TuhfatAcyan.ShamIbadiyya0000281-ara1	[]	[]
1332NurDinSalimi.FatawaHawlBacdAyat.ShamIbadiyya0000514-ara1	[]	[]
1332NurDinSalimi.NajasatDamMasfuh.ShamIbadiyya0000501-ara1	[]	[]
1332NurDinSalimi.BahjatAnwar.ShamIbadiyya0000038-ara1	[]	[]
1332NurDinSalimi.BahjatAnwar.ShamIbadiyya0000146-ara1	[]	[]
1332NurDinSalimi.SharhJamicSahih.ShamIbadiyya0000433-ara1	[]	[]
1332NurDinSalimi.LamcaMurdiyya.ShamIbadiyya0000233-ara1	[]	[]
1332NurDinSalimi.Mashariq.ShamIbadiyya0000135-ara1	[]	[]
1332NurDinSalimi.TalqinSubyan.ShamIbadiyya0000200-ara1	[]	[]
1332NurDinSalimi.GhayatMuradFiIctiqad.ShamIbadiyya0000055-ara1	[]	[]
1332NurDinSalimi.SharhTalcatShams.ShamIbadiyya0000150-ara1	[]	[]
1332NurDinSalimi.MacarijAmal.ShamIbadiyya0000229-ara1	[]	[]
1332NurDinSalimi.MacarijAmal.ShamIbadiyya0000975-ara1	[]	[]
1332NurDinSalimi.HujjajMuqannaca.ShamIbadiyya0000487-ara1	[]	[]
1332NurDinSalimi.HujjajMuqannaca.ShamIbadiyya0000486-ara1	[]	[]
1332NurDinSalimi.Jawabat.ShamIbadiyya0000095-ara1	[]	[]
1332NurDinSalimi.JawharNizam.ShamIbadiyya0000471-ara1	[]	[]
1332NurDinSalimi.SharhBulughAmal.ShamIbadiyya0000883-ara1	[]	[]
1332NurDinSalimi.BadhlMajhud.ShamIbadiyya0000391-ara1	[]	[]
1327FadlAllahNuri.QacidatDamanYad.Shia000398-ara1	[]	[]
1349RamadanHamud.BudhurHayat.ShamIbadiyya0000201-ara1	[]	[]
1330IbnMuhammadJazairiDimashqi.NadratBahar.Shamela0037633-ara1	[]	[]
1343HasanIbnYahyaQasimi.NurSatic.Zaydiyya0000031-ara1	[]	[]
1334NajmDinTabasi.DirasatFiqhiyya.Shia000403-ara1	[]	[]
1334NajmDinTabasi.Rajca.Shia004055-ara1	[]	[]
1334NajmDinTabasi.RijalKhaqani.Shia002976-ara1	[]	[]
1334NajmDinTabasi.IrsalTakfir.Shia000402-ara1	[]	[]
1334NajmDinTabasi.SalatTarawih.Shia004056-ara1	[]	[]
1345IbnJacfarKattani.RisalaMustatrafa.Shamela0007636-ara1	[]	[]
1345IbnJacfarKattani.RisalaMustatrafa.JK000224-ara1	[]	[]
1345IbnJacfarKattani.RisalatMusalsalat.Shamela0011781-ara1	[]	[]
1345IbnJacfarKattani.NazmMutanathir.JK000772-ara1	[]	[]
1345IbnJacfarKattani.NazmMutanathir.Shamela0007016-ara1	[]	[]
1345IbnJacfarKattani.NazmMutanathir.Shia002298-ara1	[]	[]
1341CabdHayyTalibi.IclamBiMan.Shamela0001584-ara1	[]	[]
1326IbnMuhammadHindiSahsayani.SiyanatInsan.Shamela0012027-ara1	[]	[]
1347BashirYamut.Shacirat.Shamela0021508-ara1	[]	[]
1337AhmadJindari.RawdFuad.Zaydiyya0000335-ara1	[]	[]
1337AhmadJindari.JamicWajiz.Zaydiyya0000276-ara1	[]	[]
1335IbnCabdSamicAbiAzhari.ThamrDani.Shia000922-ara1	[]	[]
1335IbnCabdSamicAbiAzhari.ThamrDani.Shamela0007441-ara1	[]	[]
1335IbnCabdSamicAbiAzhari.ThamrDani.JK000218-ara1	[]	[]
1350SalihLahidan.WujubCadl.Shamela0031475-ara1	[]	[]
1328MuhammadJawadBalaghi.RaddCalaWahhabiyya.Shia004523-ara1	[]	[]
1328MuhammadJawadBalaghi.RihlaMadrasiyya.Shia004549Vols-ara1	[]	[]
1328MuhammadJawadBalaghi.HudaIlaDinMustafa.Shia004552Vols-ara1	[]	[]
1328MuhammadJawadBalaghi.TawhidWaTathlith.Shia004548-ara1	[]	[]
1329AkhundMullaAbuTalibAraki.SharhNajatCibad.Shia000401Vols-ara1	[]	[]
1350IbnCaqilCalawi.CatbJamil.Zaydiyya0000141-ara1	[]	[]
1350IbnCaqilCalawi.NasaihKafiya.Zaydiyya0000017-ara1	[]	[]
1329MuhammadAshrafCazimabadi.CawmMacbud.Shamela0005760-ara1	[]	[]
1329MuhammadAshrafCazimabadi.CawmMacbud.Shia001863Vols-ara1	[]	[]
1329MuhammadAshrafCazimabadi.CawmMacbud.JK000264-ara1	[]	[]
1343MustafaManfaluti.Cibarat.Shamela0026382-ara1	[]	[]
1343MustafaManfaluti.Hijab.Shamela0022274-ara1	[]	[]
1343MustafaManfaluti.Nazarat.Shamela0011400-ara1	[]	[]
1338TahirJazairiDimashqi.TawjihNazar.Shamela0005981-ara1	[]	[]
1338TahirJazairiDimashqi.TawjihNazar.JK000990-ara1	[]	[]
1346CabbasIbnMuhammadMadani.MukhtasarFathRabbArbab.Shamela0031381-ara1	[]	[]
1331IbnAmirCabdQadirJazairi.NukhbatCiqd.Shamela0009752-ara1	[]	[]
1329MuhammadKazimAkhundKhurasani.LamacatNayyira.Shia000399-ara1	[]	[]
1329MuhammadKazimAkhundKhurasani.NihayatNihaya.Shia002774Vols-ara1	[]	[]
1329MuhammadKazimAkhundKhurasani.KifayatUsul.Shia002773-ara1	[]	[]
1329MuhammadKazimAkhundKhurasani.HashiyatMakasib.Shia000400-ara1	[]	[]
1326MuhammadAlBahrCulum.BulghatFaqih.Shia000394Vols-ara1	[]	[]
1335CabdRazzaqBaytar.HilyaBashar.JK010388-ara1	[]	[]
1335CabdRazzaqBaytar.HilyaBashar.Shamela0031371-ara1	[]	[]
1346LuisShikhuYasuci.ShucaraNasraniyya.Shamela0021525-ara1	[]	[]
1337MuhammadZahriGhamrawi.SirajWahhaj.Shamela0006123-ara1	[]	[]
1337MuhammadZahriGhamrawi.SirajWahhaj.JK001244-ara1	[]	[]
1338AbuMuslimBahlani.DarakMuna.ShamIbadiyya0000651-ara1	[]	[]
1338AbuMuslimBahlani.Diwan.ShamIbadiyya0000653-ara1	[]	[]
1338AbuMuslimBahlani.NitharJawhar.ShamIbadiyya0000446-ara1	[]	[]
1339IsmacilBashaBaghdadi.HadiyatCarifin.Zaydiyya0000247-ara1	[]	[]
1339IsmacilBashaBaghdadi.HadiyatCarifin.Shamela0003003-ara1	[]	[]
1339IsmacilBashaBaghdadi.HadiyatCarifin.Shia003362Vols-ara1	['mARkdwon']	[]
1339IsmacilBashaBaghdadi.HadiyatCarifin.JK001418-ara1	[]	[]
1339IsmacilBashaBaghdadi.IdahMaknun.Shamela0000851-ara1	[]	[]
1339IsmacilBashaBaghdadi.IdahMaknun.JK000845-ara1	[]	[]
1339IsmacilBashaBaghdadi.IdahMaknun.Shia003360Vols-ara1	[]	[]
1342MahmudShukriAlusi.MukhtasarTuhfaIthnaCashariyya.Shamela0036091-ara1	[]	[]
1342MahmudShukriAlusi.SabbCadhab.Shamela0009775-ara1	[]	[]
1342MahmudShukriAlusi.FaslKhitab.Shamela0009637-ara1	[]	[]
1342MahmudShukriAlusi.FaslKhitab.Shamela0008549-ara1	[]	[]
1342MahmudShukriAlusi.FaslKhitab.Shamela0030866-ara1	[]	[]
1342MahmudShukriAlusi.Suyuf.Shamela0096337-ara1	[]	[]
1342MahmudShukriAlusi.GhayatAmani.Shamela0012034-ara1	[]	[]
1342MahmudShukriAlusi.MaDallaCalayhiQuran.Shamela0005551-ara1	[]	[]
1342MahmudShukriAlusi.MaDallaCalayhiQuran.JK001137-ara1	[]	[]
1345IbnCafifiKhudari.NurYaqin.Shamela0023692-ara1	[]	[]
1345IbnCafifiKhudari.NurYaqin.JK009247-ara1	[]	[]
1332ZaynabFawwaz.DurrManthur.Shamela0009229-ara1	[]	[]
0684IbnHazimQartajanni.MinhajBulagha.Shamela0005388-ara1	[]	[]
0699IbnMaythamBahrani.QawacidMaram.Shia004010-ara1	[]	[]
0699IbnMaythamBahrani.SharhMiatKalima.Shia001379-ara1	[]	[]
0699IbnMaythamBahrani.NajatFiQiyama.Shia004009-ara1	[]	[]
0681IbnKhallikan.WafayatAcyan.JK001318-ara1	[]	[]
0681IbnKhallikan.WafayatAcyan.Shia003505Vols-ara1	[]	[]
0681IbnKhallikan.WafayatAcyan.Shamela0001000-ara1	['completed']	[]
0681IbnCabdWahidKamalDinSiwasi.SharhFathQadir.JK000299-ara1	[]	[]
0693IbnAbiFathIrbili.KashfGhumma.Shia003707Vols-ara1	['completed']	[]
0686IbnZakariyaManbiji.LubabFiJamc.Shamela0006226-ara1	[]	[]
0686IbnZakariyaManbiji.LubabFiJamc.JK007036-ara1	[]	[]
0685IbnSacidMaghribi.Muqtataf.Shamela0009100-ara1	[]	[]
0685IbnSacidMaghribi.MurqisatWaMutribat.Shamela0000665-ara1	[]	[]
0685IbnSacidMaghribi.MurqisatWaMutribat.JK010665-ara1	[]	[]
0685IbnSacidMaghribi.NashwatTarab.Shamela0028174-ara1	['completed']	[]
0685IbnSacidMaghribi.Jughrafiya.Shamela0000463-ara1	['completed']	[]
0685IbnSacidMaghribi.Jughrafiya.JK010463-ara1	[]	[]
0685IbnSacidMaghribi.GhusunYanica.Shamela0009235-ara1	['completed']	[]
0685IbnSacidMaghribi.Mughrib.JK000404-ara1	[]	[]
0685IbnSacidMaghribi.Mughrib.Shamela0006633-ara1	['completed']	[]
0682IbnYahyaGhassani.TakhrijAhadithDicaf.JK005008-ara1	[]	[]
0678IbnAbiMansurIbnSayrafiHarrani.CillatHadithMusalsal.Shamela0027102-ara1	[]	[]
0696IbnZahiri.Mashyakha.Shamela0005740-ara1	[]	[]
0696IbnZahiri.Mashyakha.JK009154-ara1	['completed']	[]
0682CabdRahmanIbnQudama.SharhKabir.JK011153-ara1	[]	[]
0682CabdRahmanIbnQudama.SharhKabir.Shamela0001153-ara1	[]	[]
0682CabdRahmanIbnQudama.SharhKabir.Shia001010Vols-ara1	[]	[]
0696CumarSunami.NisabIhtisab.Shamela0009679-ara1	[]	[]
0696CumarSunami.NisabIhtisab.JK001311-ara1	[]	[]
0687IbnNafis.ShamilFiSinacaTibbiyya.Shamela0000240-ara1	['completed']	[]
0687IbnNafis.SharhTashrihQanun.JK009287-ara1	[]	[]
0687IbnNafis.SharhTashrihQanun.Shamela0000802-ara1	[]	[]
0695IbnHamdanHarraniNumayri.SifatFatwa.JK000236-ara1	[]	[]
0695IbnHamdanHarraniNumayri.SifatFatwa.Shamela0000679-ara1	[]	[]
0695IbnHamdanHarraniNumayri.SifatFatwa.Shamela0006356-ara1	[]	[]
0693CabdKarimIbnTawus.FarhatGhari.Shia001380-ara1	[]	[]
0692TaqiDinIscirdi.FadailKitabJamic.Shamela0006028-ara1	[]	[]
0692TaqiDinIscirdi.FadailKitabJamic.Shia002209-ara1	[]	[]
0692TaqiDinIscirdi.FadailKitabJamic.JK000648-ara1	[]	[]
0676IbnIbrahimShamsDinMuqaddasi.KalamCalaWusul.Shamela0026924-ara1	[]	[]
0688ShabZarif.Diwan.JK007607-ara1	[]	[]
0700AbuFadlCaliTabarsi.MishkatAnwar.Shia001383-ara1	[]	[]
0683IbnMansurIbnKammuna.JadidFiHikma.JK007008-ara1	[]	[]
0684ShihabDinQarafi.Furuq.Shamela0002215-ara1	[]	[]
0684ShihabDinQarafi.Furuq.JK007075-ara1	[]	[]
0684ShihabDinQarafi.Dhakhira.Shamela0001717-ara1	['completed']	[]
0684ShihabDinQarafi.Dhakhira.JK003500-ara1	[]	[]
0684ShihabDinQarafi.SharhTanqih.Shamela0021813-ara1	[]	[]
0684ShihabDinQarafi.SharhTanqih.Shamela0009879-ara1	[]	[]
0684ShihabDinQarafi.Umniyya.Shamela0006245-ara1	[]	[]
0684ShihabDinQarafi.Umniyya.JK001208-ara1	[]	[]
0699ShihabDinIshbiliLakhmi.MukhtasarKhilafiyyat.Shamela0006227-ara1	[]	[]
0699ShihabDinIshbiliLakhmi.MukhtasarKhilafiyyat.JK009138-ara1	[]	[]
0677JamalDinAhmadAlTawus.CaynCibra.Shia001378-ara1	[]	[]
0688IbnCabdRahimIbnKamalDinHanbali.MuntaqaMinSamacat.Shamela0030696-ara1	[]	[]
0690IbnMujawirDimashqi.TarikhMustabsir.JK010471-ara1	[]	[]
0690IbnMujawirDimashqi.TarikhMustabsir.Shamela0000471-ara1	['completed']	[]
0677IbnAhmadIbnZahirIrbili.Sabr.Shamela0029675-ara1	[]	[]
0689IbnSacidYahyaHilli.JamicLiSharaic.Shia000061-ara1	[]	[]
0689IbnSacidYahyaHilli.NuzhatNazir.Shia000062-ara1	[]	[]
0691IbnYusufLabli.Fihrist.Shamela0010731-ara1	[]	[]
0691IbnYusufLabli.Fihrist.JK001087-ara1	[]	[]
0700YahyaIbnQasimIbnYahya.SiratAbiTayr.Zaydiyya0000299-ara1	[]	[]
0700YahyaIbnQasimIbnYahya.SiratAbiTayr.Zaydiyya0000406-ara1	[]	[]
0686AbuYamanIbnCasakir.AhadithSafar.Shamela0026669-ara1	[]	[]
0686AbuYamanIbnCasakir.JuzFihiAhadithShahrRamadan.Shamela0026723-ara1	[]	[]
0686AbuYamanIbnCasakir.IthafZair.Shamela0026764-ara1	[]	[]
0694MuhibbDinTabari.Dhakhair.Shia001381-ara1	[]	[]
0694MuhibbDinTabari.Dhakhair.JK001015-ara1	[]	[]
0694MuhibbDinTabari.Dhakhair.Shamela0001001-ara1	['completed']	[]
0694MuhibbDinTabari.KhulasatSiyar.JK001117-ara1	[]	[]
0694MuhibbDinTabari.KhulasatSiyar.Shamela0006583-ara1	[]	[]
0694MuhibbDinTabari.RiyadNadira.Shamela0008657-ara1	['completed']	[]
0694MuhibbDinTabari.RiyadNadira.JK000701-ara1	[]	[]
0697AbuCabbasShihabDinNabulusi.QawacidTafsirAhlam.Shamela0010703-ara1	[]	[]
0697AbuCabbasShihabDinNabulusi.QawacidTafsirAhlam.JK006858-ara1	[]	[]
0700MuhammadIbnMuhammadSabzawari.MacarijYaqin.Shia004012-ara1	[]	[]
0683IbnMahmudMajdDinMawsili.IkhriyarLiTaclil.JK009404-ara1	[]	[]
0683IbnMahmudMajdDinMawsili.IkhriyarLiTaclil.Shamela0001066-ara1	[]	[]
0700IbnYusufIbnJabar.NahjIman.Shia003710-ara1	[]	[]
0685IbnYahyaSulami.CiqdDurar.Shamela0009799-ara1	[]	[]
0685IbnYahyaSulami.CiqdDurar.JK009214-ara1	[]	[]
0692IbnCabdZahir.RawdZahir.GVDB20200120-ara1	['completed']	[]
0692IbnCabdZahir.TashrifAyyam.GVDB20200720-ara1	[]	[]
0700CaliIbnMuhammadSabzawariQummi.JamicKhilaf.Shia000065-ara1	[]	[]
0690IbnAbiTalibFadilYusufi.KashfRumuz.Shia000063Vols-ara1	[]	[]
0680IbnSabuni.TakmilatIkmalIkmal.JK000884-ara1	[]	[]
0680IbnSabuni.TakmilatIkmalIkmal.Shamela0021107-ara1	['completed']	[]
0688IbnAhmadIshbiliUmawi.TafsirKitabCaziz.Shamela0010091-ara1	[]	[]
0685NasirDinBaydawi.AnwarTanzil.JK000128-ara1	[]	[]
0685NasirDinBaydawi.AnwarTanzil.Shamela0023588-ara1	[]	[]
0685NasirDinBaydawi.AnwarTanzil.Shia002637Vols-ara1	[]	[]
0676IbnHasanMuhaqqiqHilli.RasailTisac.Shia000053-ara1	[]	[]
0676IbnHasanMuhaqqiqHilli.MaslakFiUsuslDin.Shia004008-ara1	[]	[]
0676IbnHasanMuhaqqiqHilli.MacarijUsul.Shia002753-ara1	[]	[]
0676IbnHasanMuhaqqiqHilli.SharaicIslam.Shia000057Vols-ara1	[]	[]
0676IbnHasanMuhaqqiqHilli.SharaicIslam.Zaydiyya0000244-ara1	[]	[]
0676IbnHasanMuhaqqiqHilli.MuctabarFiSharhMukhtasar.Shia000055Vols-ara1	[]	[]
0676IbnHasanMuhaqqiqHilli.MukhtasarNafic.Shia000054-ara1	[]	[]
0699IbnCabdRahmanIbnMurahhal.MatnMuwattatFasih.Shamela0037482-ara1	[]	[]
0696DiyaDinTurkumani.Mashyakha.Shamela0021681-ara1	['completed']	[]
0689AhmadIbnCabdRahmanIbnQudama.MukhtasarMinhajQasidin.Shamela0098087-ara1	[]	[]
0700MuhammadIbnHasanQummi.CiqdNadid.Shia001382-ara1	[]	[]
0684IbnShaddad.AclaqKhatira.Shamela0000758-ara1	['completed']	[]
0684IbnShaddad.AclaqKhatira.JK010758-ara1	[]	[]
0700IbnAbiBakrAnsariBurri.JawharaFiNasab.Shia003444-ara1	[]	[]
0682ZakariyaQazwini.AtharBilad.JK010459-ara1	[]	[]
0682ZakariyaQazwini.AtharBilad.Shamela0009631-ara1	['completed']	[]
0699IbnCabdRahmanQazwiniShafici.MukhtasarShucabIman.Shamela0006850-ara1	[]	[]
0699IbnCabdRahmanQazwiniShafici.MukhtasarShucabIman.JK000027-ara1	[]	[]
0700MuhammadIbnSacidRawandi.CujalatMacrifa.Shia004011-ara1	[]	[]
0685IbnCibri.TarikhMukhtasarDuwal.Shamela0012348-ara1	['completed']	[]
0685IbnCibri.TarikhMukhtasarDuwal.JK010376-ara1	[]	[]
0677SahibiTaji.HalbaFiAsmaKhayl.JK006957-ara1	[]	[]
0677SahibiTaji.HalbaFiAsmaKhayl.Shamela0007050-ara1	[]	[]
0683IbnMuhammadIbnMunirIskandari.Mutawari.Shamela0005772-ara1	[]	[]
0683IbnMuhammadIbnMunirIskandari.Mutawari.JK007017-ara1	[]	[]
0683IbnMuhammadIbnMunirIskandari.Insaf.Shia002374Vols-ara1	[]	[]
0684IbnBalabanDimashqiMuqaddasi.Juz.Shamela0026641-ara1	[]	[]
0678IbnAhmadCizzDinMuqaddasi.KashfAsrar.Shamela0031379-ara1	[]	[]
0678IbnAhmadCizzDinMuqaddasi.KashfAsrar.JK010259-ara1	[]	[]
0678IbnAhmadCizzDinMuqaddasi.TalkhisCibara.Shamela0037484-ara1	[]	[]
0686RadiDinAstarabadhi.SharhRadiCalaKafiya.Shia003928Vols-ara1	[]	[]
0686RadiDinAstarabadhi.SharhShafiyaIbnHajib.Shia003932Vols-ara1	[]	[]
0686RadiDinAstarabadhi.SharhShafiyaIbnHajib.Shamela0021567-ara1	[]	[]
0697MutahharIbnYahyaHusayni.SilatIkhwan.Zaydiyya0000354-ara1	[]	[]
0697MutahharIbnYahyaHusayni.SilatIkhwan.Zaydiyya0000355-ara1	[]	[]
0676Nawawi.Taqrib.Shamela0005586-ara1	[]	[]
0676Nawawi.Taqrib.JK010178-ara1	[]	[]
0676Nawawi.MasailManthura.Shamela0000497-ara1	[]	[]
0676Nawawi.IctiqadSalafFiHuruf.Shamela0011137-ara1	[]	[]
0676Nawawi.ArbacunaNawawiyya.Shamela0012836-ara1	['completed']	[]
0676Nawawi.IdahFiManasikHajj.Shamela0096232-ara1	[]	[]
0676Nawawi.MinhajFiSharhMuslim.Shia001764Vols-ara1	[]	[]
0676Nawawi.MinhajFiSharhMuslim.Shamela0001711-ara1	[]	[]
0676Nawawi.MinhajFiSharhMuslim.JK000137-ara1	[]	[]
0676Nawawi.Tibyan.JK000125-ara1	[]	[]
0676Nawawi.Tibyan.Shamela0001969-ara1	[]	[]
0676Nawawi.Tibyan.Shia002636-ara1	[]	[]
0676Nawawi.AdabFatwa.JK000237-ara1	[]	[]
0676Nawawi.AdabFatwa.Shamela0006345-ara1	[]	[]
0676Nawawi.Majmuc.Shamela0002186-ara1	[]	[]
0676Nawawi.Majmuc.Shia000841Vols-ara1	[]	[]
0676Nawawi.Majmuc.JK000913-ara1	[]	[]
0676Nawawi.DaqaiqMinhaj.JK001014-ara1	[]	[]
0676Nawawi.DaqaiqMinhaj.Shamela0006134-ara1	[]	[]
0676Nawawi.RawdatTalibin.JK000192-ara1	[]	[]
0676Nawawi.RawdatTalibin.Shamela0000499-ara1	[]	[]
0676Nawawi.RawdatTalibin.Shia000861Vols-ara1	[]	[]
0676Nawawi.MinhajTalibin.Shamela0012096-ara1	[]	[]
0676Nawawi.MinhajTalibin.JK001168-ara1	[]	[]
0676Nawawi.Adhkar.JK001249-ara1	[]	[]
0676Nawawi.Adhkar.Shamela0010639-ara1	[]	[]
0676Nawawi.Adhkar.Shamela0001956-ara1	[]	[]
0676Nawawi.Adhkar.Shia002207-ara1	[]	[]
0676Nawawi.KhulasatAhkam.Shamela0005920-ara1	[]	[]
0676Nawawi.KhulasatAhkam.JK007107-ara1	[]	[]
0676Nawawi.BustanCarifin.Shamela0012719-ara1	[]	[]
0676Nawawi.BustanCarifin.JK009329-ara1	[]	[]
0676Nawawi.RiyadSalihin.Shamela0012014-ara1	['completed']	[]
0676Nawawi.RiyadSalihin.Shia002208-ara1	[]	[]
0676Nawawi.RiyadSalihin.Shamela0002348-ara1	[]	[]
0676Nawawi.RiyadSalihin.Shamela0000512-ara1	[]	[]
0676Nawawi.RiyadSalihin.JK000073-ara1	[]	[]
0676Nawawi.TahrirAlfaz.Shamela0007043-ara1	[]	[]
0676Nawawi.TahrirAlfaz.JK000168-ara1	[]	[]
0676Nawawi.UsulWaDawabit.JK000177-ara1	[]	[]
0676Nawawi.UsulWaDawabit.Shamela0006285-ara1	[]	[]
0676Nawawi.IjazFiSharhSunanAbiDawud.Shamela0005064-ara1	[]	[]
0676Nawawi.TahdhibAsma.Shamela0009702-ara1	['completed']	[]
0676Nawawi.TahdhibAsma.JK001320-ara1	[]	[]
0695IbnCidhariMarrakushi.BayanMaghrib.Shamela0011782-ara1	['completed']	[]
0695IbnCidhariMarrakushi.BayanMaghrib.JK010773-ara1	[]	[]
0696SharafDinBusiri.Diwan.JK007603-ara1	[]	[]
0692IbnCisaBahaDinIrbili.RisalatTayf.Shamela0000764-ara1	[]	[]
0692IbnCisaBahaDinIrbili.RisalatTayf.JK010764-ara1	[]	[]
0692IbnCisaBahaDinIrbili.TadhkiraFakhriyya.JK010724-ara1	[]	[]
0692IbnCisaBahaDinIrbili.TadhkiraFakhriyya.Shamela0000724-ara1	[]	[]
1293MahdiKujuriShirazi.FawaidRijaliyya.Shia002968-ara1	[]	[]
1287NasifNasraniYaziji.MajmacBahrayn.Shamela0000189-ara1	[]	[]
1281IbnShawkaniKabir.FiSulukIslami.Shamela0031375-ara1	[]	[]
1281IbnShawkaniKabir.FiSulukIslami.JK010250-ara1	[]	[]
1281MurtadaAnsari.Khums.Shia000366-ara1	[]	[]
1281MurtadaAnsari.QadaWaShahadat.Shia000363-ara1	[]	[]
1281MurtadaAnsari.Zakat.Shia000367-ara1	[]	[]
1281MurtadaAnsari.Sawm.Shia000371-ara1	[]	[]
1281MurtadaAnsari.FaraidUsul.Shia002766Vols-ara1	[]	[]
1281MurtadaAnsari.Makasib.Shia000376Vols-ara1	[]	[]
1281MurtadaAnsari.AhkamKhalaFiSalat.Shia000361-ara1	[]	[]
1281MurtadaAnsari.Taqiyya.Shia000362-ara1	[]	[]
1281MurtadaAnsari.RasailFiqhiyya.Shia000365-ara1	[]	[]
1281MurtadaAnsari.Tahara.Shia000372Vols-ara1	[]	[]
1281MurtadaAnsari.Tahara.Shia000374Vols-ara1	[]	[]
1281MurtadaAnsari.Nikah.Shia000382-ara1	[]	[]
1281MurtadaAnsari.HashiyaCalaQawanin.Shia002765-ara1	[]	[]
1281MurtadaAnsari.Salat.Shia000368Vols-ara1	[]	[]
1281MurtadaAnsari.Salat.Shia000370-ara1	[]	[]
1281MurtadaAnsari.Wasaya.Shia000364-ara1	[]	[]
1300MullaHadiSabzawari.SharhAsmaHusna.Shia002397Vols-ara1	[]	[]
1293CabdLatifAlShaykh.CuyunRasailwaAjwiba.Shamela0011379-ara1	[]	[]
1293CabdLatifAlShaykh.CuyunRasailwaAjwiba.Shamela0012033-ara1	[]	[]
1293CabdLatifAlShaykh.TuhfatTalib.Shamela0011082-ara1	[]	[]
1293CabdLatifAlShaykh.BarahinIslamiyya.Shamela0007567-ara1	[]	[]
1293CabdLatifAlShaykh.MisbahZalam.Shamela0030868-ara1	[]	[]
1293CabdLatifAlShaykh.Ithaf.Shamela0007520-ara1	[]	[]
1293CabdLatifAlShaykh.MinhajTasisWaTaqdis.Shamela0012094-ara1	[]	[]
1290CabdGhaffarAkhras.Diwan.JK007640-ara1	[]	[]
1298IbnTalibDimashqiMaydani.LubabFiSharhKitab.Shamela0021496-ara1	[]	[]
1277MuhammadTantawi.NashaNahw.Shamela0007328-ara1	[]	[]
1300IbnMuhyiDinJazairi.DhikraCaqil.JK010639-ara1	[]	[]
1291IbnShaykhNasrAzhariHurini.MatalicNasriyya.Shamela0097799-ara1	[]	[]
1286IcjazKanturi.KashfHujubWaAstar.Zaydiyya0000200-ara1	[]	[]
1299MuhammadCulayshMaliki.MinahJalil.JK007132-ara1	[]	[]
1299MuhammadCulayshMaliki.MinahJalil.Shamela0021614-ara1	[]	[]
1299MuhammadCulayshMaliki.FathCali.Shamela0021688-ara1	[]	[]
1286IcjazHusaynKunturi.KashfHajb.Shia003358-ara1	[]	[]
1298CaliMusawiQazwini.TacliqaCalaMacalimUsul.Shia002770Vols-ara1	[]	[]
1298CaliMusawiQazwini.YanabicAhkam.Shia000383Vols-ara1	[]	[]
1280QadiMulkHindi.DhaylQawlMusaddad.JK006923-ara1	[]	[]
1280QadiMulkHindi.DhaylQawlMusaddad.Shamela0008637-ara1	[]	[]
1287SacidIbnKhalfanKhalili.IghathatMalhuf.ShamIbadiyya0000220-ara1	[]	[]
1294IbnIbrahimQunduzi.YanabicMuwadda.Shia003754Vols-ara1	[]	[]
1285IbnHasanAlShaykh.FathMajid.Shamela0002386-ara1	[]	[]
1285IbnHasanAlShaykh.Maqamat.Shamela0008561-ara1	[]	[]
1285IbnHasanAlShaykh.BayanMahabba.Shamela0011073-ara1	[]	[]
1285IbnHasanAlShaykh.MasailWaFatawaNajdiyya.Shamela0011573-ara1	[]	[]
1285IbnHasanAlShaykh.MawridCadhbZulal.Shamela0008571-ara1	[]	[]
1285IbnHasanAlShaykh.RasailWaFatawa.Shamela0011211-ara1	[]	[]
1285IbnHasanAlShaykh.MatlabHamid.Shamela0008555-ara1	[]	[]
1285IbnHasanAlShaykh.KashfMaAlqahuIblis.Shamela0011354-ara1	[]	[]
1285IbnHasanAlShaykh.BayanKalimatTawhid.Shamela0011074-ara1	[]	[]
1285IbnHasanAlShaykh.Iman.Shamela0009841-ara1	[]	[]
1285IbnHasanAlShaykh.Iman.JK012057-ara1	[]	[]
1285IbnHasanAlShaykh.TawhidWaQurratCuyunMuwahhidin.Shamela0011334-ara1	[]	[]
1282Ababutayn.IntisarLiHizbAllah.Shamela0007554-ara1	[]	[]
1282Ababutayn.RaddCalaBurda.Shamela0007620-ara1	[]	[]
1282Ababutayn.DahdShubuhat.Shamela0011181-ara1	[]	[]
1282Ababutayn.TasisTaqdis.Shamela0011079-ara1	[]	[]
1282Ababutayn.RasailWaFatawa.Shamela0011212-ara1	[]	[]
1300CabdHadiIbnMuhammadCujayli.TahqiqTajrid.Shamela0012001-ara1	[]	[]
1280MullaCimranFarisi.Qasida.JK009380-ara1	[]	[]
1299IbnMuhammadNajafiQurashi.Hamasa.Shamela0002512-ara1	[]	[]
1299IbnMuhammadNajafiQurashi.Hamasa.JK010727-ara1	[]	[]
1290RifacaTahtawi.NihayatIjaz.Shamela0001515-ara1	[]	[]
1285IbnMushrifShacir.Diwan.JK007633-ara1	[]	[]
1282AhmadQurashi.MukhtasarMufid.Zaydiyya0000135-ara1	[]	[]
1292IbnIbrahimMaghribi.QurratCaynBiFatawa.Shamela0036569-ara1	[]	[]
1292MuhammadNassarCiraqi.DiwanNassariyyat.Shia004661-ara1	[]	[]
1276IbnAhmadRibaciSancani.FathGhaffar.Shamela0006610-ara1	[]	[]
1277IbnDarwishHut.AsnaMatalib.JK005014-ara1	[]	[]
1277IbnDarwishHut.AsnaMatalib.Shamela0006076-ara1	[]	[]
1299IbnSibghatAllahFasihDinHaydari.NukatShanica.Shamela0036081-ara1	[]	[]
1300MansurKharusi.SharhLamiyaIbnNadrKitabHajj.ShamIbadiyya0000771-ara1	[]	[]
0231AbuTamam.Diwan.JK007583-ara1	[]	[]
0242IbnAslamTusi.Arbacun.Shamela0010620-ara1	[]	[]
0245DhuNunMisri.Hadith.Shamela0030738-ara1	[]	[]
0235DikJinn.Diwan.JK007616-ara1	[]	[]
0233YahyaIbnMacin.TarikhIbnMacin.JK000855-ara1	[]	[]
0233YahyaIbnMacin.TarikhIbnMacin.Shia003052-ara1	[]	[]
0233YahyaIbnMacin.TarikhIbnMacin.Shamela0003508-ara1	[]	[]
0233YahyaIbnMacin.TarikhIbnMacin.JK000856-ara1	[]	[]
0233YahyaIbnMacin.TarikhIbnMacin.Shia003053Vols-ara1	[]	[]
0233YahyaIbnMacin.TarikhIbnMacin.Shamela0000148-ara1	['completed']	[]
0233YahyaIbnMacin.SualatIbnJunayd.Shamela0012698-ara1	[]	[]
0233YahyaIbnMacin.MacrifatRijal.Shamela0000101-ara1	[]	[]
0233YahyaIbnMacin.MinKalamFiRijal.Shamela0005954-ara1	['completed']	[]
0233YahyaIbnMacin.MinKalamFiRijal.JK000716-ara1	[]	[]
0233YahyaIbnMacin.HadithYahya.Shamela0011037-ara1	[]	[]
0233YahyaIbnMacin.HadithYahya.JK001484-ara1	[]	[]
0233YahyaIbnMacin.HadithYahya.Shamela0009294-ara1	[]	[]
0240IbnYahyaKinani.Hida.JK012049-ara1	[]	[]
0240IbnYahyaKinani.Hida.Shamela0007610-ara1	[]	[]
0231IbnCawsTai.Wahshiyat.Shamela0036082-ara1	[]	[]
0238IbnRahawayh.Musnad.Shamela0001423-ara1	[]	[]
0238IbnRahawayh.Musnad.Shia001913Vols-ara1	[]	[]
0238IbnRahawayh.Musnad.Shamela0013159-ara1	[]	[]
0238IbnRahawayh.Musnad.JK000479-ara1	[]	[]
0246DicbilKhuzaci.Diwan.JK007615-ara1	[]	[]
0246DicbilKhuzaci.WasayatMuluk.Shamela0000741-ara1	[]	[]
0246DicbilKhuzaci.WasayatMuluk.JK010741-ara1	[]	[]
0243HarithMuhasibi.Makasib.Shamela0006230-ara1	[]	[]
0243HarithMuhasibi.Makasib.JK001158-ara1	[]	[]
0243HarithMuhasibi.RisalatMustarshidin.JK001219-ara1	[]	[]
0243HarithMuhasibi.RisalatMustarshidin.Shamela0006871-ara1	[]	[]
0243HarithMuhasibi.FahmQuran.JK000446-ara1	[]	[]
0243HarithMuhasibi.FahmQuran.Shamela0005550-ara1	[]	[]
0243HarithMuhasibi.Tawahhum.Shamela0021799-ara1	[]	[]
0243HarithMuhasibi.MaiyatCaql.Shamela0006492-ara1	[]	[]
0243HarithMuhasibi.MaiyatCaql.JK000802-ara1	[]	[]
0243HarithMuhasibi.AdabNufus.JK000850-ara1	[]	[]
0243HarithMuhasibi.AdabNufus.Shamela0006853-ara1	[]	[]
0230YaclaIbnCibad.Juz.Shamela0009413-ara1	[]	[]
0245LuwaynMissisi.JuzHadithMissisi.Shamela0029848-ara1	[]	[]
0245LuwaynMissisi.JuzHadith.JK001186-ara1	[]	[]
0245LuwaynMissisi.JuzHadith.Shamela0001459-ara1	[]	[]
0231IbnMirdasSarraj.Hadith.Shamela0029705-ara1	[]	[]
0246IbnCumarDuri.JuzFihiQiraat.Shamela0013106-ara1	[]	[]
0246IbnCumarDuri.JuzFihiQiraat.JK001122-ara1	[]	[]
0246IbnIbrahimBursi.TathbitImama.Shia004484-ara1	[]	[]
0235IbnYunusBaghdadi.Qada.Shamela0008219-ara1	[]	[]
0235IbnYunusBaghdadi.Qada.JK011413-ara1	[]	[]
0230CaliIbnJacd.Musnad.Shia001901-ara1	[]	[]
0230CaliIbnJacd.Musnad.Shamela0004407-ara1	[]	[]
0230CaliIbnJacd.Musnad.JK000487-ara1	[]	[]
0248AbuHatimSijistani.Farq.JK006964-ara1	[]	[]
0248AbuHatimSijistani.Farq.Shamela0007056-ara1	[]	[]
0248AbuHatimSijistani.FuhulatShucara.JK010787-ara1	[]	[]
0248AbuHatimSijistani.Mucammarun.JK010671-ara1	[]	[]
0248AbuHatimSijistani.Mucammarun.Shamela0000671-ara1	[]	[]
0234CaliIbnMadini.SualatIbnAbiShayba.Shia001902-ara1	[]	[]
0234CaliIbnMadini.SualatIbnAbiShayba.Shamela0005947-ara1	[]	[]
0234CaliIbnMadini.SualatIbnAbiShayba.JK000655-ara1	[]	[]
0234CaliIbnMadini.Cilal.JK000708-ara1	[]	[]
0234CaliIbnMadini.Cilal.Shamela0006038-ara1	[]	[]
0238IbnHabibQurtubi.AshratSaca.Shamela0026569-ara1	[]	[]
0238IbnHabibQurtubi.AdabNisa.Shamela0026808-ara1	['no-ext', 'completed']	['no-ext']
0238IbnHabibQurtubi.MukhtasarFiTibb.Shamela0010705-ara1	[]	[]
0238IbnHabibQurtubi.MukhtasarFiTibb.JK007013-ara1	[]	[]
0227IbnMansurKhurasani.TafsirMinSunanSacid.Shamela0001254-ara1	[]	[]
0227IbnMansurKhurasani.TafsirMinSunanSacid.JK000784-ara1	[]	[]
0227IbnMansurKhurasani.TafsirMinSunanSacid.Shamela0013008-ara1	[]	[]
0227IbnMansurKhurasani.Sunan.JK001473-ara1	[]	[]
0227IbnMansurKhurasani.Sunan.Shamela0013122-ara1	[]	[]
0249CabdIbnHamid.MuntakhabMinMusnad.Shia001920-ara1	[]	[]
0249CabdIbnHamid.MuntakhabMinMusnad.JK000486-ara1	[]	[]
0249CabdIbnHamid.MuntakhabMinMusnad.Shamela0013170-ara1	[]	[]
0249CabdIbnHamid.MuntakhabMinMusnad.Shamela0010631-ara2	[]	[]
0249CabdIbnHamid.MinCawaliMusnad.Shamela0021676-ara1	[]	[]
0243HannadIbnSari.Zuhd.JK000085-ara1	[]	[]
0243HannadIbnSari.Zuhd.Shamela0013027-ara1	[]	[]
0238MuhammadBarjlani.KaramWaJawd.JK000047-ara1	[]	[]
0238MuhammadBarjlani.KaramWaJawd.Shamela0007819-ara1	[]	[]
0238MuhammadBarjlani.KaramWaJawd.Shamela0007755-ara1	[]	[]
0238MuhammadBarjlani.KaramWaJawd.Shia001912-ara1	[]	[]
0230IbnSacd.TarjamatHusayn.Shia003989-ara1	[]	[]
0230IbnSacd.TabaqatKubra.Shamela0012416-ara3	[]	[]
0230IbnSacd.TabaqatKubra.Shamela0007666-ara5	[]	[]
0230IbnSacd.TabaqatKubra.Shamela0009352-ara5	[]	[]
0230IbnSacd.TabaqatKubra.JK000530-ara2	[]	[]
0230IbnSacd.TabaqatKubra.JK000744-ara5	[]	[]
0230IbnSacd.TabaqatKubra.Shamela0001686-ara1	['no-ext', 'completed']	['no-ext']
0230IbnSacd.TabaqatKubra.Shia003044Vols-ara2	[]	[]
0230IbnSacd.TabaqatKubra.Shamela0009351-ara2	[]	[]
0230IbnSacd.TabaqatKubra.Shamela0001689-ara4	[]	[]
0230IbnSacd.TarjamatHasan.Shia003988-ara1	[]	[]
0250ThabitIbnAbiThabit.Farq.JK006963-ara1	[]	[]
0250ThabitIbnAbiThabit.Farq.Shamela0007055-ara1	[]	[]
0246AhmadDawraqi.MusnadSacdIbnAbiWaqqas.Shia001919-ara1	[]	[]
0246AhmadDawraqi.MusnadSacdIbnAbiWaqqas.JK000642-ara1	[]	[]
0246AhmadDawraqi.MusnadSacdIbnAbiWaqqas.Shamela0013166-ara1	[]	[]
0234AbuKhaythamaNisai.Cilm.JK000493-ara1	[]	[]
0234AbuKhaythamaNisai.Cilm.Shia001903-ara1	[]	[]
0234AbuKhaythamaNisai.Cilm.Shamela0007777-ara1	[]	[]
0228AbuJahmBahili.Juz.Shamela0009088-ara1	[]	[]
0243IbnYahyaCadani.Iman.Shamela0013006-ara1	[]	[]
0243IbnYahyaCadani.Iman.Shia001918-ara1	[]	[]
0243IbnYahyaCadani.Iman.JK000321-ara1	[]	[]
0249Azraqi.AkhbarMakka.JK003504-ara1	['completed']	[]
0249Azraqi.AkhbarMakka.Shamela0009621-ara1	[]	[]
0246QasimRassi.KamilMunir.Zaydiyya0000222-ara1	[]	[]
0246QasimRassi.KamilMunir.Zaydiyya0000003-ara1	[]	[]
0246QasimRassi.KitabFihiMasail.Zaydiyya0000408-ara1	[]	[]
0246QasimRassi.Majmuc.Zaydiyya0000075-ara1	[]	[]
0240KhalifaIbnKhayyat.Tarikh.JK000412-ara1	['completed']	[]
0240KhalifaIbnKhayyat.Tarikh.Shamela0006615-ara1	[]	[]
0240KhalifaIbnKhayyat.Tarikh.Shia003055-ara2	[]	[]
0240KhalifaIbnKhayyat.Tabaqat.Shia003056-ara1	['completed']	[]
0240KhalifaIbnKhayyat.Tabaqat.JK000516-ara2	[]	[]
0240KhalifaIbnKhayyat.Tabaqat.Shamela0008682-ara1	[]	[]
0240KhalifaIbnKhayyat.Musnad.Shamela0012863-ara1	[]	[]
0231IbnZiyadAcrabi.AsmaKhayl.JK010643-ara1	[]	[]
0231IbnZiyadAcrabi.AsmaKhayl.Shamela0000770-ara1	[]	[]
0240SahnunIbnSacid.MudawwanaKubra.Shamela0000587-ara1	[]	[]
0240SahnunIbnSacid.MudawwanaKubra.Shia000895Vols-ara1	[]	[]
0240SahnunIbnSacid.MudawwanaKubra.JK000227-ara1	[]	[]
0234IbnAbiShayba.Adab.Shamela0000638-ara1	[]	[]
0234IbnAbiShayba.Adab.JK009175-ara1	[]	[]
0234IbnAbiShayba.Iman.Shamela0007767-ara1	[]	[]
0234IbnAbiShayba.Musannaf.Shamela0009944-ara1	[]	[]
0234IbnAbiShayba.Musannaf.JK000786-ara1	['completed']	[]
0234IbnAbiShayba.Musannaf.Shia001904Vols-ara1	[]	[]
0234IbnAbiShayba.Musnad.JK007049-ara1	[]	[]
0234IbnAbiShayba.Musnad.Shamela0013155-ara1	[]	[]
0230AbuMushal.Nawadir.Shamela0005376-ara1	[]	[]
0250CabdMasihNacimi.SufistiqaLiAristutalis.GRAR000028-ara1	[]	[]
0228IbnHammadKhuzaci.Fitan.Shia003470-ara1	[]	[]
0228IbnHammadKhuzaci.Fitan.JK000025-ara1	[]	[]
0228IbnHammadKhuzaci.Fitan.Shamela0013047-ara1	[]	[]
0240CabdSamadIbnMucadhdhal.Diwan.JK007619-ara1	[]	[]
0247AhmadIbnCisa.Amali.Zaydiyya0000049-ara1	[]	[]
0246HishamSulami.HadithHisham.JK007106-ara1	[]	[]
0246HishamSulami.HadithHisham.Shamela0013112-ara1	[]	[]
0246HishamSulami.CawaliMalik.Shamela0026754-ara1	[]	[]
0236AbuCabdAllahZubayri.NasabQuraysh.Shamela0002922-ara1	[]	[]
0236AbuCabdAllahZubayri.NasabQuraysh.JK009223-ara1	[]	[]
0247FathIbnKhaqan.QalaidCiqyan.Shamela0021510-ara1	[]	[]
0246HusaynMarwazi.BirrWaSila.JK000033-ara1	[]	[]
0246HusaynMarwazi.BirrWaSila.Shamela0013007-ara1	[]	[]
0231IbnSallamJumahi.TabaqatFuhulShucara.JK001296-ara1	['completed']	[]
0231IbnSallamJumahi.TabaqatFuhulShucara.Shamela0006738-ara1	[]	[]
0241IbnHanbal.Musnad.JK000145-ara2	[]	[]
0241IbnHanbal.Musnad.Shamela0025794-ara1	['completed']	[]
0241IbnHanbal.Musnad.Shamela0098139-ara3	[]	[]
0241IbnHanbal.Musnad.Shamela0013157-ara1	[]	[]
0241IbnHanbal.Musnad.Shia001707Vols-ara2	[]	[]
0241IbnHanbal.Zuhd.Shamela0008494-ara1	['no-ext', 'completed']	['no-ext']
0241IbnHanbal.Zuhd.JK000084-ara2	[]	[]
0241IbnHanbal.SualatAbiDawudLiIbnHanbal.JK000709-ara1	[]	[]
0241IbnHanbal.SualatAbiDawudLiIbnHanbal.Shamela0005945-ara1	['no-ext', 'completed']	['no-ext']
0241IbnHanbal.Ashriba.Shamela0012995-ara1	[]	[]
0241IbnHanbal.Ashriba.JK000673-ara1	['no-ext', 'completed']	['no-ext']
0241IbnHanbal.CilalWaMacrifa.JK000521-ara1	[]	[]
0241IbnHanbal.CilalWaMacrifa.Shamela0002331-ara1	['completed']	[]
0241IbnHanbal.CilalWaMacrifa.Shia003057Vols-ara1	[]	[]
0241IbnHanbal.JamicFiCilal.Shamela0010272-ara2	[]	[]
0241IbnHanbal.JamicFiCilal.Shamela0006044-ara1	[]	[]
0241IbnHanbal.JamicFiCilal.JK000749-ara1	['completed']	[]
0241IbnHanbal.Warac.Shamela0006785-ara1	['no-ext', 'completed']	['no-ext']
0241IbnHanbal.Warac.JK000307-ara2	[]	[]
0241IbnHanbal.AsamiWaKuna.JK000525-ara1	['no-ext', 'completed']	['no-ext']
0241IbnHanbal.AsamiWaKuna.Shamela0005780-ara1	[]	[]
0241IbnHanbal.CaqidaRiwayatKhallal.Shamela0006498-ara1	[]	[]
0241IbnHanbal.CaqidaRiwayatKhallal.JK000323-ara1	[]	[]
0241IbnHanbal.MasailRiwayatSalih.JK001184-ara1	['completed']	[]
0241IbnHanbal.MasailRiwayatSalih.Shamela0006106-ara1	[]	[]
0241IbnHanbal.UsulSunna.JK000354-ara1	[]	[]
0241IbnHanbal.UsulSunna.Shamela0006418-ara1	[]	[]
0241IbnHanbal.MasailRiwayatCabdAllah.JK001182-ara1	[]	[]
0241IbnHanbal.MasailRiwayatCabdAllah.Shamela0006105-ara1	['completed']	[]
0241IbnHanbal.AhkamNisa.Shamela0095563-ara1	['completed']	[]
0241IbnHanbal.MinSualatIbnMuhammadAthram.Shamela0025873-ara1	['completed']	[]
0241IbnHanbal.FadailSahaba.JK000482-ara1	['completed']	[]
0241IbnHanbal.FadailSahaba.Shamela0013136-ara1	[]	[]
0241IbnHanbal.RaddCalaZanadiqa.Shamela0007623-ara1	['no-ext', 'completed']	['no-ext']
0241IbnHanbal.RaddCalaZanadiqa.JK000341-ara1	[]	[]
0246AbuCaliIbnShadhdhan.Hadith.Shamela0029847-ara1	[]	[]
0246AbuCaliIbnShadhdhan.Hadith.Shamela0029707-ara1	[]	[]
0245MuhammadIbnHabib.UmmahatNabi.Shamela0026929-ara1	[]	[]
0245MuhammadIbnHabib.MunammaqFiAkhbarQuraysh.Shia003458-ara1	[]	[]
0245MuhammadIbnHabib.MunammaqFiAkhbarQuraysh.JK009275-ara1	[]	[]
0245MuhammadIbnHabib.MunammaqFiAkhbarQuraysh.Shamela0012212-ara1	[]	[]
0245MuhammadIbnHabib.Muhabbar.Shamela0012205-ara1	['completed']	[]
0245MuhammadIbnHabib.Muhabbar.Shia003457-ara1	[]	[]
0245MuhammadIbnHabib.Muhabbar.JK011200-ara1	[]	[]
0245MuhammadIbnHabib.MukhtalafQabail.JK010501-ara1	[]	[]
0245MuhammadIbnHabib.MukhtalafQabail.Shamela0026540-ara1	['completed']	[]
0244IbnSikkit.QalbWaIbdal.Shamela0005420-ara1	[]	[]
0244IbnSikkit.IslahMantiq.JK001170-ara2	[]	[]
0244IbnSikkit.IslahMantiq.Shamela0007508-ara1	[]	[]
0244IbnSikkit.KanzLughawi.JK010885-ara1	[]	[]
0244IbnSikkit.KanzLughawi.Shamela0008533-ara1	[]	[]
0244IbnSikkit.KanzLughawi.Shia003899-ara1	[]	[]
0234AbuHasanSacdi.TasmiyatManRuwiya.JK000504-ara1	[]	[]
0234AbuHasanSacdi.TasmiyatManRuwiya.Shamela0005893-ara1	[]	[]
0250AflahIbnCabdWahhab.Jawabat.ShamIbadiyya0000784-ara1	[]	[]
0222IbnBakkarDabi.AkhbarWafidat.JK001280-ara1	[]	[]
0222IbnBakkarDabi.AkhbarWafidat.Shamela0006717-ara1	[]	[]
0222IbnBakkarDabi.AkhbarWafidin.JK001281-ara1	[]	[]
0222IbnBakkarDabi.AkhbarWafidin.Shamela0006718-ara1	[]	[]
0215IbnCabdAllahAnsari.HadithAnsari.JK009193-ara1	[]	[]
0215IbnCabdAllahAnsari.HadithAnsari.Shamela0013110-ara1	[]	[]
0225Anonymous.IdahLiAristutalisFiKhayrMahd.GRAR000067-ara1	[]	[]
0219AbuNucaymIbnDukayn.Salat.JK009197-ara1	[]	[]
0219AbuNucaymIbnDukayn.Salat.Shamela0009644-ara1	[]	[]
0224IbnMuhammadMadaini.Tacazi.Shamela0026863-ara1	[]	[]
0221IbnAbiIyasCasqalani.Juz.Shamela0029703-ara1	[]	[]
0220AbuJacfarIskafi.MicyarWaMuwazana.Shia001900-ara1	[]	[]
0223IbnSalihKatibLayth.Nuskha.Shamela0009633-ara1	[]	[]
0209MacmarIbnMuthanna.Khayl.Shamela0000790-ara1	['completed']	[]
0209MacmarIbnMuthanna.Khayl.JK010790-ara1	[]	[]
0209MacmarIbnMuthanna.Dibaj.JK010636-ara1	[]	[]
0209MacmarIbnMuthanna.Dibaj.Shamela0000636-ara1	['completed']	[]
0209MacmarIbnMuthanna.MajazQuran.JK010146-ara1	[]	[]
0209MacmarIbnMuthanna.MajazQuran.Shamela0023630-ara1	[]	[]
0211CabdRazzakSancani.AmaliFiAthar.JK000687-ara1	[]	[]
0211CabdRazzakSancani.AmaliFiAthar.Shamela0025782-ara1	[]	[]
0211CabdRazzakSancani.Musannaf.JK000785-ara1	[]	[]
0211CabdRazzakSancani.Musannaf.Shia001887Vols-ara1	[]	[]
0211CabdRazzakSancani.Musannaf.Shamela0013174-ara1	['inProgress', 'no-ext']	['inProgress']
0211CabdRazzakSancani.Tafsir.Shamela0021791-ara1	[]	[]
0211CabdRazzakSancani.Tafsir.JK000435-ara1	[]	[]
0211CabdRazzakSancani.Tafsir.Shia002465Vols-ara1	[]	[]
0212IbnMuzahimMinqari.WaqcatSiffin.JK010937-ara1	[]	[]
0212IbnMuzahimMinqari.WaqcatSiffin.Shia003666-ara1	[]	[]
0213IbnHisham.SiraNabawiyya.JK000797-ara1	[]	[]
0213IbnHisham.SiraNabawiyya.Shamela0007450-ara1	[]	[]
0213IbnHisham.SiraNabawiyya.Shia003667Vols-ara1	[]	[]
0213IbnHisham.SiraNabawiyya.Shamela0023833-ara1	['completed']	[]
0213IbnHisham.Tijan.Shamela0037473-ara1	['completed']	[]
0204IbnKalbi.NasabMacad.Shamela0028172-ara1	['completed']	[]
0204IbnKalbi.NasabMacad.JK010486-ara1	[]	[]
0204IbnKalbi.JamharatAnsab.JK010504-ara1	[]	[]
0204IbnKalbi.JamharatAnsab.Shamela0000504-ara1	[]	[]
0204IbnKalbi.Asnam.JK007059-ara1	[]	[]
0204IbnKalbi.Asnam.Shamela0006513-ara1	[]	[]
0204IbnKalbi.AnsabKhayl.Shamela0009249-ara1	['completed']	[]
0204IbnKalbi.AnsabKhayl.JK010576-ara1	[]	[]
0215AkhfashAwsat.Qawafi.JK010737-ara1	[]	[]
0215AkhfashAwsat.Qawafi.Shamela0000737-ara1	[]	[]
0215AkhfashAwsat.MacaniQuran.Shamela0022371-ara1	[]	[]
0219IbnZubayrHumaydi.Musnad.Shamela0008493-ara1	[]	[]
0219IbnZubayrHumaydi.Musnad.Shia001898Vols-ara1	[]	[]
0219IbnZubayrHumaydi.Musnad.JK000473-ara1	[]	[]
0216IbnQuraybAsmaci.KhalqInsan.Shamela0005405-ara1	[]	[]
0216IbnQuraybAsmaci.Asmaciyat.JK009199-ara1	[]	[]
0216IbnQuraybAsmaci.Asmaciyat.Shamela0006905-ara1	['no-ext', 'mARkdwon', 'completed']	['no-ext', 'completed']
0216IbnQuraybAsmaci.FuhulaShucara.Shamela0001597-ara1	['completed']	[]
0216IbnQuraybAsmaci.Ibl.Shamela0009208-ara1	[]	[]
0216IbnQuraybAsmaci.Sha.Shamela0008826-ara1	[]	[]
0216IbnQuraybAsmaci.Sha.JK009217-ara1	[]	[]
0207Waqidi.FutuhSham.JK000407-ara1	[]	[]
0207Waqidi.FutuhSham.Shamela0012045-ara1	['completed']	[]
0207Waqidi.FutuhSham.Shia003455Vols-ara1	[]	[]
0207Waqidi.Ridda.Shamela0012222-ara1	['completed']	[]
0207Waqidi.Maghazi.JK009232-ara1	[]	[]
0207Waqidi.Maghazi.Shamela0023680-ara1	['completed']	[]
0212IbnMusaQurashi.Zuhd.Shamela0000263-ara1	[]	[]
0204AbuDawudTayalisi.Musnad.JK000470-ara1	[]	[]
0204AbuDawudTayalisi.Musnad.Shamela0001456-ara1	[]	[]
0204AbuDawudTayalisi.Musnad.Shia001885-ara1	[]	[]
0203YahyaIbnAdam.Kharaj.Shamela0026647-ara1	[]	[]
0203YahyaIbnAdam.Kharaj.JK000258-ara1	[]	[]
0207IbnBakkarQaysi.Juz.Shamela0011475-ara1	[]	[]
0219IbnMuslimBasri.Ahadith.Shamela0030305-ara1	[]	[]
0213IbnJabalaShacir.Diwan.JK007622-ara1	[]	[]
0211AbuCatahiya.Diwan.JK007579-ara1	[]	[]
0203IbnSulaymanGhazi.MusnadRida.Shia001268-ara1	[]	[]
0214IbnCabdHakamMisri.SiratCumarIbnCabdCaziz.Shamela0006656-ara1	['completed']	[]
0214IbnCabdHakamMisri.SiratCumarIbnCabdCaziz.JK001206-ara1	[]	[]
0207IbnZiyadFarra.MacaniQuran.Shamela0023634-ara1	[]	[]
0218CabdAclaGhassani.Nuskha.Shamela0013185-ara1	[]	[]
0218CabdAclaGhassani.Nuskha.JK000601-ara1	[]	[]
0204Shafici.Diwan.JK007599-ara1	[]	[]
0204Shafici.TafsirShafici.Shamela0009182-ara1	[]	[]
0204Shafici.Musnad.Shia001706-ara1	[]	[]
0204Shafici.Musnad.Shamela0009344-ara1	[]	[]
0204Shafici.Musnad.JK000494-ara1	[]	[]
0204Shafici.Musnad.Shamela0009615-ara1	[]	[]
0204Shafici.Musnad.Shamela0021495-ara1	[]	[]
0204Shafici.Risala.JK000143-ara1	[]	[]
0204Shafici.Risala.Shia000819-ara1	[]	[]
0204Shafici.Risala.Shamela0008180-ara1	[]	[]
0204Shafici.JimacCilm.Shamela0003197-ara1	[]	[]
0204Shafici.JimacCilm.JK000249-ara1	[]	[]
0204Shafici.Umm.Shia000820Vols-ara1	[]	[]
0204Shafici.Umm.Shamela0001655-ara1	[]	[]
0204Shafici.Umm.JK000147-ara1	[]	[]
0204Shafici.SunanMathura.JK000677-ara1	[]	[]
0204Shafici.AhkamQuran.JK000439-ara1	[]	[]
0204Shafici.AhkamQuran.Shia002463Vols-ara1	[]	[]
0204Shafici.IkhtilafHadith.JK000560-ara1	[]	[]
0204Shafici.IkhtilafHadith.Shia001705-ara1	[]	[]
0204Shafici.IkhtilafHadith.Shamela0009348-ara1	[]	[]
0206IbnMirarShaybani.Jim.JK010107-ara1	[]	[]
0206IbnMirarShaybani.Jim.Shamela0007302-ara1	[]	[]
0215IbnHazimBahili.Diwan.JK007628-ara1	[]	[]
0209AbuCaliAshyabBaghdadi.JuzAshyab.Shia001886-ara1	[]	[]
0209AbuCaliAshyabBaghdadi.JuzAshyab.Shamela0025783-ara1	[]	[]
0209AbuCaliAshyabBaghdadi.JuzAshyab.JK000490-ara1	[]	[]
0206AbuMuhammadQutrub.Azmina.JK006956-ara1	[]	[]
0206AbuMuhammadQutrub.Azmina.Shamela0007048-ara1	[]	[]
0224QasimIbnSalam.Amthal.JK010765-ara1	[]	[]
0224QasimIbnSalam.Amthal.Shamela0000135-ara1	[]	[]
0224QasimIbnSalam.Tuhur.Shamela0000262-ara1	[]	[]
0224QasimIbnSalam.Iman.JK010286-ara1	[]	[]
0224QasimIbnSalam.Iman.Shamela0010638-ara1	[]	[]
0224QasimIbnSalam.Iman.Shamela0011316-ara1	[]	[]
0224QasimIbnSalam.NasikhWaMansukh.JK011442-ara1	[]	[]
0224QasimIbnSalam.NasikhWaMansukh.Shamela0037834-ara1	[]	[]
0224QasimIbnSalam.NasikhWaMansukh.Shamela0012523-ara1	[]	[]
0224QasimIbnSalam.Amwal.Shamela0012999-ara1	[]	[]
0224QasimIbnSalam.Amwal.JK006800-ara1	['completed']	[]
0224QasimIbnSalam.Silah.JK006959-ara1	[]	[]
0224QasimIbnSalam.Silah.Shamela0007052-ara1	[]	[]
0224QasimIbnSalam.FadailQuran.Shamela0012524-ara1	[]	[]
0224QasimIbnSalam.FadailQuran.JK011565-ara1	[]	[]
0224QasimIbnSalam.KhutabWaMawaciz.Shamela0026510-ara1	[]	[]
0224QasimIbnSalam.LughatQabail.Shamela0000920-ara1	[]	[]
0224QasimIbnSalam.GharibHadith.Shia003895Vols-ara1	[]	[]
0224QasimIbnSalam.GharibHadith.Shamela0001309-ara1	[]	[]
0224QasimIbnSalam.GharibHadith.JK000718-ara1	[]	[]
0224QasimIbnSalam.GharibMusannaf.Shamela0001536-ara1	[]	[]
0222IbnNaficHimsi.Hadith.Shamela0029704-ara1	[]	[]
0210CaliyyaBintMahdi.Diwan.JK007624-ara1	[]	[]
0203CaliRida.Sahifa.Zaydiyya0000121-ara1	[]	[]
0203CaliRida.Sahifa.Zaydiyya0000158-ara1	[]	[]
1261IbrahimKilbasiIsbahani.MinhajHidaya.Shia004049-ara1	[]	[]
1258IbnCabdSalamTusuli.AjwibatTusuli.Shamela0035276-ara1	[]	[]
1258IbnCabdSalamTusuli.Bahja.JK009261-ara1	[]	[]
1258IbnCabdSalamTusuli.Bahja.Shamela0001544-ara1	[]	[]
1253IbnMuhammadAnsariShirwani.NafhatYaman.Shamela0035888-ara1	[]	[]
1252IbnCabidinDimashqi.TanqihFatawa.JK011743-ara1	[]	[]
1252IbnCabidinDimashqi.TanqihFatawa.Shamela0021687-ara1	[]	[]
1252IbnCabidinDimashqi.RaddMuhtar.JK000170-ara1	[]	[]
1252IbnCabidinDimashqi.RaddMuhtar.Shia000990Vols-ara1	[]	[]
1252IbnCabidinDimashqi.RaddMuhtar.Shamela0021613-ara1	[]	[]
1252IbnCabidinDimashqi.FawaidCjiba.Shamela0007000-ara1	[]	[]
1252IbnCabidinDimashqi.FawaidCjiba.JK006708-ara1	[]	[]
1252IbnCabidinDimashqi.AjwibaMuhaqqaqa.Shamela0036573-ara1	[]	[]
1270ShihabDinAlusi.GharaibIghtirab.JK010475-ara1	[]	[]
1270ShihabDinAlusi.GharaibIghtirab.Shamela0000475-ara1	[]	[]
1270ShihabDinAlusi.Tafsir.Shia002702Vols-ara1	[]	[]
1270ShihabDinAlusi.AjwibaCiraqiyya.Shamela0036066-ara1	[]	[]
1270ShihabDinAlusi.RuhMacani.JK000906-ara1	[]	[]
1270ShihabDinAlusi.RuhMacani.Shamela0022835-ara1	[]	[]
1270IbnMuhammadIhsaiHanafi.TanbihAfham.JK006853-ara1	[]	[]
1270IbnMuhammadIhsaiHanafi.TanbihAfham.Shamela0010652-ara1	[]	[]
1269CabdMalikCasimi.SamtNujum.Shamela0006617-ara1	[]	[]
1269CabdMalikCasimi.SamtNujum.JK003503-ara1	[]	[]
1256NasirCabdAllah.AnmudhajKhatir.Zaydiyya0000001-ara1	[]	[]
1263IbnAbiNabhanKharusi.TanwirCuqul.ShamIbadiyya0000259-ara1	[]	[]
1263IbnAbiNabhanKharusi.TahdhibBiNahw.ShamIbadiyya0000884-ara1	[]	[]
1258MahdiAhmadIbnHusayn.MajmucRasail.Zaydiyya0000085-ara1	[]	[]
1270IbnMuhammadDawcaniHadrami.SharhMuqaddimaHadramiyya.Shamela0026535-ara1	[]	[]
1265IbnCumarCalawiHadrami.SuyufBawatir.Shamela0038162-ara1	[]	[]
1262IbnMuhammadKuzbari.IntikhabCawali.JK001035-ara1	[]	[]
1262IbnMuhammadKuzbari.IntikhabCawali.Shamela0005726-ara1	[]	[]
1266MuhammadHasanNajafiJawhari.RasailFiqhiyya.Shia000360-ara1	[]	[]
1266MuhammadHasanNajafiJawhari.JawahirKalam.Shia000317Vols-ara1	[]	[]
1264CaliNabhaniTanufi.Diwan.ShamIbadiyya0000654-ara1	[]	[]
1269MansurAhmad.SafinaMunjiya.Zaydiyya0000133-ara1	[]	[]
0301AbuBakrFaryabi.Siyam.Shamela0013040-ara1	[]	[]
0301AbuBakrFaryabi.Siyam.JK000889-ara1	[]	[]
0301AbuBakrFaryabi.Qadar.Shamela0013051-ara1	[]	[]
0301AbuBakrFaryabi.Qadar.JK001214-ara1	[]	[]
0301AbuBakrFaryabi.Qadar.Shamela0011333-ara1	[]	[]
0301AbuBakrFaryabi.SifatNifaq.JK000044-ara1	[]	[]
0301AbuBakrFaryabi.SifatNifaq.Shamela0008235-ara1	[]	[]
0301AbuBakrFaryabi.FadailQuran.Shamela0009320-ara1	[]	[]
0301AbuBakrFaryabi.FadailQuran.JK011564-ara1	[]	[]
0301AbuBakrFaryabi.DalailNubuwwa.Shamela0013116-ara1	[]	[]
0301AbuBakrFaryabi.DalailNubuwwa.JK000620-ara1	[]	[]
0301AbuBakrFaryabi.AhkamCidayn.JK000844-ara1	[]	[]
0301AbuBakrFaryabi.AhkamCidayn.Shamela0008276-ara1	[]	[]
0301AbuBakrFaryabi.Fawaid.Shamela0013050-ara1	[]	[]
0312IbnCaliTusi.MukhtasarAhkam.JK000929-ara1	[]	[]
0312IbnCaliTusi.MukhtasarAhkam.Shamela0005583-ara1	[]	[]
0309IbnHasanAzdi.MunjidFiLugha.Shamela0036950-ara1	[]	[]
0312IbnMuhammadBaghandi.MusnadCumar.Shia001997-ara1	[]	[]
0312IbnMuhammadBaghandi.MusnadCumar.Shamela0013173-ara1	[]	[]
0312IbnMuhammadBaghandi.MusnadCumar.JK000623-ara1	[]	[]
0324IbnMuhammadNaysaburi.Ziyadat.Shamela0012844-ara1	[]	[]
0324IbnMusaBaghdadi.SabcaFiQiraat.JK000912-ara1	[]	[]
0324IbnMusaBaghdadi.SabcaFiQiraat.Shamela0005530-ara1	[]	[]
0319IbnMundhirNaysaburi.Iqnac.Shamela0012843-ara1	[]	[]
0319IbnMundhirNaysaburi.TafsirQuran.Shamela0022549-ara1	['completed']	[]
0319IbnMundhirNaysaburi.Ijmac.Shamela0012445-ara1	[]	[]
0319IbnMundhirNaysaburi.Ijmac.JK000183-ara1	[]	[]
0319IbnMundhirNaysaburi.IshrafCalaMadhahib.Shamela0119492-ara1	[]	[]
0319IbnMundhirNaysaburi.AwsatFiSunan.JK000207-ara1	[]	[]
0319IbnMundhirNaysaburi.AwsatFiSunan.Shamela0021113-ara1	[]	[]
0320IbnMuhammadBayhaqi.Mahasin.JK009291-ara1	[]	[]
0320IbnMuhammadBayhaqi.Mahasin.Shamela0000564-ara1	[]	[]
0309IbnFadlan.Rihla.JK000408-ara1	[]	[]
0309IbnFadlan.Rihla.Shamela0011772-ara1	['completed']	[]
0325IbnMuhammadNaysaburi.AhadithMinMusnad.Shamela0026567-ara1	[]	[]
0322CabdAllahMahdi.KitabAsrar.AQ001-ara1	[]	[]
0306IbnHayyanDabbi.AkhbarQudat.Shia003426Vols-ara1	[]	[]
0306IbnHayyanDabbi.AkhbarQudat.Shamela0000150-ara1	[]	[]
0306IbnHayyanDabbi.AkhbarQudat.JK007001-ara1	['completed']	[]
0311IbnSariZajjaj.MacaniQuran.Shamela0000922-ara1	[]	[]
0311IbnSariZajjaj.TafsirAsmaAllah.JK000959-ara1	[]	[]
0311IbnSariZajjaj.TafsirAsmaAllah.Shamela0006468-ara1	[]	[]
0321IbnDuraydAzdi.Maqsura.ShamIbadiyya0000650-ara1	[]	[]
0321IbnDuraydAzdi.TacliqMinAmali.JK010676-ara1	[]	[]
0321IbnDuraydAzdi.TacliqMinAmali.ShamIbadiyya0000612-ara1	[]	[]
0321IbnDuraydAzdi.TacliqMinAmali.Shamela0026237-ara1	[]	[]
0321IbnDuraydAzdi.Malahin.ShamIbadiyya0000882-ara1	[]	[]
0321IbnDuraydAzdi.MatarWaSahab.Shamela0000593-ara1	[]	[]
0321IbnDuraydAzdi.MatarWaSahab.ShamIbadiyya0000647-ara1	[]	[]
0321IbnDuraydAzdi.MatarWaSahab.JK010593-ara1	[]	[]
0321IbnDuraydAzdi.Ishtiqaq.Shamela0009211-ara1	[]	[]
0321IbnDuraydAzdi.Ishtiqaq.ShamIbadiyya0000603-ara1	[]	[]
0321IbnDuraydAzdi.Ishtiqaq.JK009327-ara1	[]	[]
0321IbnDuraydAzdi.FawaidWaAkhbar.Shamela0026986-ara1	[]	[]
0321IbnDuraydAzdi.FawaidWaAkhbar.JK010653-ara1	[]	[]
0321IbnDuraydAzdi.FawaidWaAkhbar.ShamIbadiyya0000641-ara1	[]	[]
0321IbnDuraydAzdi.JamharatLugha.ShamIbadiyya0000223-ara1	[]	[]
0321IbnDuraydAzdi.JamharatLugha.JK007100-ara1	[]	[]
0321IbnDuraydAzdi.JamharatLugha.Shamela0007032-ara1	[]	[]
0321IbnDuraydAzdi.Diwan.ShamIbadiyya0000652-ara1	[]	[]
0321IbnDuraydAzdi.Diwan.JK007595-ara1	[]	[]
0317IbnHaythamKufi.Hadith.Shamela0021484-ara1	[]	[]
0313IbnZakariyaRazi.HawiFiTibb.Shamela0010704-ara1	['completed']	[]
0313IbnZakariyaRazi.HawiFiTibb.JK007067-ara1	[]	[]
0313IbnZakariyaRazi.RasailFalsafiyya.Shamela0012834-ara1	[]	[]
0316IbnSarrajNahwi.UsulFiNahw.JK001327-ara1	[]	[]
0316IbnSarrajNahwi.UsulFiNahw.Shamela0007365-ara1	[]	[]
0316IbnSarrajNahwi.UsulFiNahw.JK001130-ara1	[]	[]
0311AbuBakrKhallal.HaththCalaTijara.Shamela0008213-ara1	[]	[]
0311AbuBakrKhallal.HaththCalaTijara.JK011339-ara1	[]	[]
0311AbuBakrKhallal.AmrBiMacruf.JK011299-ara1	[]	[]
0311AbuBakrKhallal.AmrBiMacruf.Shamela0008248-ara1	[]	[]
0311AbuBakrKhallal.WuqufWaTarajjul.Shamela0026883-ara1	[]	[]
0311AbuBakrKhallal.Sunna.Shamela0001077-ara1	[]	[]
0311AbuBakrKhallal.Sunna.JK000839-ara1	[]	[]
0311AbuBakrKhallal.QuraaCindaQubur.JK011412-ara1	[]	[]
0311AbuBakrKhallal.QuraaCindaQubur.Shamela0008271-ara1	[]	[]
0311AbuBakrKhallal.AhkamAhlMilal.Shamela0009428-ara1	[]	[]
0322AbuBakrZubayri.Fawaid.Shamela0030384-ara1	[]	[]
0315IbnFaydGhassani.AkhbarWaHikayat.Shamela0005650-ara1	[]	[]
0315IbnFaydGhassani.AkhbarWaHikayat.JK000523-ara1	['completed']	[]
0310IbnCabbasYazidi.Amali.JK010748-ara1	[]	[]
0310IbnCabbasYazidi.Amali.Shamela0008196-ara1	[]	[]
0325IbnSahlRazi.AkhbarFakhkh.Zaydiyya0000089-ara1	[]	[]
0325IbnSahlRazi.AkhbarFakhkh.Shamela0117366-ara1	['completed']	[]
0321AbuJacfarTahawi.AhkamQuran.Shamela0010765-ara1	[]	[]
0321AbuJacfarTahawi.TaswiyaBaynaHaddathanaWaAkhbarana.Shamela0009380-ara1	[]	[]
0321AbuJacfarTahawi.SharhMushkilAthar.Shamela0022547-ara1	[]	[]
0321AbuJacfarTahawi.SharhMushkilAthar.JK007043-ara1	[]	[]
0321AbuJacfarTahawi.TakhrijCaqida.Shamela0009568-ara1	[]	[]
0321AbuJacfarTahawi.MukhtasarIkhtilafCulama.JK000292-ara1	[]	[]
0321AbuJacfarTahawi.MukhtasarIkhtilafCulama.Shamela0006222-ara1	[]	[]
0321AbuJacfarTahawi.SharhMacaniAthar.Shia002003Vols-ara1	[]	[]
0321AbuJacfarTahawi.SharhMacaniAthar.Shamela0021108-ara1	[]	[]
0321AbuJacfarTahawi.SharhMacaniAthar.JK000469-ara1	[]	[]
0321AbuJacfarTahawi.HadithAbiJacfar.Shamela0030526-ara1	[]	[]
0321AbuJacfarTahawi.MatnCaqida.JK000126-ara1	[]	[]
0307IbnJarudNaysaburi.Muntaqa.Shamela0013071-ara1	[]	[]
0307IbnJarudNaysaburi.Muntaqa.Shia001989-ara1	[]	[]
0307IbnJarudNaysaburi.Muntaqa.JK000488-ara1	[]	[]
0310IbnAhmadDulabi.KunaWaAsma.JK007016-ara1	['completed']	[]
0310IbnAhmadDulabi.KunaWaAsma.Shamela0013056-ara1	[]	[]
0310IbnAhmadDulabi.Dhariyya.Shamela0013019-ara1	[]	[]
0310IbnAhmadDulabi.Dhariyya.Shia001991-ara1	[]	[]
0310IbnAhmadDulabi.Dhariyya.JK000621-ara1	['completed']	[]
0316IbnSulaymanSijistani.Qasida.JK000795-ara1	[]	[]
0316IbnSulaymanSijistani.Qasida.Shia001998-ara1	[]	[]
0316IbnSulaymanSijistani.MusnadCaisha.Shamela0013167-ara1	[]	[]
0316IbnSulaymanSijistani.MusnadCaisha.JK000564-ara1	[]	[]
0316IbnSulaymanSijistani.MusnadCaisha.Shia001999-ara1	[]	[]
0316IbnSulaymanSijistani.Bacth.Shamela0008251-ara1	[]	[]
0316IbnSulaymanSijistani.Bacth.JK011319-ara1	[]	[]
0322IbnCabdAllahDhuhali.Fawaid.Shamela0027099-ara1	[]	[]
0320HakimTirmidhi.CaqlWaHawa.Shamela0000652-ara1	[]	[]
0320HakimTirmidhi.CaqlWaHawa.JK010652-ara1	[]	[]
0320HakimTirmidhi.Amthal.JK000947-ara1	[]	[]
0320HakimTirmidhi.Amthal.Shamela0006893-ara1	[]	[]
0320HakimTirmidhi.NawadirUsul.Shamela0000720-ara1	[]	[]
0320HakimTirmidhi.NawadirUsul.JK001332-ara1	[]	[]
0320HakimTirmidhi.AcdaWaNafs.Shamela0006794-ara1	[]	[]
0320HakimTirmidhi.AdabNafs.Shamela0037054-ara1	[]	[]
0320HakimTirmidhi.Manhiyyat.Shamela0025950-ara1	[]	[]
0320HakimTirmidhi.Manhiyyat.JK010216-ara1	[]	[]
0320HakimTirmidhi.RiyadatNafs.Shamela0037033-ara1	[]	[]
0310Tabari.JamicBayan.Shamela0007798-ara1	['inProgress']	[]
0310Tabari.JamicBayan.Shia002468Vols-ara1	[]	[]
0310Tabari.JamicBayan.Shamela0007798-ara1.inProgress_mARkdownSimple	['unknown']	['0310Tabari.JamicBayan.Shamela0007798-ara1.inProgress_mARkdownSimple']
0310Tabari.JamicBayan.Shamela0000043-ara1	[]	[]
0310Tabari.JamicBayan.Shamela0007798-ara1.notes	['unknown']	['0310Tabari.JamicBayan.Shamela0007798-ara1.notes']
0310Tabari.JamicBayan.JK000164-ara1	[]	[]
0310Tabari.TahdhibAthar.Shamela0013090Vols-ara1	[]	[]
0310Tabari.TahdhibAthar.JK008250Vols-ara1	['mARkdwon']	[]
0310Tabari.SarihSunna.Shamela0013127-ara1	['mARkdwon']	[]
0310Tabari.SarihSunna.Shia001992-ara1	[]	[]
0310Tabari.SarihSunna.JK000320-ara1	[]	[]
0310Tabari.MuntakhabMinDhayl.Shia003473-ara1	[]	[]
0310Tabari.MuntakhabMinDhayl.Shamela0001133-ara1	['completed']	[]
0310Tabari.MuntakhabMinDhayl.JK011133-ara1	[]	[]
0310Tabari.TabsirFiMacalimDin.Shamela0026464-ara1	['completed']	[]
0310Tabari.Tarikh.SBS20191023-ara1	['inProgress']	[]
0310Tabari.Tarikh.Shamela0009783-ara1	['completed']	[]
0310Tabari.Tarikh.JK000157-ara1	[]	[]
0310Tabari.Tarikh.Shia003474Vols-ara1	['inProgress']	[]
0310Tabari.Tarikh.SBS20191024-ara1	['completed']	[]
0310Tabari.IkhtilafFuqaha.Shamela0007492-ara1	[]	[]
0310Tabari.IkhtilafFuqaha.JK000300-ara1	[]	[]
0303IbnSufyanNasawi.Arbacuna.JK000566-ara1	[]	[]
0303IbnSufyanNasawi.Arbacuna.JK011291-ara1	[]	[]
0303IbnSufyanNasawi.Arbacuna.Shamela0008205-ara1	[]	[]
0303IbnSufyanNasawi.Arbacuna.Shia001972-ara1	[]	[]
0309IbnMarzuban.Murua.Shamela0009640-ara1	['completed']	[]
0309IbnMarzuban.DhammThuqala.Shia001990-ara1	[]	[]
0309IbnMarzuban.DhammThuqala.JK000573-ara1	[]	[]
0309IbnMarzuban.DhammThuqala.Shamela0006769-ara1	['completed']	[]
0309IbnMarzuban.FadlKilab.Shamela0011342-ara1	['completed']	[]
0309IbnMarzuban.FadlKilab.JK000498-ara1	[]	[]
0316IbnIshaqIsfaraini.Mustrakhraj.Shamela0021618-ara1	[]	[]
0316IbnIshaqIsfaraini.Musnad.JK001486-ara1	[]	[]
0323CaliHimyari.Juz.Shamela0009212-ara1	[]	[]
0323CaliHimyari.Juz.JK000565-ara1	[]	[]
0323CaliHimyari.Juz.Shia002007-ara1	[]	[]
0323CaliHimyari.Juz.JK011486-ara1	[]	[]
0302AbuMuhammadAshyabBaghdadi.Juz.Shamela0029702-ara1	[]	[]
0323IbnMuhammadWasiti.MajmucatAjza.Shamela0012957-ara1	[]	[]
0323IbnCabdCazizBasri.Saqifa.Shia001749-ara1	[]	[]
0313IbnZaydanKufi.Musnad.Shamela0021488-ara1	[]	[]
0312IbnMuhammadWasiti.Juz.Shamela0026443-ara1	[]	[]
0325Anonymous.MaqalatAfrudisiFiHiss.GRAR000005-ara1	[]	[]
0325Anonymous.MaqalatAfrudisiFiNushu.GRAR000001-ara1	[]	[]
0325Anonymous.MaqalatAfrudisiFiAshyaCammiyya.GRAR000006-ara1	[]	[]
0324IbnMuhammadCanbari.Majalis.Shamela0029716-ara1	[]	[]
0308IbnIbrahimJundi.FadailMadina.JK000868-ara1	[]	[]
0308IbnIbrahimJundi.FadailMadina.Shia003472-ara1	[]	[]
0308IbnIbrahimJundi.FadailMadina.Shamela0013137-ara1	[]	[]
0314IbnActhamKufi.Futuh.Shia003675Vols-ara1	['completed']	[]
0325IbnCabdAllahWarraq.CilalNahw.JK009173-ara1	[]	[]
0325IbnCabdAllahWarraq.CilalNahw.Shamela0007003-ara1	['completed']	[]
0318AbuCarubaHarrani.JuzBiRiwayatAntaki.JK011471-ara1	[]	[]
0318AbuCarubaHarrani.JuzBiRiwayatAntaki.Shamela0001288-ara1	[]	[]
0318AbuCarubaHarrani.MuntaqaMinTabaqat.JK011440-ara1	[]	[]
0318AbuCarubaHarrani.MuntaqaMinTabaqat.Shamela0008274-ara1	['completed']	[]
0318AbuCarubaHarrani.Ahadith.Shamela0013098-ara1	[]	[]
0318AbuCarubaHarrani.Ahadith.JK001212-ara1	[]	[]
0318AbuCarubaHarrani.Awail.Shamela0005744-ara1	[]	[]
0318AbuCarubaHarrani.Awail.JK009176-ara1	[]	[]
0322IbnTabataba.CiyarShicr.JK007023-ara1	[]	[]
0322IbnTabataba.CiyarShicr.Shamela0006911-ara1	['completed']	[]
0304HasanUtrush.Ihtisab.Zaydiyya0000455-ara1	[]	[]
0304HasanUtrush.Bisat.Zaydiyya0000041-ara1	[]	[]
0320IbnMascudCayyashi.Tafsir.Shia002335Vols-ara1	[]	[]
0325IbnCabdSamadBaghdadi.Amali.Shamela0009305-ara1	['completed']	[]
0310AbuCabbasNayrizi.SharhUsulLiUqlidis.GRAR000056-ara1	[]	[]
0310AbuCabbasNayrizi.SharhUsulLiUqlidis.GRAR000057-ara1	[]	[]
0310AbuCabbasNayrizi.SharhUsulLiUqlidis.GRAR000058-ara1	[]	[]
0322NasirAhmad.MasailIbadiyya.Zaydiyya0000471-ara1	[]	[]
0301Bardiji.Kabair.Shamela0026595-ara1	[]	[]
0301Bardiji.Kabair.Shamela0004151-ara1	[]	[]
0301Bardiji.TabaqatAsma.JK000748-ara1	[]	[]
0301Bardiji.TabaqatAsma.Shamela0001590-ara1	['completed']	[]
0303Nasai.Jumca.JK010206-ara2	[]	[]
0303Nasai.Jumca.Shamela0021577-ara1	['completed']	[]
0303Nasai.MiatHadithSaqitaMinSunanKubra.Shamela0008623-ara1	[]	[]
0303Nasai.FadailQuran.JK001079-ara1	[]	[]
0303Nasai.FadailQuran.Shamela0005507-ara1	[]	[]
0303Nasai.DhikrMudallisin.Shamela0025868-ara1	['mARkdwon']	[]
0303Nasai.DhikrMudallisin.JK010902-ara1	[]	[]
0303Nasai.TasmiyaFuqaha.JK000827-ara1	[]	[]
0303Nasai.TasmiyaFuqaha.PV0001-ara2	['completed']	[]
0303Nasai.TasmiyaFuqaha.Shamela0005820-ara1	[]	[]
0303Nasai.NucutAsmaWaSifat.JK001202-ara1	['completed']	[]
0303Nasai.NucutAsmaWaSifat.Shamela0006434-ara1	[]	[]
0303Nasai.SunanSughra.Shamela0000829-ara1	[]	[]
0303Nasai.SunanSughra.JK000130-ara1	['completed']	[]
0303Nasai.TasmiyaManLamYarwi.JK011235-ara1	[]	[]
0303Nasai.TasmiyaManLamYarwi.JK000510-ara2	[]	[]
0303Nasai.TasmiyaManLamYarwi.Shamela0005839-ara2	['completed']	[]
0303Nasai.TasmiyaManLamYarwi.Shamela0006004-ara3	[]	[]
0303Nasai.TasmiyaManLamYarwi.Shia001971-ara3	[]	[]
0303Nasai.TasmiyaManLamYarwi.Shia003077-ara1	['completed']	[]
0303Nasai.TasmiyaManLamYarwi.JK000697-ara3	[]	[]
0303Nasai.DucafaWaMatrukin.JK000509-ara1	['mARkdwon']	[]
0303Nasai.DucafaWaMatrukin.Shia003076-ara1	['completed']	[]
0303Nasai.DucafaWaMatrukin.Shamela0010805-ara2	[]	[]
0303Nasai.Wafat.Shia001973-ara1	[]	[]
0303Nasai.Wafat.JK000723-ara1	['completed']	[]
0303Nasai.Wafat.Shamela0022643-ara1	[]	[]
0303Nasai.Sunan.Shia001740Vols-ara1	[]	[]
0303Nasai.KhasaisAmirMumininCali.Shamela0005645-ara1	[]	[]
0303Nasai.KhasaisAmirMumininCali.Shia001970-ara2	[]	[]
0303Nasai.KhasaisAmirMumininCali.JK000669-ara1	['completed']	[]
0303Nasai.Ighrab.Shamela0026871-ara1	['completed']	[]
0303Nasai.MajlisanMinImla.Shia001974-ara1	[]	[]
0303Nasai.MajlisanMinImla.Shamela0005705-ara1	[]	[]
0303Nasai.MajlisanMinImla.JK000703-ara1	['completed']	[]
0303Nasai.MajlisanMinImla.Shamela0008225-ara1	[]	[]
0303Nasai.Tabaqat.JK000831-ara1	['completed']	[]
0303Nasai.Tabaqat.Shamela0005885-ara1	[]	[]
0303Nasai.FadailSahaba.JK000747-ara1	['mARkdwon']	[]
0303Nasai.FadailSahaba.Shamela0006601-ara1	[]	[]
0303Nasai.FadailSahaba.Shia001748-ara1	[]	[]
0303Nasai.SunanKubra.JK000475-ara1	['completed']	[]
0303Nasai.SunanKubra.Shamela0008361-ara1	[]	[]
0303Nasai.SunanKubra.Shia001964Vols-ara1	[]	[]
0303Nasai.MajmucatRasail.JK000836-ara1	[]	[]
0303Nasai.CamalYawmWaLayla.JK000735-ara1	[]	[]
0303Nasai.CamalYawmWaLayla.Shamela0006772-ara1	[]	[]
0303Nasai.TasmiyatMashayikh.JK009386-ara1	[]	[]
0303Nasai.TasmiyatMashayikh.Shamela0025946-ara1	['mARkdwon']	[]
0310IbnCaliMadaini.Fawaid.Shamela0029713-ara1	[]	[]
0318IbnMuhammadHashimi.Amali.Shamela0029852-ara1	[]	[]
0318IbnMuhammadHashimi.MusnadIbnAbiAwfa.Shamela0013154-ara1	[]	[]
0318IbnMuhammadHashimi.MusnadIbnAbiAwfa.Shia002002-ara1	[]	[]
0318IbnMuhammadHashimi.MusnadIbnAbiAwfa.JK000594-ara1	[]	[]
0318IbnAhmadZubayri.SharhImanWaIslam.JK009383-ara1	[]	[]
0322AbuJacfarCuqayli.DucafaKabir.Shamela0013041-ara1	['completed']	[]
0322AbuJacfarCuqayli.DucafaKabir.JK000524-ara1	[]	[]
0322AbuJacfarCuqayli.DucafaKabir.Shia003078Vols-ara1	[]	[]
0305AbuCuthmanDimashqi.TupiqaLiAristutalis.GRAR000029-ara1	[]	[]
0305AbuCuthmanDimashqi.MaqalatAfrudisiFiIstitaca.GRAR000003-ara1	[]	[]
0305AbuCuthmanDimashqi.MaqalatAfrudisiFiLawn.GRAR000002-ara1	[]	[]
0305AbuCuthmanDimashqi.MaqalatAfrudisiFiAshyaCammiyya.GRAR000008-ara1	[]	[]
0305AbuCuthmanDimashqi.MadkhalFurfuriyus.GRAR000062-ara1	['completed']	[]
0305AbuCuthmanDimashqi.MadkhalFurfuriyus.GRAR000063-ara1	[]	[]
0305AbuCuthmanDimashqi.BabusFiAczam.GRAR000098-ara1	[]	[]
0310IbnAbiDawudSijistani.Masahif.JK009180-ara1	[]	[]
0310IbnAbiDawudSijistani.Masahif.Shamela0013067-ara1	[]	[]
0316MuhammadMurtada.Fiqh.Zaydiyya0000219-ara1	[]	[]
0316MuhammadMurtada.Manahi.Zaydiyya0000271-ara1	[]	[]
0317IbnJabirBattani.Zij.JK010452-ara1	[]	[]
0317IbnJabirBattani.Zij.Shamela0000452-ara1	[]	[]
0307AbuYaclaMawsili.Mafarid.Shia001975-ara1	[]	[]
0307AbuYaclaMawsili.Mafarid.Shamela0013069-ara1	[]	[]
0307AbuYaclaMawsili.Mafarid.JK000639-ara1	[]	[]
0307AbuYaclaMawsili.Mucjam.Shamela0013175-ara1	[]	[]
0307AbuYaclaMawsili.Mucjam.JK000691-ara1	[]	[]
0307AbuYaclaMawsili.Musnad.Shamela0012520-ara1	[]	[]
0307AbuYaclaMawsili.Musnad.Shia001976Vols-ara1	[]	[]
0307AbuYaclaMawsili.Musnad.JK000485-ara1	[]	[]
0307AbuYaclaMawsili.HadithIbnBashshar.Shamela0026576-ara1	[]	[]
0304IbnMuzarrac.Amali.JK010651-ara1	[]	[]
0304IbnMuzarrac.Amali.Shamela0000651-ara1	[]	[]
0317IbnCammarShahid.CilalAhadith.Shamela0006049-ara1	[]	[]
0317IbnCammarShahid.CilalAhadith.JK001029-ara1	[]	[]
0313IbnIshaqSarraj.Musnad.Shamela0001383-ara1	[]	[]
0313IbnIshaqSarraj.Musnad.JK009385-ara1	[]	[]
0313IbnIshaqSarraj.Musnad.Shamela0026668-ara1	[]	[]
0313IbnIshaqSarraj.Baytuta.JK011321-ara1	[]	[]
0313IbnIshaqSarraj.Baytuta.Shamela0008252-ara1	[]	[]
0324Ashcari.Ibana.JK000342-ara1	[]	[]
0324Ashcari.Ibana.Shamela0008178-ara1	[]	[]
0324Ashcari.MaqalatIslamiyyin.Shamela0037614-ara1	['inProgress', 'no-ext']	['inProgress']
0324Ashcari.MaqalatIslamiyyin.JK000336-ara1	['inProgress', 'no-ext']	['inProgress']
0324Ashcari.MaqalatIslamiyyin.Shamela0004137-ara1	[]	[]
0324Ashcari.RisalaIlaAhlThughr.Shamela0011214-ara1	[]	[]
0324Ashcari.RisalaIlaAhlThughr.JK001256-ara1	[]	[]
0311IbnFilBalisi.Juz.Shamela0026741-ara1	[]	[]
0302QasimCawfi.DalailFiGharibHadith.Shamela0009654-ara1	[]	[]
0305IbnZakariyaMutarriz.Fawaid.Shamela0009563-ara1	[]	[]
0325IbnIshaqWashsha.Muwashsha.JK010551-ara1	[]	[]
0325IbnIshaqWashsha.Muwashsha.Shamela0026102-ara1	['completed']	[]
0320Israili.AghdhiyaWaAdwiya.Shia004668-ara1	[]	[]
0315AkhfashAsghar.Ikhtiyarayn.Shamela0000136-ara1	[]	[]
0310CabdAllahIbnHusaynRassi.NasikhWaMansukh.Zaydiyya0000027-ara1	[]	[]
0307IbnHarunRuyani.Musnad.JK000653-ara1	[]	[]
0307IbnHarunRuyani.Musnad.Shamela0013161-ara1	[]	[]
0322KatibBaghdadi.TarikhAimma.Shia001275-ara1	[]	[]
0311IbnKhuzaumaNaysaburi.Tawhid.JK009159-ara1	[]	[]
0311IbnKhuzaumaNaysaburi.Tawhid.Shamela0013011-ara1	[]	[]
0311IbnKhuzaumaNaysaburi.Sahih.Shamela0001446-ara1	[]	[]
0311IbnKhuzaumaNaysaburi.Sahih.Shamela0121382-ara1	[]	[]
0311IbnKhuzaumaNaysaburi.Sahih.JK000132-ara1	[]	[]
0311IbnKhuzaumaNaysaburi.Sahih.Shia001993Vols-ara1	[]	[]
0311IbnKhuzaumaNaysaburi.Fawaid.Shamela0026680-ara1	[]	[]
0317AbuQasimBaghawi.JuzThalathaWaThalathina.Shia002000-ara1	[]	[]
0317AbuQasimBaghawi.JuzThalathaWaThalathina.Shamela0013101-ara1	[]	[]
0317AbuQasimBaghawi.JuzThalathaWaThalathina.JK000847-ara1	[]	[]
0317AbuQasimBaghawi.MusnadUsama.Shia002001-ara1	[]	[]
0317AbuQasimBaghawi.MusnadUsama.JK000645-ara1	[]	[]
0317AbuQasimBaghawi.MusnadUsama.Shamela0013158-ara1	[]	[]
0317AbuQasimBaghawi.MucjamSahaba.Shamela0023100-ara1	['completed']	[]
0317AbuQasimBaghawi.AhadithTalut.Shamela0026341-ara1	[]	[]
0317AbuQasimBaghawi.HikayatShucba.Shamela0029715-ara1	[]	[]
0317AbuQasimBaghawi.TarikhWafatShuyukh.Shamela0027106-ara1	['completed']	[]
0317AbuQasimBaghawi.MusnadCuthman.Shamela0009922-ara1	[]	[]
0317AbuQasimBaghawi.JuzFiMasailIbnHanbal.Shamela0012853-ara1	[]	[]
0317AbuQasimBaghawi.JuzFiMasailIbnHanbal.JK001106-ara1	[]	[]
0317AbuQasimBaghawi.HadithMuscab.JK007048-ara1	[]	[]
0317AbuQasimBaghawi.HadithMuscab.Shamela0005733-ara1	[]	[]
0310Nawbakhti.FiraqShica.JK001232-ara1	[]	[]
0322IbnAbiCawn.Tashbihat.Shamela0000734-ara1	[]	[]
0322IbnAbiCawn.Tashbihat.JK010734-ara1	[]	[]
0132HammamIbnMunabbih.Sahifa.JK000489-ara1	[]	[]
0132HammamIbnMunabbih.Sahifa.Shia001878-ara2	[]	[]
0132HammamIbnMunabbih.Sahifa.Shamela0007776-ara1	[]	[]
0150MuqatilIbnSulayman.TafsirMuqatil.JK007096-ara1	[]	[]
0150MuqatilIbnSulayman.TafsirMuqatil.Shamela0023614-ara2	[]	[]
0150MuqatilIbnSulayman.TafsirMuqatil.Shia002459Vols-ara1	[]	[]
0142IbnMuqaffac.AdabKabir.JK009203-ara1	[]	[]
0142IbnMuqaffac.AdabSaghir.Shamela0037540-ara1	[]	[]
0142IbnMuqaffac.KalilaWaDimna.Shamela0026537-ara1	[]	[]
0142IbnMuqaffac.AdabSaghirWaKabir.Shamela0007528-ara1	[]	[]
0148AbuHamzaThumali.Tafsir.Shia002333-ara1	[]	[]
0128IbnAbiHabibMisri.AhadithYazid.Shamela0030310-ara1	[]	[]
0146MajacaIbnZubayr.MinHadith.Shamela0026745-ara1	[]	[]
0130CurwaIbnCudhayna.Diwan.JK007554-ara1	[]	[]
0131ZubayrHamdani.NuskhatZubayr.Shamela0029699-ara1	[]	[]
0150AbuHanifa.Musnad.Shamela0029120-ara1	[]	[]
0150AbuHanifa.FiqhAbsat.JK006837-ara1	[]	[]
0150AbuHanifa.FiqhAbsat.Shamela0006387-ara1	['completed']	[]
0150AbuHanifa.FiqhAkbar.JK001085-ara1	['completed']	[]
0150AbuHanifa.FiqhAkbar.Shamela0006388-ara1	[]	[]
0148JacfarSadiq.MisbahSharica.Shia001266-ara1	[]	[]
0126KumaytIbnZaydAsadi.Rawda.Shia003659-ara1	[]	[]
0141MusaIbnCuqba.AhadithMinMaghazi.Shamela0001342-ara1	[]	[]
0150IbnJurayj.Juz.JK011476-ara1	[]	[]
0145MufaddalIbnCumarJucfi.Tawhid.Shia001267-ara1	[]	[]
0145MufaddalIbnCumarJucfi.Tawhid.Zaydiyya0000117-ara1	[]	[]
0130IbnBashirKhariji.Diwan.JK007627-ara1	[]	[]
0261Muslim.Munfaridat.Shamela0005837-ara1	[]	[]
0261Muslim.Munfaridat.JK000512-ara1	['completed']	[]
0261Muslim.Munfaridat.Shia001925-ara1	[]	[]
0261Muslim.Sahih.JK000109-ara1	[]	[]
0261Muslim.Sahih.Shamela0001727-ara1	[]	[]
0261Muslim.Sahih.Shia001723Vols-ara1	[]	[]
0261Muslim.KunaWaAsma.Shamela0007340-ara1	['completed']	[]
0261Muslim.KunaWaAsma.JK000826-ara1	[]	[]
0261Muslim.Tamyiz.JK000741-ara1	[]	[]
0261Muslim.Tamyiz.Shamela0006048-ara1	[]	[]
0273IbnMaja.Sunan.Shamela0001198-ara1	[]	[]
0273IbnMaja.Sunan.JK000141-ara1	[]	[]
0273IbnMaja.Sunan.Shamela0098138-ara1	[]	[]
0273IbnMaja.Sunan.Shia001731Vols-ara1	[]	[]
0267IbnCabdAllahTarqufi.Hadith.Shamela0030432-ara1	[]	[]
0265IbnHarbMawsili.HadithSyfyanIbnCuyayna.Shamela0029708-ara1	[]	[]
0255IbnAhmadQurtubi.Hajj.Shamela0026923-ara1	[]	[]
0251IbnZanjawayh.Amwal.JK011302-ara1	[]	[]
0251IbnZanjawayh.Amwal.Shamela0000338-ara1	[]	[]
0275IbnMuhammadMarwazi.Warac.JK001283-ara1	[]	[]
0275IbnMuhammadMarwazi.AkhbarShuyukh.Shamela0009356-ara1	[]	[]
0261AbuHasanCijli.MacrifatThiqat.Shamela0005825-ara1	[]	[]
0261AbuHasanCijli.MacrifatThiqat.Shamela0009170-ara1	['completed']	[]
0261AbuHasanCijli.MacrifatThiqat.JK000497-ara1	['completed']	[]
0261AbuHasanCijli.MacrifatThiqat.Shia003072Vols-ara1	[]	[]
0270IbnCabdAllahKhutali.MahabbaLiLlah.Shamela0026872-ara1	[]	[]
0272IbnIshaqFakihi.HadithFakihi.JK011497-ara1	[]	[]
0257IbnAhmadMihzami.AkhbarAbiNuwas.Shamela0005369-ara1	[]	[]
0264IbnYahyaMuzani.SharhSunna.Shamela0006484-ara1	[]	[]
0264IbnYahyaMuzani.SharhSunna.JK001225-ara1	[]	[]
0264IbnYahyaMuzani.Mukhtasar.Shia000828-ara1	[]	[]
0264IbnYahyaMuzani.Mukhtasar.JK001504-ara1	[]	[]
0264IbnYahyaMuzani.Mukhtasar.Shamela0001661-ara1	[]	[]
0264IbnYahyaMuzani.SunanMathura.Shamela0013033-ara1	[]	[]
0275AbuHawariAcma.Diraya.ShamIbadiyya0000441-ara1	[]	[]
0275Ustath.TibacHayawanLiAristutalis.GRAR000021-ara1	[]	[]
0272Fakihi.AkhbarMakka.JK000934-ara1	[]	[]
0272Fakihi.AkhbarMakka.Shamela0022579-ara1	['mARkdwon']	[]
0275AnonTranslator.HayatFithaghuras.GRAR000061-ara1	[]	[]
0262IbnMatarWasiti.Hadith.Shamela0029709-ara1	[]	[]
0262YacqubIbnShayba.MusnadCumarIbnKhattab.Shamela0013172-ara1	[]	[]
0262YacqubIbnShayba.MusnadCumarIbnKhattab.JK000713-ara1	[]	[]
0258AhmadIbnFurat.JuzCawali.Shamela0026716-ara1	[]	[]
0258AhmadIbnFurat.JuzAhadith.Shamela0026504-ara1	[]	[]
0257IbnCabdHakam.FutuhMisr.Shia003460-ara1	[]	[]
0257IbnCabdHakam.FutuhMisr.Shamela0011404-ara1	['completed']	[]
0257IbnCabdHakam.FutuhMisr.JK001049-ara1	[]	[]
0260IbnShadhanAzdi.Idah.Shia001269-ara1	[]	[]
0260IbnSahlTabari.FirdawsHikmaFiTibb.Shia004667-ara1	[]	[]
0258IbnYahyaNaysaburi.Juz.Shamela0030368-ara1	[]	[]
0258IbnYahyaNaysaburi.Juz.Shamela0021684-ara1	[]	[]
0251IbnMansurKawsaj.Masail.Shamela0003125-ara1	[]	[]
0251IbnMansurKawsaj.Masail.JK009171-ara1	[]	[]
0257IbnCarafaCabdi.Juz.Shamela0009313-ara1	[]	[]
0267HammadIbnIshaq.TarikatNabi.Shia001927-ara1	[]	[]
0267HammadIbnIshaq.TarikatNabi.JK000640-ara1	[]	[]
0267HammadIbnIshaq.TarikatNabi.Shamela0022657-ara1	[]	[]
0259HunaynIbnIshaq.JalinusFiCamalTashrih.GRAR000080-ara1	[]	[]
0259HunaynIbnIshaq.JalinusFiCamalTashrih.GRAR000081-ara1	[]	[]
0259HunaynIbnIshaq.AbuqratFiAmradBiladiyya.GRAR000087-ara1	[]	[]
0259HunaynIbnIshaq.AbuqratFiTadbirAsihha.GRAR000096-ara1	[]	[]
0259HunaynIbnIshaq.JalinusFiUstuqussat.GRAR000041-ara1	[]	[]
0259HunaynIbnIshaq.JalinusFiTadbirAmradHadda.GRAR000070-ara1	[]	[]
0259HunaynIbnIshaq.AhwiyaLiAbuqrat.GRAR000088-ara1	[]	[]
0259HunaynIbnIshaq.AbuqratFiTadbirAmrad.GRAR000090-ara1	[]	[]
0259HunaynIbnIshaq.JalinusFiAsbabMasika.GRAR000047-ara1	[]	[]
0259HunaynIbnIshaq.JalinusFiMawludLiSabcaAshhur.GRAR000084-ara1	['completed']	[]
0259HunaynIbnIshaq.JalinusFiNabd.GRAR000042-ara1	[]	[]
0259HunaynIbnIshaq.FusulAbuqrat.GRAR000052-ara1	[]	[]
0259HunaynIbnIshaq.TaqdimatMacrifaLiAbuqrat.GRAR000053-ara1	[]	[]
0259HunaynIbnIshaq.JalinusFiMihnatAfdalAtibba.GRAR000083-ara1	['completed']	[]
0259HunaynIbnIshaq.AbuqratFiTabicatInsan.GRAR000093-ara1	[]	[]
0259HunaynIbnIshaq.JalinusFiTabibFaylusuf.GRAR000043-ara1	[]	[]
0259HunaynIbnIshaq.RisalaFiMaTurjima.GRAR000054-ara1	[]	[]
0259HunaynIbnIshaq.JalinusFiFiraqTibb.GRAR000099-ara1	[]	[]
0259HunaynIbnIshaq.SharhJalinusLiIfidhimiya.GRAR000086-ara1	[]	[]
0259HunaynIbnIshaq.SharhJalinusLiIfidhimiya.GRAR000085-ara1	[]	[]
0259HunaynIbnIshaq.AbuqratFiHablCalaHabl.GRAR000097-ara1	[]	[]
0259HunaynIbnIshaq.SinacaSaghiraLiJalinus.GRAR000038-ara1	[]	[]
0273AbuUmayyaTarsusi.MusnadAbiUmayya.Shamela0029711-ara1	[]	[]
0273AbuUmayyaTarsusi.MusnadCabdAllahIbnCumar.Shamela0013169-ara1	[]	[]
0273AbuUmayyaTarsusi.MusnadCabdAllahIbnCumar.JK000774-ara1	[]	[]
0256Bukhari.TakhrijAhadithMarfuca.Shamela0008223-ara1	[]	[]
0256Bukhari.DacifAdabMufrad.Shamela0001346-ara1	[]	[]
0256Bukhari.Sahih.JK000110-ara1	['completed']	[]
0256Bukhari.Sahih.Shamela0001681-ara1	[]	[]
0256Bukhari.Sahih.Shia001715Vols-ara1	[]	[]
0256Bukhari.QuratCaynanyn.Shamela0001613-ara1	[]	[]
0256Bukhari.QuratCaynanyn.JK000472-ara1	[]	[]
0256Bukhari.SahihAdabMufrad.Shamela0001341-ara1	[]	[]
0256Bukhari.QiraaKhalfaImam.JK011410-ara1	[]	[]
0256Bukhari.QiraaKhalfaImam.Shamela0008218-ara1	[]	[]
0256Bukhari.AdabMufrad.Shamela0009647-ara1	[]	[]
0256Bukhari.AdabMufrad.Shamela0012991-ara1	[]	[]
0256Bukhari.AdabMufrad.Shia001922-ara1	[]	[]
0256Bukhari.AdabMufrad.JK000011-ara1	[]	[]
0256Bukhari.TarikhSaghir.JK000531-ara1	[]	[]
0256Bukhari.TarikhSaghir.Shamela0005782-ara1	[]	[]
0256Bukhari.TarikhSaghir.Shia003060Vols-ara1	['completed']	[]
0256Bukhari.TarikhKabir.Shia003062Vols-ara1	[]	[]
0256Bukhari.TarikhKabir.Shamela0000956-ara1	['no-ext', 'completed']	['no-ext']
0256Bukhari.TarikhKabir.JK000518-ara1	[]	[]
0256Bukhari.TarikhKabir.JK000133-ara1	[]	[]
0256Bukhari.TarikhKabir.Shamela0012823-ara1	[]	[]
0256Bukhari.TarikhKabir.Shia003071-ara1	[]	[]
0256Bukhari.DucafaSaghir.Shamela0010542-ara1	[]	[]
0256Bukhari.DucafaSaghir.JK000507-ara1	[]	[]
0256Bukhari.DucafaSaghir.Shia003070-ara1	['completed']	[]
0256Bukhari.KhalqAfcal.JK000546-ara1	[]	[]
0256Bukhari.KhalqAfcal.Shamela0009697-ara1	[]	[]
0256Bukhari.KhalqAfcal.Shia001923-ara1	[]	[]
0256Bukhari.Ducafa.Shamela0008632-ara1	['completed']	[]
0256ZubayrIbnBakkar.JamharatNasabQuraysh.Shamela0026525-ara1	['completed']	[]
0256ZubayrIbnBakkar.JamharatNasabQuraysh.JK010495-ara1	[]	[]
0256ZubayrIbnBakkar.AkhbarMuwaffaqiyat.Shamela0028453-ara1	['completed']	[]
0256ZubayrIbnBakkar.Muntakhab.Shamela0006599-ara1	[]	[]
0256ZubayrIbnBakkar.Muntakhab.JK000668-ara1	['completed']	[]
0257IbnSacidKufi.Juz.Shamela0026353-ara1	[]	[]
0265SalihIbnHanbal.SiratImam.Shamela0006655-ara1	[]	[]
0265SalihIbnHanbal.SiratImam.JK001102-ara1	[]	[]
0254MuammalIbnIhab.JuzMuammal.JK000606-ara1	[]	[]
0254MuammalIbnIhab.JuzMuammal.Shamela0013102-ara1	[]	[]
0254MuammalIbnIhab.JuzMuammal.Shia001921-ara1	[]	[]
0275ThayadurusIbnBasil.AnulutiqaUla.GRAR000014-ara1	[]	[]
0273HanbalIbnIshaqShaybani.Fitan.JK001081-ara1	[]	[]
0273HanbalIbnIshaqShaybani.Fitan.Shamela0013046-ara1	[]	[]
0273HanbalIbnIshaqShaybani.JuzHanbal.Shamela0013104-ara1	[]	[]
0260AbuCaliZacfarani.MusnadBilal.JK000619-ara1	[]	[]
0260AbuCaliZacfarani.MusnadBilal.Shia001924-ara1	[]	[]
0260AbuCaliZacfarani.MusnadBilal.Shamela0013165-ara1	[]	[]
0271IbnSinanQazzaz.JuzMinHadith.Shamela0009399-ara1	[]	[]
0273IbnMuhammadAthram.Sunan.Shamela0026550-ara1	[]	[]
0273IbnMuhammadAthram.NasikhHadith.Shamela0026664-ara1	[]	[]
0265IbnNasrThaqafi.JuzSacdan.Shamela0026816-ara1	[]	[]
0275LawwabIbnSallam.BidIslam.ShamIbadiyya0000099-ara1	[]	[]
0255CabdAllahDarimi.Sunan.Shamela0021795-ara1	[]	[]
0255CabdAllahDarimi.Sunan.Shia001713Vols-ara1	[]	[]
0255CabdAllahDarimi.Sunan.JK000842-ara1	[]	[]
0272IbnCassamIsbahani.JuzIbnCassam.Shamela0009051-ara1	[]	[]
0272IbnCassamIsbahani.JuzIbnCassam.JK000828-ara1	[]	[]
0255Jahiz.Cuthmaniya.Shia003459-ara1	['completed']	[]
0255Jahiz.Cuthmaniya.Shamela0096338-ara1	[]	[]
0255Jahiz.TajFiAkhlaq.JK010587-ara1	[]	[]
0255Jahiz.TajFiAkhlaq.Shamela0022623-ara1	['completed']	[]
0255Jahiz.Bukhala.JK009201-ara1	[]	[]
0255Jahiz.Bukhala.JK007061-ara1	[]	[]
0255Jahiz.Bukhala.Shamela0010501-ara1	['completed']	[]
0255Jahiz.Bighal.JK010609-ara1	[]	[]
0255Jahiz.Bighal.Shamela0010506-ara1	['completed']	[]
0255Jahiz.TabsiraBiTijara.JK009177-ara1	[]	[]
0255Jahiz.TabsiraBiTijara.Shamela0006956-ara1	['completed']	[]
0255Jahiz.BursanWaCurjan.Shamela0010538-ara1	['completed']	[]
0255Jahiz.BursanWaCurjan.JK010538-ara1	[]	[]
0255Jahiz.AmilWaMamul.Shamela0000594-ara1	[]	[]
0255Jahiz.AmilWaMamul.JK010594-ara1	[]	[]
0255Jahiz.MukhtarFiRaddCalaNasara.Shamela0037716-ara1	['completed']	[]
0255Jahiz.MahasinWaAddad.JK009364-ara1	['completed']	[]
0255Jahiz.MahasinWaAddad.Shamela0010511-ara1	[]	[]
0255Jahiz.Hayawan.Shamela0023775-ara1	['no-ext', 'completed']	['no-ext']
0255Jahiz.Hayawan.JK007068-ara1	[]	[]
0255Jahiz.Rasail.Shamela0010670-ara1	['completed']	[]
0255Jahiz.Rasail.Shamela0010709-ara1	['completed']	[]
0255Jahiz.Rasail.Shamela0010428-ara1	['completed']	[]
0255Jahiz.BayanWaTabyin.Shamela0010614-ara1	['completed']	[]
0255Jahiz.BayanWaTabyin.Zaydiyya0000478-ara1	[]	[]
0255Jahiz.BayanWaTabyin.JK001009-ara1	[]	[]
0262AbuZaydNumayri.TarikhMadina.Shia003461Vols-ara1	['completed']	[]
0262AbuZaydNumayri.TarikhMadina.Shamela0013086-ara1	[]	[]
0262AbuZaydNumayri.TarikhMadina.JK003505-ara1	[]	[]
0270IbnCaffanKufi.AmaliWaQiraa.Shamela0012998-ara1	[]	[]
0270IbnCaffanKufi.AmaliWaQiraa.JK000588-ara1	[]	[]
0262IbnCasimIsbahani.Juz.Shia001926-ara1	[]	[]
0262IbnCasimIsbahani.Juz.JK000593-ara1	[]	[]
0262IbnCasimIsbahani.Juz.Shamela0009314-ara1	[]	[]
0275IstifanIbnBasil.AqwalMinandar.GRAR000072-ara1	[]	[]
0275AbuDawudSijistani.MasailImamAhmad.Shamela0021487-ara1	[]	[]
0275AbuDawudSijistani.Sunan.Shamela0117359-ara1	[]	[]
0275AbuDawudSijistani.Sunan.Shia001733Vols-ara1	[]	[]
0275AbuDawudSijistani.Sunan.Shamela0001726-ara1	[]	[]
0275AbuDawudSijistani.Sunan.JK000142-ara1	[]	[]
0275AbuDawudSijistani.Marasil.Shamela0013063-ara1	[]	[]
0275AbuDawudSijistani.Marasil.JK000766-ara1	[]	[]
0275AbuDawudSijistani.RisalaIlaAhlMakka.JK000751-ara1	[]	[]
0275AbuDawudSijistani.RisalaIlaAhlMakka.Shamela0006013-ara1	[]	[]
0275AbuDawudSijistani.RisalaIlaAhlMakka.Shia001928-ara1	[]	[]
0275AbuDawudSijistani.Sualat.Shamela0011236-ara1	[]	[]
0275AbuDawudSijistani.Sualat.Shia001929Vols-ara1	[]	[]
0275AbuDawudSijistani.Sualat.JK000528-ara1	[]	[]
0275AbuDawudSijistani.Zuhd.JK011358-ara1	[]	[]
0275AbuDawudSijistani.Zuhd.Shamela0008215-ara1	[]	[]
0259IbnYacqubJuzjani.AmmaratNubuwwa.Shamela0004096-ara1	[]	[]
0259IbnYacqubJuzjani.AhwalRijal.Shamela0025803-ara1	['completed']	[]
0259IbnYacqubJuzjani.AhwalRijal.JK000664-ara1	[]	[]
0274AhmadBarqi.Mahasin.Shia001115Vols-ara1	[]	[]
0275IbnMulacibMakhzumi.Hadith.Shamela0030528-ara1	[]	[]
0260ImamCaskari.Tafsir.Shia002334-ara1	[]	[]
0623IbnCabWahidBukhariMuqaddasi.MajmucTakhrij.Shamela0029768-ara1	[]	[]
0623IbnCabWahidBukhariMuqaddasi.MajmucTakhrij.Shamela0030055-ara1	[]	[]
0623IbnCabWahidBukhariMuqaddasi.FadlJihad.Shamela0027096-ara1	[]	[]
0605IbnAscadMuradi.Muhadhdhab.Zaydiyya0000071-ara1	[]	[]
0606IbnMamati.LataifDhakhira.Shamela0005392-ara1	['completed']	[]
0611SharafDinMuqaddasi.ArbacunaFiFadlDuca.Shamela0029639-ara1	[]	[]
0611SharafDinMuqaddasi.Arbacin.Shamela0026726-ara1	['completed']	[]
0625BahaDinAkwac.AkhbarArbacin.Zaydiyya0000383-ara1	[]	[]
0606IbnAthirMajdDin.MucjamJamic.Shamela0025800-ara1	[]	[]
0606IbnAthirMajdDin.MucjamJamic.JK009336-ara1	[]	[]
0606IbnAthirMajdDin.NihayaFiGharib.Shia003923Vols-ara1	[]	[]
0606IbnAthirMajdDin.NihayaFiGharib.JK000124-ara1	[]	[]
0606IbnAthirMajdDin.NihayaFiGharib.Shamela0023691-ara1	[]	[]
0616MuhibbDinCukbari.IcrabLamiyatShanfara.Shamela0006998-ara1	[]	[]
0616MuhibbDinCukbari.IcrabLamiyatShanfara.JK001129-ara1	[]	[]
0616MuhibbDinCukbari.SharhDiwanMutanabbi.JK006914-ara1	[]	[]
0616MuhibbDinCukbari.SharhDiwanMutanabbi.Shamela0006908-ara1	[]	[]
0616MuhibbDinCukbari.Imla.Shia002372Vols-ara1	[]	[]
0616MuhibbDinCukbari.Imla.JK001022-ara1	[]	[]
0616MuhibbDinCukbari.IcrabMaYushkil.JK007033-ara1	[]	[]
0616MuhibbDinCukbari.IcrabMaYushkil.Shamela0007001-ara1	[]	[]
0616MuhibbDinCukbari.MasailKhilafiyya.Shamela0006996-ara1	[]	[]
0616MuhibbDinCukbari.MasailKhilafiyya.JK001183-ara1	[]	[]
0616MuhibbDinCukbari.Lubab.JK001423-ara1	[]	[]
0616MuhibbDinCukbari.Lubab.Shamela0006986-ara1	[]	[]
0616MuhibbDinCukbari.TibyanFiIcrabQuran.JK001420-ara1	[]	[]
0616MuhibbDinCukbari.TibyanFiIcrabQuran.Shamela0022928-ara1	[]	[]
0609AbuCabbasJarrawi.HamasaMaghribiyya.Shamela0006902-ara1	[]	[]
0609AbuCabbasJarrawi.HamasaMaghribiyya.JK006908-ara1	[]	[]
0624IbnIbrahimBahaDinMuqaddasi.CuddaSharhCumda.Shamela0010908-ara1	[]	[]
0624IbnIbrahimBahaDinMuqaddasi.HadithCisaIbnMaryam.Shamela0011492-ara1	[]	[]
0610MuhammadIbnMashhadi.Mazar.Shia001357-ara1	[]	[]
0614MansurCabdAllah.Majmuc.Zaydiyya0000147-ara2	[]	[]
0614MansurCabdAllah.Majmuc.Zaydiyya0000077Vols-ara1	[]	[]
0614MansurCabdAllah.SafwatIkhtiyar.Zaydiyya0000372-ara1	[]	[]
0614MansurCabdAllah.SafwatIkhtiyar.Zaydiyya0000005-ara1	[]	[]
0614MansurCabdAllah.SharhRisalaNasiha.Zaydiyya0000144-ara1	[]	[]
0614MansurCabdAllah.ZubadAdilla.Zaydiyya0000136-ara1	[]	[]
0614MansurCabdAllah.CiqdThamin.Zaydiyya0000349-ara1	[]	[]
0617MansurIbnShahanshah.MidmarHaqaiq.Shamela0006708-ara1	['completed']	[]
0617MansurIbnShahanshah.MidmarHaqaiq.JK001145-ara1	[]	[]
0618IbnCabdRahmanMuqriWasiti.ArbacinaFiJihad.Shamela0009374-ara1	[]	[]
0618IbnCabdRahmanMuqriWasiti.ArbacinaFiJihad.JK000662-ara1	[]	[]
0618IbnCabdRahmanMuqriWasiti.ArbacinaFiJihad.Shia002182-ara1	[]	[]
0622IbnBadrDiyaDinMawsili.MughniCanHifzWaKitab.JK005016-ara1	[]	[]
0622IbnBadrDiyaDinMawsili.MughniCanHifzWaKitab.Shamela0006065-ara1	[]	[]
0607IbnMuhammadBaghdadiDarqazzi.Ahadith.Shamela0009354-ara1	[]	[]
0607IbnMuhammadBaghdadiDarqazzi.Juz.Shamela0030037-ara1	[]	[]
0608IbnJacfarKatib.DarTiraz.Shamela0023119-ara1	[]	[]
0608IbnJacfarKatib.DarTiraz.JK010570-ara1	[]	[]
0608IbnCutyaQudaciTurtushi.TahrirMaqal.Shamela0022712-ara1	[]	[]
0617RadiDinTusi.Arbacuna.Shamela0026490-ara1	[]	[]
0620IbnQudamaMaqdisi.MutahabbinFiLlah.Shamela0006763-ara1	[]	[]
0620IbnQudamaMaqdisi.MutahabbinFiLlah.JK000671-ara1	[]	[]
0620IbnQudamaMaqdisi.RisalaFiQuran.Shamela0011218-ara1	[]	[]
0620IbnQudamaMaqdisi.TahrimNazar.JK000941-ara1	[]	[]
0620IbnQudamaMaqdisi.TahrimNazar.Shamela0006467-ara1	[]	[]
0620IbnQudamaMaqdisi.DhammTawil.JK000335-ara1	[]	[]
0620IbnQudamaMaqdisi.DhammTawil.Shamela0006425-ara1	[]	[]
0620IbnQudamaMaqdisi.RiqqaWaBuka.Shamela0009384-ara1	[]	[]
0620IbnQudamaMaqdisi.BulghatTalibHathith.Shamela0011417-ara1	[]	[]
0620IbnQudamaMaqdisi.KafiFiFiqh.Shamela0021731-ara1	[]	[]
0620IbnQudamaMaqdisi.KafiFiFiqh.JK000254-ara1	[]	[]
0620IbnQudamaMaqdisi.CumdatFiqh.Shamela0011315-ara1	[]	[]
0620IbnQudamaMaqdisi.CumdatFiqh.JK000287-ara1	[]	[]
0620IbnQudamaMaqdisi.LumcatIctiqad.JK000352-ara1	[]	[]
0620IbnQudamaMaqdisi.LumcatIctiqad.Shamela0030855-ara1	[]	[]
0620IbnQudamaMaqdisi.IthbatSifatCuluww.Shamela0007268-ara1	[]	[]
0620IbnQudamaMaqdisi.IthbatSifatCuluww.JK000337-ara1	[]	[]
0620IbnQudamaMaqdisi.HikayatMunazara.Shamela0005554-ara1	[]	[]
0620IbnQudamaMaqdisi.HikayatMunazara.JK000328-ara1	[]	[]
0620IbnQudamaMaqdisi.RawdatNazir.JK000156-ara1	[]	[]
0620IbnQudamaMaqdisi.RawdatNazir.Shamela0012010-ara1	[]	[]
0620IbnQudamaMaqdisi.MughniFiFiqh.Shamela0008463-ara1	[]	[]
0620IbnQudamaMaqdisi.MughniFiFiqh.Shia000998Vols-ara1	[]	[]
0620IbnQudamaMaqdisi.MughniFiFiqh.JK000154-ara1	[]	[]
0620IbnQudamaMaqdisi.Tawwabin.JK000430-ara1	[]	[]
0620IbnQudamaMaqdisi.Tawwabin.Shamela0011317-ara1	[]	[]
0620IbnQudamaMaqdisi.Tawwabin.Shia002183-ara1	[]	[]
0620IbnQudamaMaqdisi.MuntakhabMinCilal.Shamela0026075-ara1	[]	[]
0620IbnQudamaMaqdisi.FadlYawmTarwiyya.Shamela0030317-ara1	[]	[]
0613IbnHasanTajDinKindi.KhabarShicr.Shamela0030750-ara1	[]	[]
0613IbnHasanTajDinKindi.CawaliMalik.Shamela0026366-ara1	[]	[]
0620IbnMuhammadIbnCasakir.ArbacunaFiManaqibUmmahat.JK000574-ara1	[]	[]
0620IbnMuhammadIbnCasakir.ArbacunaFiManaqibUmmahat.Shamela0006596-ara1	[]	[]
0606IbnCumarFakhrDinRazi.MacalimUsulDin.Shamela0006372-ara1	[]	[]
0606IbnCumarFakhrDinRazi.MacalimUsulDin.JK001465-ara1	[]	[]
0606IbnCumarFakhrDinRazi.CismatAnbiya.Shia003701-ara1	[]	[]
0606IbnCumarFakhrDinRazi.AsasTaqdis.JK001259-ara1	[]	[]
0613IbnBaninDaqiqiNahwi.IttifaqMabani.Shamela0007046-ara1	[]	[]
0613IbnBaninDaqiqiNahwi.IttifaqMabani.JK001043-ara1	[]	[]
0616BurhanDinBukhari.MuhitBurhani.Shamela0010875-ara1	[]	[]
0620IbnCisaAzdiQurtubi.InjadFiAbwabJihad.Shamela0001449-ara1	[]	[]
0610BurhanDinKHarazmiMutarrizi.MugharrabFiTacribMucarrab.JK001174-ara1	[]	[]
0610BurhanDinKHarazmiMutarrizi.MugharrabFiTacribMucarrab.Shamela0008459-ara1	[]	[]
0613CaliIbnZafir.GharaibTanbihat.Shamela0001595-ara1	[]	[]
0613CaliIbnZafir.GharaibTanbihat.JK010744-ara1	[]	[]
0613CaliIbnZafir.BadaicBadaih.JK010565-ara1	[]	[]
0613CaliIbnZafir.BadaicBadaih.Shamela0021559-ara1	[]	[]
0606FakhrDinRazi.Ictiqadat.Shamela0006516-ara1	[]	[]
0606FakhrDinRazi.Ictiqadat.JK000346-ara1	[]	[]
0606FakhrDinRazi.MafatihGhayb.Shamela0023635-ara1	[]	[]
0606FakhrDinRazi.MafatihGhayb.JK006478-ara1	[]	[]
0606FakhrDinRazi.MafatihGhayb.Shia002579Vols-ara1	[]	[]
0606FakhrDinRazi.Mahsul.Shia002918Vols-ara1	[]	[]
0606FakhrDinRazi.Mahsul.Shamela0002022-ara1	[]	[]
0606FakhrDinRazi.Mahsul.JK000153-ara1	[]	[]
0611IbnMufaddalSharafDinMuqaddasi.JuzFihiTuruqCabdRahman.Shamela0003981-ara1	[]	[]
0611IbnMufaddalSharafDinMuqaddasi.AhadithMuqtabasa.Shamela0030243-ara1	[]	[]
0611IbnMufaddalSharafDinMuqaddasi.Arbacuna.Shamela0010441-ara1	[]	[]
0614IbnJubayr.Rihla.Shamela0010883-ara1	[]	[]
0614IbnJubayr.Rihla.Shamela0011203-ara1	[]	[]
0614IbnJubayr.Rihla.JK000416-ara1	[]	[]
0623AbuQasimRafici.Tadwin.JK001321-ara1	[]	[]
0623AbuQasimRafici.Tadwin.Shamela0007435-ara1	['completed']	[]
0623AbuQasimRafici.SharhKabir.Shamela0001142-ara1	[]	[]
0623AbuQasimRafici.SharhKabir.JK011142-ara1	[]	[]
0623AbuQasimRafici.SharhKabir.Shia000829Vols-ara1	[]	[]
0619IbnNabih.Diwan.JK007593-ara1	[]	[]
0604AbuDharrKhushani.ImlaMukhtasar.Shamela0009222-ara1	[]	[]
0622IbnShamsKhilafa.AdabNafica.Shamela0005433-ara1	[]	[]
0611CaliHarawi.Isharat.Shamela0010797-ara1	['completed']	[]
0614IbnAhmadIbnKhumayrSabti.TanzihAnbiya.Shamela0006470-ara1	[]	[]
0614IbnAhmadIbnKhumayrSabti.TanzihAnbiya.JK001264-ara1	[]	[]
0615MuwaffaqDinShafici.MurshidZuwwar.Shamela0011789-ara1	['completed']	[]
0290IbnAhmadIbnHanbal.Sunna.Shamela0000323-ara1	[]	[]
0290IbnAhmadIbnHanbal.Sunna.JK006833-ara1	['completed']	[]
0290IbnAhmadIbnHanbal.FadailCuthman.Shamela0009322-ara1	['completed']	[]
0290IbnAhmadIbnHanbal.FadailCuthman.JK011571-ara1	[]	[]
0286IbnWaddahQurtubi.Bidac.Shamela0008208-ara1	['inProgress', 'no-ext']	['inProgress']
0286IbnWaddahQurtubi.Bidac.JK011317-ara1	[]	[]
0294IbnAyyubRazi.FadailQuran.Shamela0009317-ara1	[]	[]
0294IbnAyyubRazi.FadailQuran.JK011566-ara1	[]	[]
0296MuhammadIbnJarrah.ManIsmuhCamr.Shamela0000677-ara1	[]	[]
0296MuhammadIbnJarrah.ManIsmuhCamr.JK009209-ara1	[]	[]
0296MuhammadIbnJarrah.Waraqa.JK010618-ara1	[]	[]
0296MuhammadIbnJarrah.Waraqa.Shamela0000618-ara1	['completed']	[]
0283AbuIshaqThaqafi.Gharat.Zaydiyya0000174-ara1	[]	[]
0283AbuIshaqThaqafi.Gharat.Shia001270Vols-ara1	[]	[]
0295AbuJacfarTirmidhi.TafsirBiRiwayaAbiJacfar.Shamela0026470-ara1	[]	[]
0292SacidBardhaci.Ducafa.JK000835-ara1	[]	[]
0285IbnIbrahimSancani.Hadith.Shamela0030427-ara1	[]	[]
0280CuthmanIbnSacidDarimi.NaqdImam.JK001333-ara1	[]	[]
0280CuthmanIbnSacidDarimi.NaqdImam.Shamela0008680-ara1	[]	[]
0280CuthmanIbnSacidDarimi.RaddCalaJahmiyya.Shamela0013023-ara1	[]	[]
0280CuthmanIbnSacidDarimi.RaddCalaJahmiyya.JK001435-ara1	['mARkdwon']	[]
0283IbnRumi.Diwan.JK007589-ara1	[]	[]
0300AnonTranslator.MucadhalatNafsLiAflatun.GRAR000071-ara1	[]	[]
0277IbnSufyanFasawi.MacrifaWaTarikh.JK003510-ara1	[]	[]
0277IbnSufyanFasawi.MacrifaWaTarikh.Shamela0012403-ara1	['completed']	[]
0277IbnSufyanFasawi.MacrifaWaTarikh.JK010384-ara1	[]	[]
0277IbnSufyanFasawi.Mashyakha.Shamela0021670-ara1	['completed']	[]
0292Bahshal.TarikhWasit.Shamela0011766-ara1	['completed']	[]
0292Bahshal.TarikhWasit.JK000661-ara1	[]	[]
0282IbnIshaqJahdami.JuzFihiHadith.Shamela0008474-ara1	[]	[]
0282IbnIshaqJahdami.JuzFihiHadith.JK001235-ara1	[]	[]
0282IbnIshaqJahdami.AhkamQuran.Shamela0006206-ara1	[]	[]
0282IbnIshaqJahdami.FadlSalat.Shamela0000684-ara1	[]	[]
0282IbnIshaqJahdami.FadlSalat.Shamela0001462-ara1	[]	[]
0282IbnIshaqJahdami.FadlSalat.Shia001950-ara1	[]	[]
0282IbnIshaqJahdami.FadlSalat.JK000692-ara1	[]	[]
0282IbnIshaqJahdami.JuzMinHadithMalik.Shamela0026440-ara1	[]	[]
0277AbuHatimRazi.Zuhd.Shamela0003525-ara1	[]	[]
0277AbuHatimRazi.Zuhd.JK011357-ara1	[]	[]
0300QustaIbnLuqa.IbsiqlausFiMatalic.GRAR000055-ara1	[]	[]
0300QustaIbnLuqa.FulutarkhusFiAraTabiciyya.GRAR000076-ara1	[]	[]
0300QustaIbnLuqa.FulutarkhusFiAraTabiciyya.GRAR000077-ara1	[]	[]
0281IbnAbiDunya.Zuhd.JK011361-ara1	[]	[]
0281IbnAbiDunya.Zuhd.Shamela0008216-ara1	[]	[]
0281IbnAbiDunya.QadaHawaij.JK000654-ara1	[]	[]
0281IbnAbiDunya.QadaHawaij.Shamela0013149-ara1	[]	[]
0281IbnAbiDunya.QadaHawaij.Shia001941-ara1	[]	[]
0281IbnAbiDunya.HusnZannBiLlah.Shia001940-ara1	[]	[]
0281IbnAbiDunya.HusnZannBiLlah.JK000018-ara1	['completed']	[]
0281IbnAbiDunya.HusnZannBiLlah.Shamela0013113-ara1	[]	[]
0281IbnAbiDunya.Ciyal.JK000866-ara1	[]	[]
0281IbnAbiDunya.Ciyal.Shamela0013075-ara1	['completed']	[]
0281IbnAbiDunya.IstinacMacruf.Shamela0006022-ara1	['completed']	[]
0281IbnAbiDunya.KalamLayali.Shamela0008242-ara1	['no-ext', 'mARkdwon']	['no-ext']
0281IbnAbiDunya.Hilm.Shamela0013014-ara1	[]	[]
0281IbnAbiDunya.Hilm.JK000049-ara1	['completed']	[]
0281IbnAbiDunya.SamtWaAdab.Shia001943-ara1	[]	[]
0281IbnAbiDunya.SamtWaAdab.Shamela0013039-ara1	['no-ext', 'mARkdwon']	['no-ext']
0281IbnAbiDunya.SamtWaAdab.JK000054-ara1	[]	[]
0281IbnAbiDunya.SamtWaAdab.Shamela0008071-ara1	[]	[]
0281IbnAbiDunya.QasrAmal.Shamela0006899-ara1	[]	[]
0281IbnAbiDunya.QasrAmal.JK009174-ara1	['completed']	[]
0281IbnAbiDunya.ShukrLiLlah.Shia001937-ara1	['completed']	[]
0281IbnAbiDunya.DhammGhiba.JK011516-ara1	[]	[]
0281IbnAbiDunya.DhammGhiba.Shamela0008241-ara1	[]	[]
0281IbnAbiDunya.DhammDunya.Shamela0021546-ara1	['completed']	[]
0281IbnAbiDunya.IkhlasWaNiyya.Shamela0006225-ara1	[]	[]
0281IbnAbiDunya.IkhlasWaNiyya.JK011115-ara1	[]	[]
0281IbnAbiDunya.MuhasabaNafs.Shamela0012739-ara1	['no-ext', 'mARkdwon']	['no-ext']
0281IbnAbiDunya.MuhasabaNafs.JK011592-ara1	[]	[]
0281IbnAbiDunya.FarajBacdaShidda.Shamela0009307-ara1	['completed']	[]
0281IbnAbiDunya.FarajBacdaShidda.JK011399-ara1	[]	[]
0281IbnAbiDunya.MujabuDacwa.Shamela0012936-ara1	['completed']	[]
0281IbnAbiDunya.MujabuDacwa.JK011591-ara1	[]	[]
0281IbnAbiDunya.Tawba.Shamela0008253-ara1	['no-ext', 'mARkdwon']	['no-ext']
0281IbnAbiDunya.Tawba.JK011326-ara1	[]	[]
0281IbnAbiDunya.Sabr.Shamela0008259-ara1	['completed']	[]
0281IbnAbiDunya.SifaNar.JK009172-ara1	['completed']	[]
0281IbnAbiDunya.SifaNar.Shamela0013128-ara1	[]	[]
0281IbnAbiDunya.IshrafFiManazil.JK001039-ara1	['completed']	[]
0281IbnAbiDunya.IshrafFiManazil.Shamela0012994-ara1	[]	[]
0281IbnAbiDunya.TawaducWaKhumul.Shamela0013009-ara1	[]	[]
0281IbnAbiDunya.TawaducWaKhumul.Shia001936-ara1	[]	[]
0281IbnAbiDunya.TawaducWaKhumul.JK000002-ara1	['completed']	[]
0281IbnAbiDunya.MakarimAkhlaq.Shamela0013180-ara1	[]	[]
0281IbnAbiDunya.MakarimAkhlaq.Shia001948-ara1	[]	[]
0281IbnAbiDunya.MakarimAkhlaq.JK000015-ara1	['completed']	[]
0281IbnAbiDunya.Qubur.Shamela0010628-ara1	['no-ext', 'mARkdwon']	['no-ext']
0281IbnAbiDunya.Ikhwan.Shamela0012990-ara1	['completed']	[]
0281IbnAbiDunya.Ikhwan.Shia001934-ara1	[]	[]
0281IbnAbiDunya.Ikhwan.JK000012-ara1	[]	[]
0281IbnAbiDunya.AmrBiMacruf.JK011300-ara1	[]	[]
0281IbnAbiDunya.AmrBiMacruf.Shamela0008207-ara1	['completed']	[]
0281IbnAbiDunya.Juc.Shamela0009306-ara1	['completed']	[]
0281IbnAbiDunya.Cuqubat.Shamela0008266-ara1	['completed']	[]
0281IbnAbiDunya.Ahwal.Shamela0012704-ara1	['completed']	[]
0281IbnAbiDunya.Ahwal.JK011304-ara1	[]	[]
0281IbnAbiDunya.CumrWaShayb.JK000045-ara1	['completed']	[]
0281IbnAbiDunya.CumrWaShayb.Shamela0013044-ara1	[]	[]
0281IbnAbiDunya.CumrWaShayb.Shia001945-ara1	[]	[]
0281IbnAbiDunya.Qinaca.Shamela0022347-ara1	['completed']	[]
0281IbnAbiDunya.Warac.Shamela0013078-ara1	[]	[]
0281IbnAbiDunya.Warac.JK000019-ara1	['completed']	[]
0281IbnAbiDunya.Warac.Shia001939-ara1	[]	[]
0281IbnAbiDunya.Mutammanin.JK001194-ara1	['no-ext', 'mARkdwon']	['no-ext']
0281IbnAbiDunya.Mutammanin.Shamela0013057-ara1	[]	[]
0281IbnAbiDunya.QiraDayf.Shamela0011030-ara1	['completed']	[]
0281IbnAbiDunya.Shukr.JK000013-ara1	['completed']	[]
0281IbnAbiDunya.Shukr.Shamela0013036-ara1	[]	[]
0281IbnAbiDunya.Muhtadirin.JK001153-ara1	[]	[]
0281IbnAbiDunya.Muhtadirin.Shamela0013058-ara1	['completed']	[]
0281IbnAbiDunya.RiqqaWaBuka.Shamela0008256-ara1	['completed']	[]
0281IbnAbiDunya.Tawakkul.Shamela0008254-ara1	['completed']	[]
0281IbnAbiDunya.IctibarWaAcqab.JK000017-ara1	[]	[]
0281IbnAbiDunya.IctibarWaAcqab.Shamela0012996-ara1	[]	[]
0281IbnAbiDunya.IctibarWaAcqab.Shia001935-ara1	['completed']	[]
0281IbnAbiDunya.HammWaHuzn.Shia001938-ara1	[]	[]
0281IbnAbiDunya.HammWaHuzn.JK000016-ara1	[]	[]
0281IbnAbiDunya.HammWaHuzn.Shamela0013076-ara1	['completed']	[]
0281IbnAbiDunya.DhammBaghy.Shamela0008228-ara1	['completed']	[]
0281IbnAbiDunya.DhammBaghy.JK011515-ara1	[]	[]
0281IbnAbiDunya.HilmMucawiya.Shamela0026874-ara1	['completed']	[]
0281IbnAbiDunya.SifaJanna.Shamela0008234-ara1	['completed']	[]
0281IbnAbiDunya.SifaJanna.JK011544-ara1	[]	[]
0281IbnAbiDunya.SifaJanna.Shamela0012737-ara1	[]	[]
0281IbnAbiDunya.MaqtalCali.JK011022-ara1	[]	[]
0281IbnAbiDunya.MaqtalCali.Shamela0012751-ara1	['completed']	[]
0281IbnAbiDunya.Hawatif.JK000050-ara1	['completed']	[]
0281IbnAbiDunya.Hawatif.Shia001946-ara1	[]	[]
0281IbnAbiDunya.Hawatif.Shamela0028237-ara1	[]	[]
0281IbnAbiDunya.Yaqin.Shamela0008220-ara1	['completed']	[]
0281IbnAbiDunya.Yaqin.JK011449-ara1	[]	[]
0281IbnAbiDunya.Cuzla.Shamela0026356-ara1	[]	[]
0281IbnAbiDunya.Cuzla.JK009187-ara1	['completed']	[]
0281IbnAbiDunya.Manamat.Shamela0013070-ara1	[]	[]
0281IbnAbiDunya.Manamat.JK000038-ara1	['completed']	[]
0281IbnAbiDunya.MudaratNas.Shamela0013152-ara1	['no-ext', 'mARkdwon']	['no-ext']
0281IbnAbiDunya.MudaratNas.JK001144-ara1	[]	[]
0281IbnAbiDunya.Rida.JK000700-ara1	['no-ext', 'mARkdwon']	['no-ext']
0281IbnAbiDunya.Rida.Shamela0013024-ara1	[]	[]
0281IbnAbiDunya.Rida.Shia001942-ara1	[]	[]
0281IbnAbiDunya.CaqlWaFadluh.Shamela0003732-ara1	[]	[]
0281IbnAbiDunya.CaqlWaFadluh.Shia001944-ara1	['completed']	[]
0281IbnAbiDunya.CaqlWaFadluh.JK000612-ara1	['completed']	[]
0281IbnAbiDunya.FadailRamadan.JK011568-ara1	[]	[]
0281IbnAbiDunya.FadailRamadan.Shamela0010799-ara1	['completed']	[]
0281IbnAbiDunya.MatarWaRacd.Shamela0008273-ara1	['completed']	[]
0281IbnAbiDunya.ManCashaBacdaMawt.Shamela0013183-ara1	[]	[]
0281IbnAbiDunya.ManCashaBacdaMawt.JK000908-ara1	['completed']	[]
0281IbnAbiDunya.DhammMuskir.Shamela0013117-ara1	[]	[]
0281IbnAbiDunya.DhammMuskir.JK000635-ara1	['completed']	[]
0281IbnAbiDunya.DhammMuskir.Shia001947-ara1	[]	[]
0281IbnAbiDunya.MakaidShaytan.Shamela0008061-ara1	['completed']	[]
0281IbnAbiDunya.WajalWaTawaththuq.Shamela0013077-ara1	[]	[]
0281IbnAbiDunya.WajalWaTawaththuq.JK000070-ara1	['no-ext', 'mARkdwon']	['no-ext']
0281IbnAbiDunya.MaradWaKaffarat.JK000014-ara1	['completed']	[]
0281IbnAbiDunya.MaradWaKaffarat.Shamela0013064-ara1	[]	[]
0281IbnAbiDunya.Awliya.Shamela0013003-ara1	[]	[]
0281IbnAbiDunya.Awliya.JK000042-ara1	['completed']	[]
0281IbnAbiDunya.IslahMal.JK001040-ara1	['completed']	[]
0281IbnAbiDunya.IslahMal.Shamela0013187-ara1	[]	[]
0281IbnAbiDunya.Tahajjud.JK001127-ara1	['completed']	[]
0281IbnAbiDunya.DhammMalahi.Shamela0008230-ara1	['completed']	[]
0285IbnYazidMubarrad.Muqtadab.ShamIbadiyya0000063-ara1	[]	[]
0285IbnYazidMubarrad.Muqtadab.Shamela0006965-ara1	['completed']	[]
0285IbnYazidMubarrad.Muqtadab.JK006706-ara1	[]	[]
0285IbnYazidMubarrad.Tacazi.JK009367-ara1	[]	[]
0285IbnYazidMubarrad.Tacazi.Shamela0021554-ara1	['completed']	[]
0285IbnYazidMubarrad.KamilFiLugha.Shamela0008505-ara1	['completed']	[]
0285IbnYazidMubarrad.KamilFiLugha.Zaydiyya0000578-ara1	[]	[]
0285IbnYazidMubarrad.KamilFiLugha.ShamIbadiyya0000642-ara1	[]	[]
0285IbnYazidMubarrad.NasabCadnan.Shamela0028170-ara1	['mARkdwon']	[]
0285IbnYazidMubarrad.NasabCadnan.ShamIbadiyya0000179-ara1	[]	[]
0285IbnYazidMubarrad.NasabCadnan.JK010488-ara1	[]	[]
0285IbnYazidMubarrad.TacaziWaMarai.ShamIbadiyya0000610-ara1	[]	[]
0285IbnYazidMubarrad.Fadil.Shamela0010508-ara1	['completed']	[]
0285IbnYazidMubarrad.Fadil.JK010735-ara1	[]	[]
0285IbnYazidMubarrad.Fadil.ShamIbadiyya0000640-ara1	[]	[]
0282IbnHarbCaskari.MusnadAbiHurayra.Shamela0026592-ara1	[]	[]
0300IbnSacidKufi.Zuhd.Shia001272-ara1	[]	[]
0300IbnSacidKufi.Mumin.Shia001120-ara1	[]	[]
0300HubayshIbnHasan.JalinusFiQuwaNafs.GRAR000044-ara1	[]	[]
0300HubayshIbnHasan.JalinusFiAsmaTibbiyya.GRAR000048-ara1	[]	[]
0300HubayshIbnHasan.CahdAbuqrat.GRAR000051-ara1	[]	[]
0300HubayshIbnHasan.QatitriyunLiAbuqrat.GRAR000095-ara1	[]	[]
0300HubayshIbnHasan.JalinusFiCadat.GRAR000082-ara1	[]	[]
0300HubayshIbnHasan.JalinusFiMudawatKasr.GRAR000049-ara1	[]	[]
0300HubayshIbnHasan.JalinusFiCamalTashrih.GRAR000046-ara1	[]	[]
0300HubayshIbnHasan.JalinusFiCamalTashrih.GRAR000045-ara1	[]	[]
0300IbnCisaAshcari.Nawadir.Shia001118-ara1	[]	[]
0300MuallifMajhul.AkhbarDawlaCabbasiya.Shamela0012226-ara1	['completed']	[]
0300MuallifMajhul.AkhbarDawlaCabbasiya.Shia003471-ara1	[]	[]
0300MuallifMajhul.AjwibaCulamaFazzan.ShamIbadiyya0000319-ara1	[]	[]
0298IshaqIbnHunayn.MaqulatLiAristutalis.GRAR000022-ara1	[]	[]
0298IshaqIbnHunayn.MaqulatLiAristutalis.GRAR000018-ara1	[]	[]
0298IshaqIbnHunayn.MaqulatLiAristutalis.GRAR000019-ara1	[]	[]
0298IshaqIbnHunayn.BuruqlisFiQidamCalam.GRAR000064-ara1	[]	[]
0298IshaqIbnHunayn.MaqalatJalinusFiAjzaTibb.GRAR000039-ara1	[]	[]
0298IshaqIbnHunayn.MaqalatAfrudisiFiCaql.GRAR000010-ara1	[]	[]
0298IshaqIbnHunayn.MaqalatAfrudisiFiCaql.GRAR000007-ara1	[]	[]
0298IshaqIbnHunayn.MasailFuruqlis.GRAR000065-ara1	[]	[]
0298IshaqIbnHunayn.TafsirNiqulawusFiNabat.GRAR000059-ara1	[]	[]
0298IshaqIbnHunayn.WasiyyatAristalis.GRAR000069-ara1	[]	[]
0298IshaqIbnHunayn.AristuFiCibara.GRAR000012-ara1	[]	[]
0298IshaqIbnHunayn.AristuFiCibara.GRAR000025-ara1	[]	[]
0298IshaqIbnHunayn.MaqalatAfrudisiFiIbsar.GRAR000009-ara1	[]	[]
0283BaghandiKabir.AmaliBaghandi.Shamela0008202-ara1	[]	[]
0281AbuZurcaDimashqi.Tarikh.JK010374-ara1	[]	[]
0281AbuZurcaDimashqi.Tarikh.Shamela0030741-ara1	['mARkdwon']	[]
0281AbuZurcaDimashqi.FawaidMucallala.Shamela0010627-ara1	[]	[]
0300IbnJacfarHimyari.QurbIsnad.Zaydiyya0000112-ara1	[]	[]
0300IbnJacfarHimyari.QurbIsnad.Shia001119-ara1	[]	[]
0282AbuHanifaDinawari.AkhbarTiwal.JK009300-ara1	['inProgress', 'no-ext']	['inProgress']
0282AbuHanifaDinawari.AkhbarTiwal.Shamela0009760-ara1	[]	[]
0282AbuHanifaDinawari.AkhbarTiwal.Shia003075-ara1	['completed']	[]
0300IbnKhurdadhbih.MasalikWaMamalik.JK009210-ara1	[]	[]
0300IbnKhurdadhbih.MasalikWaMamalik.Shamela0011800-ara1	['completed']	[]
0300IbnKhurdadhbih.MukhtarMinKitabLahw.JK010785-ara1	[]	[]
0300IbnKhurdadhbih.MukhtarMinKitabLahw.Shamela0000785-ara1	['completed']	[]
0298YahyaIbnHusayn.TathbitImama.Zaydiyya0000160-ara1	[]	[]
0298YahyaIbnHusayn.TathbitImama.Shia001962-ara1	[]	[]
0298YahyaIbnHusayn.Majmuc.Zaydiyya0000076-ara1	[]	[]
0298YahyaIbnHusayn.TuhfaCasjadiya.Shia003990-ara1	[]	[]
0298YahyaIbnHusayn.Ahkam.Shia000812Vols-ara1	[]	[]
0298YahyaIbnHusayn.SharhBalighMudrak.Zaydiyya0000401-ara1	[]	[]
0298YahyaIbnHusayn.AhkamFiHalalWaHaram.Zaydiyya0000064-ara1	[]	[]
0298YahyaIbnHusayn.MajmucaFakhira.Zaydiyya0000073-ara1	[]	[]
0298YahyaIbnHusayn.DurarAhadithNabawiyya.Zaydiyya0000353-ara1	[]	[]
0290IbnMansurMuradi.Dhikr.Zaydiyya0000024-ara1	[]	[]
0290IbnMansurMuradi.Dhikr.Zaydiyya0000268-ara1	[]	[]
0280IbnTayfur.BallaghatNisa.Shamela0012848-ara1	[]	[]
0280IbnTayfur.BallaghatNisa.JK010566-ara1	[]	[]
0280IbnTayfur.BallaghatNisa.Shia003485-ara1	[]	[]
0280IbnTayfur.Baghdad.JK009181-ara1	[]	[]
0280IbnTayfur.Baghdad.Shamela0005880-ara1	['completed']	[]
0283SahlTustari.Tafsir.Shamela0023600-ara1	[]	[]
0280AbuCabbasBirti.MusnadIbnCawf.Shamela0013168-ara1	[]	[]
0280AbuCabbasBirti.MusnadIbnCawf.JK000575-ara1	[]	[]
0276IbnQutaybaDinawari.ImamaWaSiyasa.JK001030-ara1	['no-ext', 'completed']	['no-ext']
0276IbnQutaybaDinawari.ImamaWaSiyasa.Shia003671Vols-ara1	[]	[]
0276IbnQutaybaDinawari.ImamaWaSiyasa.Shia003673Vols-ara1	[]	[]
0276IbnQutaybaDinawari.TawilMushkilQuran.Shamela0023596-ara1	['no-ext', 'completed']	['no-ext']
0276IbnQutaybaDinawari.TawilMukhtalafHadith.JK000561-ara1	[]	[]
0276IbnQutaybaDinawari.TawilMukhtalafHadith.Shia001931-ara1	[]	[]
0276IbnQutaybaDinawari.TawilMukhtalafHadith.Shamela0007292-ara1	['completed']	[]
0276IbnQutaybaDinawari.AshribaWaIkhtilafFiha.Shamela0025793-ara1	[]	[]
0276IbnQutaybaDinawari.AshribaWaIkhtilafFiha.JK010767-ara1	['no-ext', 'mARkdwon']	['no-ext']
0276IbnQutaybaDinawari.AnwaFiMawasim.Shamela0009093-ara1	['mARkdwon']	[]
0276IbnQutaybaDinawari.RisalaKhatt.Shamela0005357-ara1	['no-ext', 'mARkdwon']	['no-ext']
0276IbnQutaybaDinawari.ShicrWaShucara.JK010554-ara1	[]	[]
0276IbnQutaybaDinawari.ShicrWaShucara.Shamela0023785-ara1	['no-ext', 'mARkdwon']	['no-ext']
0276IbnQutaybaDinawari.AdabKatib.Shamela0026349-ara1	['no-ext', 'mARkdwon']	['no-ext']
0276IbnQutaybaDinawari.AdabKatib.JK000973-ara1	[]	[]
0276IbnQutaybaDinawari.Jarathim.Shamela0009228-ara1	['no-ext', 'mARkdwon', 'completed']	['no-ext', 'completed']
0276IbnQutaybaDinawari.Macarif.Shia003424-ara1	[]	[]
0276IbnQutaybaDinawari.Macarif.Shamela0012129-ara1	['mARkdwon', 'completed']	['completed']
0276IbnQutaybaDinawari.Macarif.JK001136-ara1	[]	[]
0276IbnQutaybaDinawari.MacaniKabir.Shamela0025837-ara1	['no-ext', 'mARkdwon']	['no-ext']
0276IbnQutaybaDinawari.MacaniKabir.JK010597-ara1	[]	[]
0276IbnQutaybaDinawari.CuyunAkhbar.JK010342-ara1	[]	[]
0276IbnQutaybaDinawari.CuyunAkhbar.Shamela0023790-ara1	['no-ext', 'completed']	['no-ext']
0276IbnQutaybaDinawari.GharibQuran.Shamela0023621-ara1	[]	[]
0276IbnQutaybaDinawari.GharibQuran.Shamela0003259-ara1	['inProgress', 'no-ext']	['inProgress']
0276IbnQutaybaDinawari.GharibHadith.Shamela0007012-ara1	['no-ext', 'completed']	['no-ext']
0276IbnQutaybaDinawari.GharibHadith.Shia003901Vols-ara1	[]	[]
0276IbnQutaybaDinawari.GharibHadith.JK000756-ara1	[]	[]
0276IbnQutaybaDinawari.IkhtilafFiLafz.Shamela0026460-ara1	['no-ext', 'mARkdwon', 'completed']	['no-ext', 'completed']
0295IbnHasanHarrani.FawaidMuntaqa.Shamela0029712-ara1	[]	[]
0280HudHawari.Tafsir.ShamIbadiyya0000194-ara1	[]	[]
0292IbnCaliMarwazi.JumcaWaFadluha.Shamela0008212-ara1	[]	[]
0292IbnCaliMarwazi.MusnadAbiBakr.Shamela0013156-ara1	[]	[]
0292IbnCaliMarwazi.MusnadAbiBakr.JK000693-ara1	[]	[]
0283CamrusIbnFath.UsulDaynunaSafiya.ShamIbadiyya0000030-ara1	[]	[]
0297IbnAbiShayba.Carsh.Shamela0012443-ara1	[]	[]
0297IbnAbiShayba.Carsh.JK000315-ara1	[]	[]
0297IbnAbiShayba.Carsh.Shia001961-ara1	[]	[]
0297IbnAbiShayba.Carsh.Shamela0012444-ara1	[]	[]
0297IbnAbiShayba.JuzFihiMasail.Shamela0026230-ara1	[]	[]
0286IbnHakamHibri.Tafsir.Zaydiyya0000124-ara1	[]	[]
0290IbnHasanSaffar.BasairDarajat.Zaydiyya0000179-ara1	[]	[]
0290IbnHasanSaffar.BasairDarajat.Shia001117-ara1	[]	[]
0290AbuTalibIbnSalama.Fakhir.Shamela0009236-ara1	[]	[]
0276IbnHazimGhifari.MusnadGhifari.Shamela0026449-ara1	[]	[]
0280IbnIsmacilKirmani.MasailHarb.Shamela0012527-ara1	[]	[]
0276IbnMukhalladQurtubi.MaRuwiyaFiHawd.Shia001932-ara1	[]	[]
0276IbnMukhalladQurtubi.MaRuwiyaFiHawd.JK000731-ara1	[]	[]
0276IbnMukhalladQurtubi.MaRuwiyaFiHawd.Shamela0013015-ara1	[]	[]
0276IbnMukhalladQurtubi.MaRuwiyaFiHawd.JK000730-ara1	[]	[]
0292Yacqubi.Buldan.JK010460-ara1	[]	[]
0292Yacqubi.Buldan.Shamela0010808-ara1	['completed']	[]
0292Yacqubi.TarikhYacqubi.Shia003468Vols-ara1	[]	[]
0292Yacqubi.TarikhYacqubi.Zaydiyya0000057-ara1	[]	[]
0292Yacqubi.TarikhYacqubi.JK001493-ara1	['mARkdwon']	[]
0296IbnMuctazz.Badic.Shamela0011661-ara1	['completed']	[]
0296IbnMuctazz.Badic.JK010077-ara1	[]	[]
0296IbnMuctazz.Diwan.JK007592-ara1	['completed']	[]
0296IbnMuctazz.TabaqatShucara.Shamela0007867-ara1	['completed']	[]
0279Tirmidhi.JamicSahih.Shamela0000782-ara1	[]	[]
0279Tirmidhi.JamicSahih.Shamela0001435-ara1	[]	[]
0279Tirmidhi.JamicSahih.Shia001735Vols-ara1	[]	[]
0279Tirmidhi.JamicSahih.Shamela0007895-ara1	[]	[]
0279Tirmidhi.JamicSahih.JK000140-ara1	[]	[]
0279Tirmidhi.MukhtasarShamailMuhammadiya.Shamela0000700-ara1	[]	[]
0279Tirmidhi.ShamailMuhammadiya.Shia001933-ara1	[]	[]
0279Tirmidhi.ShamailMuhammadiya.Shamela0013037-ara1	[]	[]
0279Tirmidhi.ShamailMuhammadiya.Shamela0023647-ara1	[]	[]
0279Tirmidhi.ShamailMuhammadiya.JK000139-ara1	[]	[]
0279Tirmidhi.CilalKabir.JK000679-ara1	[]	[]
0279Tirmidhi.CilalKabir.Shamela0013131-ara1	[]	[]
0279Tirmidhi.CilalSaghir.JK000558-ara1	[]	[]
0279Tirmidhi.CilalSaghir.Shamela0005897-ara1	['completed']	[]
0300IbnZakariyaHajari.Tacliqat.Shamela0000664-ara1	[]	[]
0300IbnZakariyaHajari.Tacliqat.JK010664-ara1	[]	[]
0282IbnAbiUsamaTamimi.Cawali.Shamela0009808-ara1	[]	[]
0300IbnSulaymanKufi.ManaqibImam.Shia001273Vols-ara1	[]	[]
0300IbnSulaymanKufi.ManaqibImam.Zaydiyya0000150-ara1	[]	[]
0281IbnHusaynHamdani.Juz.Shamela0026740-ara1	[]	[]
0287Dahhak.Sunna.Shamela0012051-ara1	[]	[]
0287Dahhak.Sunna.Shia001960-ara1	[]	[]
0287Dahhak.Sunna.Shamela0005930-ara1	[]	[]
0287Dahhak.Sunna.JK000630-ara1	[]	[]
0287Dahhak.Diyat.Shamela0013018-ara1	[]	[]
0287Dahhak.Diyat.JK000178-ara1	[]	[]
0287Dahhak.Awail.Shamela0013001-ara1	[]	[]
0287Dahhak.Awail.Shia001959-ara1	[]	[]
0287Dahhak.Awail.JK000633-ara1	[]	[]
0287Dahhak.Mudhakkir.Shamela0013062-ara1	[]	[]
0287Dahhak.Mudhakkir.JK000597-ara1	[]	[]
0287Dahhak.Mudhakkir.Shia001958-ara1	[]	[]
0287Dahhak.Salat.Shamela0026823-ara1	[]	[]
0287Dahhak.Jihad.Shamela0013013-ara1	[]	[]
0287Dahhak.Jihad.JK000562-ara1	[]	[]
0287Dahhak.Zuhd.Shamela0013026-ara1	[]	[]
0287Dahhak.Zuhd.JK000503-ara1	[]	[]
0287Dahhak.AhadWaMathani.JK000481-ara1	['mARkdwon']	[]
0287Dahhak.AhadWaMathani.Shia001952Vols-ara1	[]	[]
0287Dahhak.AhadWaMathani.Shamela0009196-ara1	[]	[]
0300IbnShahdaKarkhi.MinaLiAbuqrat.GRAR000094-ara1	[]	[]
0300IbnShahdaKarkhi.AjinnaLiAbuqrat.GRAR000091-ara1	[]	[]
0300IshaqRuhawi.AdabTabib.GRAR000078-ara1	[]	[]
0284MuhammadIbnQasimRassi.HijraWaWasiyya.Zaydiyya0000019-ara1	[]	[]
0282HarithHaythami.BughyaBahith.Shia001949-ara1	[]	[]
0282HarithHaythami.BughyaBahith.Shamela0013160-ara1	[]	[]
0282HarithHaythami.BughyaBahith.JK000483-ara1	[]	[]
0292AbuBakrBazzar.BahrZakhkhar.Shamela0012981-ara1	[]	[]
0292AbuBakrBazzar.BahrZakhkhar.JK000783-ara1	[]	[]
0279Baladhuri.FutuhBuldan.JK000399-ara1	[]	[]
0279Baladhuri.FutuhBuldan.Shamela0012221-ara1	['completed']	[]
0279Baladhuri.FutuhBuldan.Shia003465Vols-ara1	[]	[]
0279Baladhuri.AnsabAshraf.Shia003425-ara1	[]	[]
0279Baladhuri.AnsabAshraf.Shamela0009773-ara1	['completed']	[]
0279Baladhuri.AnsabAshraf.JK010481-ara1	[]	[]
0283IbnIbrahimKhuttali.Dibaj.Shamela0026489-ara1	[]	[]
0279IbnAbiKhaythama.TarikhKabir.JK007002-ara1	['completed']	[]
0279IbnAbiKhaythama.TarikhKabir.Shamela0005876-ara1	[]	[]
0279IbnAbiKhaythama.TarikhKabir.Shamela0008477-ara1	['completed']	[]
0279IbnAbiKhaythama.TarikhKabir.Shamela0001440-ara1	['completed']	[]
0300CisaIbnYahya.JalinusFiIkhtilafAcda.GRAR000040-ara1	[]	[]
0300CisaIbnYahya.AbuqratFiAkhlat.GRAR000092-ara1	[]	[]
0300CisaIbnYahya.JalinusFiTimaus.GRAR000079-ara1	[]	[]
0284Buhturi.Diwan.JK007601-ara1	[]	[]
0285IbrahimHarbi.RisalaFiQuranGhayrMakhluq.JK001161-ara1	[]	[]
0285IbrahimHarbi.RisalaFiQuranGhayrMakhluq.Shamela0006474-ara1	[]	[]
0285IbrahimHarbi.IkramDayf.Shamela0012986-ara1	[]	[]
0285IbrahimHarbi.IkramDayf.JK000053-ara1	[]	[]
0285IbrahimHarbi.IkramDayf.Shia001951-ara1	[]	[]
0285IbrahimHarbi.GharibHadith.Shia003903Vols-ara1	[]	[]
0285IbrahimHarbi.GharibHadith.JK000758-ara1	[]	[]
0285IbrahimHarbi.GharibHadith.Shamela0013133-ara1	[]	[]
0294IbnNasrMarwazi.MukhtasarQiyamLayl.JK011593-ara1	[]	[]
0294IbnNasrMarwazi.SalatWitr.JK011548-ara1	[]	[]
0294IbnNasrMarwazi.Sunna.JK000659-ara1	[]	[]
0294IbnNasrMarwazi.Sunna.Shamela0013032-ara1	[]	[]
0294IbnNasrMarwazi.QiyamRamadan.JK011588-ara1	[]	[]
0294IbnNasrMarwazi.QiyamRamadan.Shamela0012872-ara1	[]	[]
0294IbnNasrMarwazi.IkhtilafCulama.JK000696-ara1	[]	[]
0294IbnNasrMarwazi.IkhtilafCulama.Shamela0002919-ara1	[]	[]
0294IbnNasrMarwazi.TaczimQadrSalat.JK000724-ara1	[]	[]
0294IbnNasrMarwazi.TaczimQadrSalat.Shamela0013087-ara1	[]	[]
0291IbnYahyaThaclab.QawacidShicr.JK007122-ara1	[]	[]
0291IbnYahyaThaclab.QawacidShicr.Shamela0003018-ara1	[]	[]
0291IbnYahyaThaclab.Fasih.Shamela0096608-ara1	[]	[]
0291IbnYahyaThaclab.MajalisThaclab.Shamela0000605-ara1	[]	[]
0291IbnYahyaThaclab.MajalisThaclab.JK010605-ara1	[]	[]
0297IbnDawudZahiri.Zahra.JK010738-ara1	[]	[]
0297IbnDawudZahiri.Zahra.Shamela0000738-ara1	[]	[]
0288ThabitIbnQurra.RawabicLiAflatun.GRAR000075-ara1	[]	[]
0288ThabitIbnQurra.AbluniyusFiMakhrutat.GRAR000011-ara1	[]	[]
0288ThabitIbnQurra.MadkhalLiNiqumakhus.GRAR000060-ara1	[]	[]
0672IbnAhmaLuluDarir.Juz.Shamela0005671-ara1	[]	[]
0672IbnAhmaLuluDarir.Juz.JK000647-ara1	[]	[]
0654IbnCabdWahidIbnAbiIsbac.TahrirTahbir.Shamela0026520-ara1	[]	[]
0654IbnCabdWahidIbnAbiIsbac.TahrirTahbir.JK010568-ara1	[]	[]
0672IbnMalikJayyaniTai.AlfiyyatIbnMalik.Shamela0008522-ara1	[]	[]
0672IbnMalikJayyaniTai.SharhKafiya.Shamela0012024-ara1	[]	[]
0672IbnMalikJayyaniTai.IctimadFiNazair.Shamela0005368-ara1	[]	[]
0672IbnMalikJayyaniTai.ShawahidTawdih.Shamela0098123-ara1	[]	[]
0672IbnMalikJayyaniTai.IjazTacrif.Shamela0010915-ara1	[]	[]
0672IbnMalikJayyaniTai.IkmalAclam.JK001027-ara1	[]	[]
0672IbnMalikJayyaniTai.IkmalAclam.Shamela0007047-ara1	[]	[]
0672IbnMalikJayyaniTai.ZakhairFiLugha.Shamela0003654-ara1	[]	[]
0672IbnMalikJayyaniTai.AlfazMukhtalifa.Shamela0007049-ara1	[]	[]
0672IbnMalikJayyaniTai.AlfazMukhtalifa.JK000739-ara1	[]	[]
0665AbuShama.MurshidWajiz.Shamela0022676-ara1	[]	[]
0665AbuShama.MukhtasarMuammal.Shamela0006299-ara1	[]	[]
0665AbuShama.MukhtasarMuammal.JK000206-ara1	[]	[]
0665AbuShama.SharhHadithMuqtafa.Shamela0007808-ara1	[]	[]
0665AbuShama.SharhHadithMuqtafa.JK009395-ara1	[]	[]
0665AbuShama.BacithCalaInkarBidac.JK000873-ara1	[]	[]
0665AbuShama.BacithCalaInkarBidac.Shamela0006276-ara1	[]	[]
0665AbuShama.Rawdatayn.JK001290-ara1	[]	[]
0665AbuShama.Rawdatayn.Shamela0006631-ara1	['completed']	[]
0665AbuShama.KhutbatMuammal.JK009406-ara1	[]	[]
0665AbuShama.IbrazMacani.JK001292-ara1	[]	[]
0665AbuShama.IbrazMacani.Shamela0005486-ara1	[]	[]
0655CabdMuncimTaqiDinShafici.Fawaid.Shamela0011026-ara1	['completed']	[]
0660SultanCulamaCizzDinDimashqi.MunyatSul.Shamela0030051-ara1	[]	[]
0660SultanCulamaCizzDinDimashqi.MaqasidRicaya.JK001159-ara1	[]	[]
0660SultanCulamaCizzDinDimashqi.MaqasidRicaya.Shamela0006875-ara1	[]	[]
0660SultanCulamaCizzDinDimashqi.ImamFiBayan.JK000293-ara1	[]	[]
0660SultanCulamaCizzDinDimashqi.ImamFiBayan.Shamela0006278-ara1	[]	[]
0660SultanCulamaCizzDinDimashqi.TafsirQuran.Shamela0005638-ara1	[]	[]
0660SultanCulamaCizzDinDimashqi.TafsirQuran.JK007018-ara1	[]	[]
0660SultanCulamaCizzDinDimashqi.TafsirQuran.Shia002615Vols-ara1	[]	[]
0660SultanCulamaCizzDinDimashqi.QawacidAhkam.JK000979-ara1	[]	[]
0660SultanCulamaCizzDinDimashqi.QawacidAhkam.Shamela0008608-ara1	[]	[]
0660SultanCulamaCizzDinDimashqi.BidayatSul.Shamela0000348-ara1	[]	[]
0660SultanCulamaCizzDinDimashqi.BidayatSul.JK010348-ara1	[]	[]
0660SultanCulamaCizzDinDimashqi.FawaidFiIkhtisarMaqasid.Shamela0006291-ara1	[]	[]
0660SultanCulamaCizzDinDimashqi.FawaidFiIkhtisarMaqasid.JK000260-ara1	[]	[]
0666IbnCadlanMawsiliRabci.IntikhabLiKashfAbyat.JK001034-ara1	[]	[]
0666IbnCadlanMawsiliRabci.IntikhabLiKashfAbyat.Shamela0006999-ara1	[]	[]
0659SadrDinBasri.Hamasa.JK006907-ara1	[]	[]
0659SadrDinBasri.Hamasa.Shamela0006901-ara1	[]	[]
0652IbnTaymiyyaMajdDin.Muharrar.Shamela0007460-ara1	[]	[]
0652IbnTaymiyyaMajdDin.Muharrar.JK000269-ara1	[]	[]
0668IbnHusaynJacfariHashimi.Takhjil.Shamela0012002-ara1	[]	[]
0673AbuMahasinYaghmuri.NurQabas.Shamela0000678-ara1	['completed']	[]
0673AbuMahasinYaghmuri.NurQabas.JK010678-ara1	[]	[]
0656HumaydanQasimi.Majmuc.Zaydiyya0000042-ara1	[]	[]
0671IbnHasanSharafDinDimashqiNabulusi.AhadithSittaCiraqiyya.Shamela0029466-ara1	[]	[]
0668IbnCabdDaimZaynDinMuqaddasi.MuntaqaMinHadithJassas.Shamela0021703-ara1	[]	[]
0673IbnMansurIbnHaddad.JawharNafis.Shamela0009681-ara1	[]	[]
0673IbnMansurIbnHaddad.JawharNafis.JK007066-ara1	[]	[]
0652IbnTalhaKamalDinNasibi.MatalibSaul.Shia003702-ara1	[]	[]
0667CabdAllahIbnZaydCanasi.Irshad.Zaydiyya0000259-ara1	[]	[]
0654SibtIbnJawzi.ItharInsaf.Shamela0006349-ara1	[]	[]
0654SibtIbnJawzi.ItharInsaf.JK000247-ara1	[]	[]
0654SibtIbnJawzi.MiratZaman.SHAM19Y23644-ara1	[]	[]
0673AbuMacaliQunawi.MiftahGhayb.Shia004691-ara1	[]	[]
0671ShamsDinQurtubi.TadhkiraiAhwalMuta.Shamela0021536-ara1	[]	[]
0671ShamsDinQurtubi.IclamBimaFiDinNasara.JK000333-ara1	[]	[]
0671ShamsDinQurtubi.IclamBimaFiDinNasara.Shamela0006517-ara1	[]	[]
0671ShamsDinQurtubi.JamicLiAhkamQuran.Shamela0020855-ara1	[]	[]
0671ShamsDinQurtubi.JamicLiAhkamQuran.JK000160-ara1	[]	[]
0671ShamsDinQurtubi.JamicLiAhkamQuran.Shia002616Vols-ara1	[]	[]
0656IbnMuhammadSadrDinNaysaburi.ArbacunaCanArbacina.Shamela0026487-ara1	[]	[]
0656IbnFadlMuzaffarCiraqi.NagratIghrid.Shamela0000629-ara1	[]	[]
0656IbnFadlMuzaffarCiraqi.NagratIghrid.JK010629-ara1	[]	[]
0668IbnAbiUsaybica.CuyunAnba.Shamela0006687-ara1	['completed']	[]
0668IbnAbiUsaybica.CuyunAnba.Shia003443-ara1	[]	[]
0668IbnAbiUsaybica.CuyunAnba.JK000962-ara1	[]	[]
0670AhmadDarjini.TabaqatMashayikhBiMaghrib.ShamIbadiyya0000107-ara1	[]	[]
0656IbnAbiHadid.RawdaMukhtara.Shia003703-ara1	[]	[]
0656IbnAbiHadid.SharhNahjBalagha.JK009359-ara1	[]	[]
0656IbnAbiHadid.SharhNahjBalagha.Shia002185Vols-ara1	['completed']	[]
0656IbnAbiHadid.SharhNahjBalagha.Zaydiyya0000145-ara1	[]	[]
0656IbnAbiHadid.HashimiyyatWaCalawiyyat.Zaydiyya0000036-ara1	[]	[]
0656IbnAbiHadid.FalakDair.Shamela0010550-ara1	[]	[]
0669IbnCusfurHadramiIshbili.DarairShicr.Shamela0037489-ara1	[]	[]
0669IbnCusfurHadramiIshbili.MumticKabirFiTasrif.Shamela0008667-ara1	[]	[]
0660IbnCadim.Darari.Shamela0007326-ara1	[]	[]
0660IbnCadim.ZubdatHalab.JK009235-ara1	[]	[]
0660IbnCadim.ZubdatHalab.Shamela0009872-ara1	['completed']	[]
0660IbnCadim.BughyatTalab.Shamela0010798-ara1	['completed']	[]
0660IbnCadim.BughyatTalab.JK001299-ara1	[]	[]
0660ShadhanIbnJibrailQummi.Fadail.Shia001361-ara1	[]	[]
0660ShadhanIbnJibrailQummi.Rawda.Shia001360-ara1	[]	[]
0659SainDinNaccal.Mashyakha.Shamela0026432-ara1	['completed']	[]
0662HusaynIbnBadrDin.ShifaUwam.Zaydiyya0000361-ara1	[]	[]
0662HusaynIbnBadrDin.CiqdThamin.Zaydiyya0000138-ara1	[]	[]
0662HusaynIbnBadrDin.CiqdThamin.Shia004485-ara1	[]	[]
0651IbnYusufAbuCabbasTifashi.SururNafs.JK011032-ara1	[]	[]
0651IbnYusufAbuCabbasTifashi.SururNafs.Shamela0001032-ara1	[]	[]
0666IbnAbiBakrZaynDinRazi.MukhtarSihah.Shamela0023193-ara1	[]	[]
0666IbnAbiBakrZaynDinRazi.MukhtarSihah.Shia003951-ara1	[]	[]
0666IbnAbiBakrZaynDinRazi.MukhtarSihah.JK000107-ara1	[]	[]
0666IbnAbiBakrZaynDinRazi.TuhfatMuluk.Shamela0006173-ara1	[]	[]
0666IbnAbiBakrZaynDinRazi.TuhfatMuluk.JK000114-ara1	[]	[]
0666IbnAbiBakrZaynDinRazi.AnmudhajJalil.Shamela0008378-ara1	[]	[]
0667Cariqi.CaqaidAhlBayt.Zaydiyya0000356-ara1	[]	[]
0656IbnAhmadShihabDinZanjani.TakhrijFuruc.Shamela0006298-ara1	[]	[]
0656IbnAhmadShihabDinZanjani.TakhrijFuruc.JK000212-ara1	[]	[]
0656IbnCabdQawiMundhiri.JawabFiJarhWaTacdil.Shamela0009863-ara1	[]	[]
0656IbnCabdQawiMundhiri.HadithMutabayicinBiKhiyar.Shamela0029464-ara1	[]	[]
0656IbnCabdQawiMundhiri.RisalaFiJarhWaTacdil.JK000690-ara1	[]	[]
0656IbnCabdQawiMundhiri.TarghibWaTarhib.JK000080-ara1	[]	[]
0656IbnCabdQawiMundhiri.TarghibWaTarhib.Shamela0006847-ara1	[]	[]
0671IbnCabdMuncimHanbaliHarrani.Juz.Shamela0026557-ara1	[]	[]
0656AbuTayrIbnHusayn.HalifatQuran.Zaydiyya0000334-ara1	[]	[]
0658IbnAbbar.DurarSamt.Shia002205-ara1	[]	[]
0658IbnAbbar.MucjamAshab.JK009189-ara1	['completed']	[]
0658IbnAbbar.MucjamAshab.Shamela0028740-ara1	[]	[]
0658IbnAbbar.IctabKitab.JK010583-ara1	[]	[]
0658IbnAbbar.IctabKitab.Shamela0008190-ara1	[]	[]
0658IbnAbbar.HullaSiyara.JK001300-ara1	[]	[]
0658IbnAbbar.HullaSiyara.Shamela0006630-ara1	['completed']	[]
0658IbnAbbar.TuhfaQadim.JK010739-ara1	[]	[]
0658IbnAbbar.TuhfaQadim.Shamela0026108-ara1	['completed']	[]
0658IbnAbbar.TakmilaLiSila.Shamela0006608-ara1	[]	[]
0658IbnAbbar.TakmilaLiSila.JK001319-ara1	['no-ext', 'mARkdwon']	['no-ext']
Tunis_2011_004.pdff	['unknown']	['Tunis_2011_004.pdff']
Bayrut_1995_002.pdff	['unknown']	['Bayrut_1995_002.pdff']
Bayrut_1995_003.pdff	['unknown']	['Bayrut_1995_003.pdff']
Tunis_2011_002.pdff	['unknown']	['Tunis_2011_002.pdff']
Bayrut_1995_001.pdff	['unknown']	['Bayrut_1995_001.pdff']
Tunis_2011_001.pdff	['unknown']	['Tunis_2011_001.pdff']
Bayrut_1995_004.pdff	['unknown']	['Bayrut_1995_004.pdff']
Tunis_2011_003.pdff	['unknown']	['Tunis_2011_003.pdff']
Tunis_2011_000.pdff	['unknown']	['Tunis_2011_000.pdff']
0664IbnTawus.DurucWaqiya.Shia001367-ara1	[]	[]
0664IbnTawus.KashfMahajja.Shia001377-ara1	[]	[]
0664IbnTawus.Tahsin.Shia001366-ara1	[]	[]
0664IbnTawus.MalahimWaFitan.Shia001370-ara1	[]	[]
0664IbnTawus.BinaMaqalaFatimiyya.Shia004007-ara1	[]	[]
0664IbnTawus.JamalUsbuc.Shia001372-ara1	[]	[]
0664IbnTawus.LuhufFiQatlaTufuf.Shia003705-ara1	[]	[]
0664IbnTawus.AmanMinAkhtarAsfar.Shia001365-ara1	[]	[]
0664IbnTawus.MujtanaMinDucaMujtaba.Shia001369-ara1	[]	[]
0664IbnTawus.SacdSucud.Shia001373-ara1	[]	[]
0664IbnTawus.QabasMinKitabGhiyath.Shia001376-ara1	[]	[]
0664IbnTawus.FarajMahmum.Shia001375-ara1	[]	[]
0664IbnTawus.TaraifFiMacrifatMadhahib.Shia001368-ara1	[]	[]
0664IbnTawus.IqbalAcmal.Shia001362Vols-ara1	[]	[]
0664IbnTawus.Yaqin.Shia001371-ara1	[]	[]
0664IbnTawus.FathAbwab.Shia001374-ara1	[]	[]
0664IbnTawus.FalahSail.Shia003706-ara1	[]	[]
0662RashidAttar.NuzhatNazir.Shamela0026428-ara1	[]	[]
0662RashidAttar.GhurarFawaid.JK000737-ara1	[]	[]
0662RashidAttar.GhurarFawaid.Shia002206-ara1	[]	[]
0662RashidAttar.GhurarFawaid.Shamela0002749-ara1	[]	[]
0662RashidAttar.MujradAsma.Shamela0001483-ara1	[]	[]
0657IbnIbrahimIrbili.MudhakaraFiAlqab.JK010746-ara1	[]	[]
0657IbnIbrahimIrbili.MudhakaraFiAlqab.Shamela0000746-ara1	[]	[]
0664IbnHatimCamiliShami.DurrNazim.Shia003704-ara1	[]	[]
0914SarimDinWaziri.HidayatAfkar.Zaydiyya0000264-ara1	[]	[]
0914SarimDinWaziri.FusulLuluiyya.Zaydiyya0000066-ara1	[]	[]
0914SarimDinWaziri.FusulLuluiyya.Zaydiyya0000273-ara1	[]	[]
0905Basrawi.Tarikh.JK000400-ara1	[]	[]
0905Basrawi.Tarikh.Shamela0006637-ara1	[]	[]
0909IbnMibradHanbali.ArbacunaMinHadithAbiHanifa.Shamela0008827-ara1	[]	[]
0909IbnMibradHanbali.Nujat.Shamela0030291-ara1	[]	[]
0909IbnMibradHanbali.JamcJuyushWaDasakir.Shamela0030312-ara1	[]	[]
0909IbnMibradHanbali.IkhtilafBaynaRuwatBukhari.Shamela0030358-ara1	[]	[]
0909IbnMibradHanbali.JawabBacdKhadam.Shamela0009420-ara1	[]	[]
0909IbnMibradHanbali.IsticanaCalaFatiha.Shamela0009378-ara1	[]	[]
0909IbnMibradHanbali.MahdSawab.Shamela0012062-ara1	[]	[]
0909IbnMibradHanbali.MucjamKutub.JK001126-ara1	[]	[]
0909IbnMibradHanbali.MucjamKutub.Shamela0010737-ara1	[]	[]
0909IbnMibradHanbali.ZinatCarais.Shamela0005356-ara1	[]	[]
0909IbnMibradHanbali.SiyarHathth.JK009405-ara1	[]	[]
0909IbnMibradHanbali.ArbacunaMusalsala.Shamela0010469-ara1	[]	[]
0909IbnMibradHanbali.CiqdTamam.Shamela0022341-ara1	[]	[]
0909IbnMibradHanbali.CasharaMinMarwiyatSalih.Shamela0009387-ara1	[]	[]
0909IbnMibradHanbali.BahrDamm.Shamela0002994-ara1	[]	[]
0909IbnMibradHanbali.BahrDamm.Shia003349-ara1	[]	[]
0918IbnQasimShamsDinGhazzi.FathQarib.Shamela0035120-ara1	[]	[]
0921JibrailIbnQilaci.MadihaFiJabalLubnan.GVDB20200821-ara1	['completed']	[]
0910MuhammadIbnZahiraQurashi.ManhalMahul.Shamela0008959-ara1	[]	[]
0923IbnCabdAllahKhazraji.KhulasaTahdhib.JK006672-ara1	[]	[]
0923IbnCabdAllahKhazraji.KhulasaTahdhib.Shia002282-ara1	[]	[]
0923IbnCabdAllahKhazraji.KhulasaTahdhib.Shamela0005858-ara1	['completed']	[]
0920IbnKhalilZaynDinMalati.NaylAmal.Sham30K0046779-ara1	[]	[]
0920IbnKhalilZaynDinMalati.GhayatSul.Shamela0006591-ara1	[]	[]
0920IbnKhalilZaynDinMalati.GhayatSul.JK001093-ara1	[]	[]
0911Suyuti.TawqHamama.Shamela0005396-ara1	[]	[]
0911Suyuti.BastKaff.JK001114-ara1	[]	[]
0911Suyuti.BastKaff.Shamela0006257-ara1	[]	[]
0911Suyuti.Ittibac.Shamela0006935-ara1	[]	[]
0911Suyuti.Ittibac.JK009166-ara1	[]	[]
0911Suyuti.RawdAniqFiFadlSiddiq.JK010194-ara1	[]	[]
0911Suyuti.RawdAniqFiFadlSiddiq.Shamela0000194-ara1	[]	[]
0911Suyuti.Cushariyat.Shamela0030315-ara1	[]	[]
0911Suyuti.Muhadarat.Shamela0009099-ara1	[]	[]
0911Suyuti.NawahidAbkar.Shamela0029882-ara1	[]	[]
0911Suyuti.CuqudZabarjad.Shamela0023077-ara1	[]	[]
0911Suyuti.MadrajIlaMudraj.Shamela0005955-ara1	[]	[]
0911Suyuti.DhammQada.Shamela0036040-ara1	[]	[]
0911Suyuti.Itqan.Shamela0011728-ara1	[]	[]
0911Suyuti.Itqan.Shia002675Vols-ara1	[]	[]
0911Suyuti.Itqan.JK001295-ara1	[]	[]
0911Suyuti.LumcaFiKhasaisJumca.Shamela0010747-ara1	[]	[]
0911Suyuti.LumcaFiKhasaisJumca.JK000263-ara1	[]	[]
0911Suyuti.Tatrif.Shamela0006001-ara1	[]	[]
0911Suyuti.Tatrif.JK000665-ara1	[]	[]
0911Suyuti.TahdhirKhawass.JK001258-ara1	[]	[]
0911Suyuti.TahdhirKhawass.Shamela0006073-ara1	[]	[]
0911Suyuti.TabaqatHuffaz.JK000753-ara1	['completed']	[]
0911Suyuti.TabaqatHuffaz.Shamela0005823-ara1	[]	[]
0911Suyuti.Maqamat.Shamela0028112-ara1	[]	[]
0911Suyuti.ArbacunaMinRiwayatMalikCanNafic.Shamela0029569-ara1	[]	[]
0911Suyuti.SababWadc.JK001221-ara1	[]	[]
0911Suyuti.SababWadc.Shamela0006993-ara1	[]	[]
0911Suyuti.DhammMaks.Shamela0036041-ara1	[]	[]
0911Suyuti.Ashbah.Shamela0021719-ara1	[]	[]
0911Suyuti.Ashbah.JK000425-ara1	[]	[]
0911Suyuti.HusnMuhadara.JK010772-ara1	[]	[]
0911Suyuti.HusnMuhadara.Shamela0003283-ara1	[]	[]
0911Suyuti.TakhirZalama.Shamela0096851-ara1	[]	[]
0911Suyuti.TakhirZalama.Shamela0011429-ara1	[]	[]
0911Suyuti.Habaik.JK009379-ara1	[]	[]
0911Suyuti.Habaik.Shamela0021944-ara1	[]	[]
0911Suyuti.MucjamMaqalid.JK009184-ara1	[]	[]
0911Suyuti.MucjamMaqalid.Shamela0007039-ara1	[]	[]
0911Suyuti.NuzhatJulasa.Shamela0008200-ara1	[]	[]
0911Suyuti.NuzhatJulasa.JK010730-ara1	[]	[]
0911Suyuti.IscafMubatta.Shamela0005849-ara1	[]	[]
0911Suyuti.IscafMubatta.JK000550-ara1	[]	[]
0911Suyuti.FaddWica.Shamela0006262-ara1	[]	[]
0911Suyuti.FaddWica.JK000086-ara1	[]	[]
0911Suyuti.AmrBiIttibac.Shamela0000248-ara1	[]	[]
0911Suyuti.FadlThughrIskandariyya.Shamela0011797-ara1	[]	[]
0911Suyuti.QutMughtadhi.Shamela0007562-ara1	[]	[]
0911Suyuti.HusnSamt.Shamela0036951-ara1	[]	[]
0911Suyuti.JamicSaghir.Shia002261Vols-ara1	[]	[]
0911Suyuti.MuctarakAqran.Shamela0001417-ara1	[]	[]
0911Suyuti.ShamailSharifa.Shamela0006589-ara1	[]	[]
0911Suyuti.ShamailSharifa.JK001239-ara1	[]	[]
0911Suyuti.TanwirHawalik.Shamela0005757-ara1	[]	[]
0911Suyuti.TanwirHawalik.JK000556-ara1	[]	[]
0911Suyuti.LaaliMasnuca.JK005004-ara1	[]	[]
0911Suyuti.LaaliMasnuca.Shamela0006062-ara1	[]	[]
0911Suyuti.HamcHawamic.Shamela0006975-ara1	[]	[]
0911Suyuti.HamcHawamic.JK006705-ara1	[]	[]
0911Suyuti.AsrarTartibQuran.Shamela0009992-ara1	[]	[]
0911Suyuti.AsrarTartibQuran.JK000440-ara1	[]	[]
0911Suyuti.LumacFiAsbabHadith.Shamela0000976-ara1	[]	[]
0911Suyuti.LumacFiAsbabHadith.JK000423-ara1	[]	[]
0911Suyuti.BushraKaib.JK010242-ara1	[]	[]
0911Suyuti.BushraKaib.Shamela0010924-ara1	[]	[]
0911Suyuti.ManahilSafa.Shamela0095829-ara1	[]	[]
0911Suyuti.BughyaWucat.JK009145-ara1	[]	[]
0911Suyuti.BughyaWucat.Shamela0006744-ara1	['completed']	[]
0911Suyuti.TirazFiAlghaz.Shamela0029729-ara1	[]	[]
0911Suyuti.AsrarKawn.Shamela0000209-ara1	[]	[]
0911Suyuti.AsrarKawn.JK010248-ara1	[]	[]
0911Suyuti.BuzughHilal.Shamela0000213-ara1	[]	[]
0911Suyuti.BuzughHilal.JK010213-ara1	[]	[]
0911Suyuti.NazmCiqyan.JK009212-ara1	[]	[]
0911Suyuti.NazmCiqyan.Shamela0009061-ara1	[]	[]
0911Suyuti.Izdihar.JK010733-ara1	[]	[]
0911Suyuti.Izdihar.Shamela0000733-ara1	[]	[]
0911Suyuti.TamhidFarsh.Shamela0000222-ara1	[]	[]
0911Suyuti.MufhimatAqran.JK009252-ara1	[]	[]
0911Suyuti.MufhimatAqran.Shamela0026582-ara1	[]	[]
0911Suyuti.LubabNuqul.Shamela0002247-ara1	[]	[]
0911Suyuti.LubabNuqul.JK000436-ara1	[]	[]
0911Suyuti.LubabNuqul.Shia002684-ara1	[]	[]
0911Suyuti.DibajCalaMuslim.Shia001831Vols-ara1	[]	[]
0911Suyuti.DibajCalaMuslim.JK000552-ara1	[]	[]
0911Suyuti.DibajCalaMuslim.Shamela0001712-ara1	[]	[]
0911Suyuti.SharhSunanIbnMaja.JK000555-ara1	[]	[]
0911Suyuti.SharhSunanIbnMaja.Shamela0000791-ara1	[]	[]
0911Suyuti.ItmamDiraya.JK001046-ara1	[]	[]
0911Suyuti.ItmamDiraya.Shamela0010733-ara1	[]	[]
0911Suyuti.SharhSudur.JK001227-ara1	[]	[]
0911Suyuti.SharhSudur.Shamela0006485-ara1	[]	[]
0911Suyuti.AsmaMudallisin.JK010005-ara1	[]	[]
0911Suyuti.AsmaMudallisin.Shamela0000005-ara1	[]	[]
0911Suyuti.DurrManthur.JK000167-ara1	[]	[]
0911Suyuti.DurrManthur.Shamela0012884-ara1	[]	[]
0911Suyuti.DurrManthur.Shia002677Vols-ara1	[]	[]
0911Suyuti.Iklil.Shamela0001385-ara1	[]	[]
0911Suyuti.MuzhirFiCulumLugha.Shamela0006936-ara1	[]	[]
0911Suyuti.MuzhirFiCulumLugha.JK001460-ara1	[]	[]
0911Suyuti.LumcaFiTahqiq.Shamela0006253-ara1	[]	[]
0911Suyuti.LumcaFiTahqiq.JK001217-ara1	[]	[]
0911Suyuti.KhasaisKubra.JK001303-ara1	[]	[]
0911Suyuti.KhasaisKubra.Shamela0006590-ara1	[]	[]
0911Suyuti.LubabHadith.JK009250-ara1	[]	[]
0911Suyuti.MuhadhdhabFimaWaqaca.JK009264-ara1	[]	[]
0911Suyuti.MuhadhdhabFimaWaqaca.Shamela0026097-ara1	[]	[]
0911Suyuti.DurarMuntathira.Shamela0021542-ara1	[]	[]
0911Suyuti.RihNisrin.JK000851-ara1	[]	[]
0911Suyuti.RihNisrin.Shamela0005802-ara1	[]	[]
0911Suyuti.FathKabir.JK009274-ara1	[]	[]
0911Suyuti.FathKabir.Shamela0001975-ara1	[]	[]
0911Suyuti.MiftahJanna.Shamela0004864-ara1	[]	[]
0911Suyuti.MiftahJanna.JK000250-ara1	[]	[]
0911Suyuti.AsmaMukhadramin.JK000305-ara1	[]	[]
0911Suyuti.JiyadMusalsalat.Shamela0011479-ara1	[]	[]
0911Suyuti.GhurarFiFadailCumar.Shamela0000193-ara1	[]	[]
0911Suyuti.GhurarFiFadailCumar.JK010193-ara1	[]	[]
0911Suyuti.IfadatKhabar.Shamela0037466-ara1	[]	[]
0911Suyuti.MimmaRawahuAsatin.Shamela0000191-ara1	[]	[]
0911Suyuti.MimmaRawahuAsatin.JK010191-ara1	[]	[]
0911Suyuti.TafsirJalalayn.JK000818-ara1	[]	[]
0911Suyuti.TafsirJalalayn.Shia002669-ara1	[]	[]
0911Suyuti.TafsirJalalayn.Shamela0012876-ara1	[]	[]
0911Suyuti.TakrirIstinad.JK000297-ara1	[]	[]
0911Suyuti.TakrirIstinad.Shamela0006344-ara1	[]	[]
0911Suyuti.SahihWaDacif.Shamela0021659-ara1	[]	[]
0911Suyuti.JamicAhadith.Shamela0001438-ara1	[]	[]
0911Suyuti.JamicAhadith.JK009390-ara1	[]	[]
0911Suyuti.TadribRawi.Shamela0009329-ara1	[]	[]
0911Suyuti.TadribRawi.JK000138-ara1	[]	[]
0911Suyuti.Fanid.Shamela0009388-ara1	[]	[]
0911Suyuti.SifatSahibDhawqSalim.Shamela0001345-ara1	[]	[]
0911Suyuti.SifatSahibDhawqSalim.JK010262-ara1	[]	[]
0911Suyuti.TabaqatMufassirin.Shamela0006234-ara1	[]	[]
0911Suyuti.TabaqatMufassirin.JK000442-ara1	[]	[]
0911Suyuti.CuqudJuman.Shamela0097803-ara1	[]	[]
0911Suyuti.LubbLubab.Shamela0007418-ara1	['mARkdwon']	[]
0911Suyuti.LubbLubab.JK009222-ara1	[]	[]
0911Suyuti.LubbLubab.Zaydiyya0000205-ara1	[]	[]
0911Suyuti.HawiLiFatawi.JK009241-ara1	[]	[]
0911Suyuti.HawiLiFatawi.Shamela0021723-ara1	[]	[]
0911Suyuti.SharhSunanNisai.Shamela0000360-ara1	[]	[]
0911Suyuti.SharhSunanNisai.Shia001837Vols-ara1	[]	[]
0911Suyuti.SharhSunanNisai.JK000553-ara1	[]	[]
0911Suyuti.DhaylTabaqatHuffaz.JK004504-ara1	[]	[]
0911Suyuti.DhaylTabaqatHuffaz.Shamela0007315-ara1	[]	[]
0911Suyuti.UnmudhajLabib.Shamela0012824-ara1	[]	[]
0911Suyuti.DafcTashnic.Shamela0006260-ara1	[]	[]
0911Suyuti.DafcTashnic.JK000188-ara1	[]	[]
0911Suyuti.MarasidMatalic.Shamela0038158-ara1	[]	[]
0911Suyuti.MatlacBadrayn.JK010224-ara1	[]	[]
0911Suyuti.MatlacBadrayn.Shamela0026551-ara1	[]	[]
0911Suyuti.TuhfatAbrar.JK009249-ara1	[]	[]
0911Suyuti.TuhfatAbrar.Shamela0021560-ara1	[]	[]
0911Suyuti.AlfiyaFiCilmHadith.Shamela0010483-ara1	[]	[]
0911Suyuti.Shamarikh.JK000406-ara1	[]	[]
0911Suyuti.Shamarikh.Shamela0007650-ara1	[]	[]
0911Suyuti.TabarriMinMacarratMacarri.Shamela0000781-ara1	[]	[]
0911Suyuti.TabarriMinMacarratMacarri.JK010781-ara1	[]	[]
0911Suyuti.Baha.JK009388-ara1	[]	[]
0911Suyuti.TarikhKhulafa.JK000117-ara1	[]	[]
0911Suyuti.TarikhKhulafa.Shamela0011997-ara1	[]	[]
0911Suyuti.TadhkiratMutasi.JK000684-ara1	[]	[]
0911Suyuti.TadhkiratMutasi.Shamela0006021-ara1	[]	[]
0914SarimDinIbnWazir.MukhtasarFiCulumHadith.Zaydiyya0000252-ara1	[]	[]
0914SarimDinIbnWazir.MukhtasarFiCulumHadith.Zaydiyya0000470-ara1	[]	[]
0912IbnMuhammadBadrDinSibtMardini.SharhFusul.Shamela0012018-ara1	[]	[]
0902Sakhawi.FathMughith.Shamela0005963-ara1	[]	[]
0902Sakhawi.FathMughith.JK006675-ara1	[]	[]
0902Sakhawi.SirrMaktum.Shamela0001500-ara1	[]	[]
0902Sakhawi.DawLamic.JK003608-ara1	['inProgress', 'no-ext']	['inProgress']
0902Sakhawi.DawLamic.Shamela0006675-ara1	[]	[]
0902Sakhawi.DawLamic.JK003608-ara1.mARkdownSimple.IDs	['unknown']	['0902Sakhawi.DawLamic.JK003608-ara1.mARkdownSimple.IDs']
0902Sakhawi.DawLamic.JK003608-ara1.mARkdownSimple	['unknown']	['0902Sakhawi.DawLamic.JK003608-ara1.mARkdownSimple']
0902Sakhawi.TawdihAbhar.Shamela0008663-ara1	[]	[]
0902Sakhawi.TawdihAbhar.JK000997-ara1	[]	[]
0902Sakhawi.TuhfaLatifa.JK001475-ara1	[]	[]
0902Sakhawi.TuhfaLatifa.Shamela0007434-ara1	[]	[]
0902Sakhawi.QawlBadic.Shamela0001391-ara1	[]	[]
0902Sakhawi.Buldaniyyat.JK007062-ara1	['no-ext', 'completed']	['no-ext']
0902Sakhawi.Buldaniyyat.Shamela0003576-ara1	[]	[]
0902Sakhawi.ManhalCadhb.JK010317-ara1	[]	[]
0902Sakhawi.ManhalCadhb.Shamela0000317-ara1	[]	[]
0902Sakhawi.MaqasidHasana.Shamela0023177-ara1	[]	[]
0902Sakhawi.MaqasidHasana.JK001160-ara1	[]	[]
0902Sakhawi.GhayaFiSharh.JK007014-ara1	[]	[]
0902Sakhawi.GhayaFiSharh.Shamela0005956-ara1	[]	[]
0902Sakhawi.IltimasSacd.Shamela0005675-ara1	[]	[]
0902Sakhawi.FakhrMutawali.JK001048-ara1	[]	[]
0902Sakhawi.FakhrMutawali.Shamela0006585-ara1	[]	[]
0902Sakhawi.MutakallimunFiRijal.Shamela0026111-ara1	[]	[]
0918IbnAscadJalalDinDawwani.HujajBahira.Shamela0037537-ara1	[]	[]
0905IbnCaliTaqiDinKafcami.MuhasabatNafs.Shia001400-ara1	[]	[]
0905IbnCaliTaqiDinKafcami.Misbah.Shia001399-ara1	[]	[]
0905IbnCabdAllahWaqqadAzhari.SharhTasrih.Shamela0009985-ara1	[]	[]
0905IbnCabdAllahWaqqadAzhari.MuwassilTullab.Shamela0006973-ara1	[]	[]
0905IbnCabdAllahWaqqadAzhari.MuwassilTullab.JK001179-ara1	[]	[]
0905IbnCabdAllahWaqqadAzhari.SharhAzhariyya.Shamela0096610-ara1	[]	[]
0925IbnCabdWahhabAcraj.TahrirSuluk.Shamela0007237-ara1	[]	[]
0925IbnCabdWahhabAcraj.TahrirSuluk.JK001312-ara1	[]	[]
0918BafadlHadrami.MuqaddimaHadramiyya.Shamela0006125-ara1	[]	[]
0918BafadlHadrami.MuqaddimaHadramiyya.JK000243-ara1	[]	[]
0923AhmadQastallani.MawahibLaduniyya.Shamela0023685-ara1	[]	[]
0923AhmadQastallani.IrshadSari.Shamela0021715-ara1	[]	[]
0916IbnFanad.MaathirAbrar.Zaydiyya0000090-ara1	[]	[]
0905IbnCabdRahmanIjiShafici.Tafsir.Shamela0029743-ara1	[]	[]
0922IbnShaykhTarabulusi.IscafAwqaf.Shamela0096262-ara1	[]	[]
0914IbnYahyaWansharisi.AsnaMatajir.JK001192-ara1	[]	[]
0914IbnYahyaWansharisi.AsnaMatajir.Shamela0006243-ara1	[]	[]
0904Burayhi.TabaqatSulahaYaman.JK001237-ara1	[]	[]
0904Burayhi.TabaqatSulahaYaman.Shamela0006641-ara1	[]	[]
0911Samhudi.WafaWafa.Shamela0023695-ara1	[]	[]
0911Samhudi.KhulasatWafa.JK010420-ara1	[]	[]
0911Samhudi.KhulasatWafa.Shamela0031372-ara1	[]	[]
0920IbnMahmudNakhjawani.FawatihIlahiyya.Shamela0023624-ara1	[]	[]
0378IbnAhmadDarimi.Tuhaf.Shamela0005430-ara1	[]	[]
0388IbnMuhammadBusti.IslahGhalatMuhaddithin.Shamela0006923-ara1	[]	[]
0388IbnMuhammadBusti.IslahGhalatMuhaddithin.JK006918-ara1	[]	[]
0388IbnMuhammadBusti.IslahGhalatMuhaddithin.Shia002089-ara1	[]	[]
0388IbnMuhammadBusti.Cuzla.JK001213-ara1	[]	[]
0388IbnMuhammadBusti.Cuzla.Shamela0013042-ara1	[]	[]
0388IbnMuhammadBusti.GhunyaCanKalam.JK000361-ara1	[]	[]
0388IbnMuhammadBusti.ShanDuca.Shamela0095700-ara1	[]	[]
0388IbnMuhammadBusti.MacalimSunan.Shamela0001442-ara1	[]	[]
0388IbnMuhammadBusti.GharibHadith.JK000239-ara1	[]	[]
0388IbnMuhammadBusti.GharibHadith.Shamela0012042-ara1	[]	[]
0386IbnAbiZaydQayrawani.Risala.Shia000903-ara1	[]	[]
0386IbnAbiZaydQayrawani.Risala.JK000171-ara1	[]	[]
0386IbnAbiZaydQayrawani.Risala.Shamela0097806-ara1	[]	[]
0386IbnAbiZaydQayrawani.Risala.Shamela0011373-ara1	[]	[]
0386IbnAbiZaydQayrawani.NawadirWaZiyadat.Shamela0096257-ara1	[]	[]
0381IbnHusaynNaysaburi.MabsutFiQiraatCashar.Shamela0036104-ara1	[]	[]
0388IbnBukayrSyrafi.FadailTasmiyya.JK000569-ara1	[]	[]
0388IbnBukayrSyrafi.FadailTasmiyya.Shia002090-ara1	[]	[]
0388IbnBukayrSyrafi.FadailTasmiyya.Shamela0013135-ara1	[]	[]
0400IbnMuhammadLihyani.Hadith.Shamela0021672-ara1	[]	[]
0393IbnWakicTinnisi.MunsifLiSariq.JK010776-ara1	[]	[]
0393IbnWakicTinnisi.MunsifLiSariq.Shamela0031373-ara1	[]	[]
0383IbnHayawayhKhazzaz.Mashyakha.Shamela0029954-ara1	[]	[]
0383IbnHayawayhKhazzaz.Mashyakha.Shamela0029958-ara1	[]	[]
0383IbnHayawayhKhazzaz.Mashyakha.Shamela0029957-ara1	[]	[]
0398IbnCaliHamadhani.Hadith.Shamela0021685-ara1	[]	[]
0386IbnCumarHarbi.Harbiyyat.Shamela0010494-ara1	[]	[]
0386IbnCumarHarbi.FawaidMuntaqa.JK011404-ara1	[]	[]
0386IbnCumarHarbi.FawaidMuntaqa.Shamela0001360-ara1	[]	[]
0386IbnCumarHarbi.Hadith.Shamela0029732-ara1	[]	[]
0386IbnCumarHarbi.Fawaid.Shamela0029979-ara1	[]	[]
0386IbnCumarHarbi.Mashyakha.Shamela0030075-ara1	['completed']	[]
0393IbnHammadFarabi.SihahTajLugha.Shamela0023235-ara1	[]	[]
0393IbnHammadFarabi.SihahTajLugha.Shia003906Vols-ara1	[]	[]
0393IbnHammadFarabi.MuntakhabMinSihahJawhari.Shamela0028100-ara1	[]	[]
0400IbnMuhammadKhazzaz.KifayatAthar.Shia001154-ara1	[]	[]
0396IbnCataRudhbari.Amali.Shamela0029871-ara1	[]	[]
0396IbnHasanDimashqi.Ahadith.Shamela0030022-ara1	[]	[]
0396IbnHasanDimashqi.Juz.Shamela0026877-ara1	[]	[]
0378IbnSalihQahtani.QasidaNuniyya.Shamela0007533-ara1	[]	[]
0378IbnSalihQahtani.QasidaNuniyya.JK001201-ara1	[]	[]
0380Muhallabi.MasalikWaMamalik.Shamela0011785-ara1	['completed']	[]
0400IshaqMunajjim.AkamMarjan.Shamela0011568-ara1	[]	[]
0385Daruqutni.AhadithAllatiKhulifaFihaMalikIbnAnas.JK000928-ara1	['completed']	[]
0385Daruqutni.AhadithAllatiKhulifaFihaMalikIbnAnas.Shamela0005651-ara1	[]	[]
0385Daruqutni.SualatHamza.JK000529-ara1	['completed']	[]
0385Daruqutni.SualatHamza.Shia002082-ara1	[]	[]
0385Daruqutni.Nuzul.JK011444-ara1	[]	[]
0385Daruqutni.Nuzul.Shamela0013074-ara1	['mARkdwon']	[]
0385Daruqutni.SualatNaysaburi.Shia002081-ara1	[]	[]
0385Daruqutni.SualatNaysaburi.Shamela0005950-ara1	[]	[]
0385Daruqutni.SualatNaysaburi.JK000527-ara1	['completed']	[]
0385Daruqutni.Afrad.Shamela0030609-ara1	['completed']	[]
0385Daruqutni.Ducafa.Shamela0010802-ara1	['completed']	[]
0385Daruqutni.Sunan.Shia002083Vols-ara1	[]	[]
0385Daruqutni.Sunan.JK000477-ara1	['completed']	[]
0385Daruqutni.Sunan.Shamela0009771-ara1	[]	[]
0385Daruqutni.DhikrAsmaTabicin.JK001323-ara1	[]	[]
0385Daruqutni.DhikrAsmaTabicin.Shamela0005881-ara1	['completed']	[]
0385Daruqutni.ArbacunaMinMusnadBurayd.Shamela0026441-ara1	['completed']	[]
0385Daruqutni.AhadithMuwatta.Shamela0001518-ara1	[]	[]
0385Daruqutni.AhadithMuwatta.JK009399-ara1	['completed']	[]
0385Daruqutni.Sifat.JK000329-ara1	['mARkdwon']	[]
0385Daruqutni.Sifat.Shamela0013038-ara1	[]	[]
0385Daruqutni.Sifat.Shamela0011331-ara1	[]	[]
0385Daruqutni.MinHadithDhuhali.Shamela0013097-ara1	[]	[]
0385Daruqutni.MinHadithDhuhali.Shamela0030375-ara2	['mARkdwon']	[]
0385Daruqutni.MinHadithDhuhali.JK000652-ara1	['mARkdwon']	[]
0385Daruqutni.TacliqatCalaMajruhin.Shamela0010843-ara1	['completed']	[]
0385Daruqutni.IlzamatWaTatabbuc.Shamela0021474-ara1	['completed']	[]
0385Daruqutni.FadailSahaba.JK011562-ara1	[]	[]
0385Daruqutni.FadailSahaba.Shamela0008238-ara1	['completed']	[]
0385Daruqutni.CilalWarida.Shia003117Vols-ara1	[]	[]
0385Daruqutni.CilalWarida.JK000522-ara1	[]	[]
0385Daruqutni.CilalWarida.Shamela0009082-ara1	['completed']	[]
0385Daruqutni.MutalifWaMukhtalif.Shamela0012581-ara1	[]	[]
0385Daruqutni.FawaidAfrad.Shamela0008338-ara1	['completed']	[]
0385Daruqutni.SualatBarqani.Shamela0001060-ara2	['mARkdwon']	[]
0385Daruqutni.SualatBarqani.JK000506-ara1	['mARkdwon']	[]
0385Daruqutni.SualatBarqani.Shia002080-ara2	[]	[]
0385Daruqutni.Ruyat.JK000604-ara1	[]	[]
0385Daruqutni.Ruyat.Shamela0021794-ara1	['completed']	[]
0385Daruqutni.FawaidMuntaqatIbnMacruf.Shamela0030361-ara1	['mARkdwon']	[]
0388IbnHasanHatimi.HilyatMuhadara.Shamela0005372-ara1	[]	[]
0388IbnHasanHatimi.RisalaWadiha.JK010777-ara1	[]	[]
0388IbnHasanHatimi.RisalaWadiha.Shamela0000777-ara1	[]	[]
0392IbnJinniMawsili.LumacFiCarabiyya.JK001134-ara1	[]	[]
0392IbnJinniMawsili.LumacFiCarabiyya.Shamela0006987-ara1	[]	[]
0392IbnJinniMawsili.Munsif.Shamela0010545-ara1	[]	[]
0392IbnJinniMawsili.TamamFiTafsirAshcarHudhayl.Shamela0000668-ara1	[]	[]
0392IbnJinniMawsili.TamamFiTafsirAshcarHudhayl.JK010668-ara1	[]	[]
0392IbnJinniMawsili.Khasais.JK001302-ara1	['completed']	[]
0392IbnJinniMawsili.Khasais.Shamela0009986-ara1	[]	[]
0392IbnJinniMawsili.MuhtasabFiTabyin.Shamela0008660-ara1	[]	[]
0392IbnJinniMawsili.MubhijFiTafsirAsmaShucara.Shamela0009244-ara1	['completed']	[]
0392IbnJinniMawsili.MubhijFiTafsirAsmaShucara.JK010614-ara1	[]	[]
0392IbnJinniMawsili.CuqudHamz.JK006987-ara1	[]	[]
0392IbnJinniMawsili.CuqudHamz.Shamela0006994-ara1	[]	[]
0392IbnJinniMawsili.Carud.Shamela0006917-ara1	[]	[]
0392IbnJinniMawsili.Carud.JK000956-ara1	[]	[]
0392IbnJinniMawsili.CilalTathniya.JK001272-ara1	[]	[]
0392IbnJinniMawsili.CilalTathniya.Shamela0006995-ara1	[]	[]
0392IbnJinniMawsili.AlfazMahmuza.JK001497-ara1	[]	[]
0392IbnJinniMawsili.AlfazMahmuza.Shamela0006979-ara1	[]	[]
0392IbnJinniMawsili.SirrSinacatIcrab.Shamela0012017-ara1	[]	[]
0392IbnJinniMawsili.SirrSinacatIcrab.JK001326-ara1	[]	[]
0385IbnMuhandis.HadithAbiQasimCafiya.Shamela0011433-ara1	[]	[]
0385WaWaDimashqi.Diwan.JK007611-ara1	[]	[]
0393AbuTahirMukhallis.SabcatMajalis.Shamela0008233-ara1	[]	[]
0393AbuTahirMukhallis.Mukhallisiyat.Shamela0009107-ara1	[]	[]
0398BadicZamanHamadhani.Maqamat.Shamela0028113-ara1	[]	[]
0398BadicZamanHamadhani.Maqamat.JK009269-ara1	[]	[]
0398BadicZamanHamadhani.Diwan.JK007612-ara1	[]	[]
0390Muqaddasi.AhsanTaqasim.MSG20191024-ara1	['mARkdwon']	[]
0390Muqaddasi.AhsanTaqasim.JK000413-ara1	[]	[]
0390Muqaddasi.AhsanTaqasim.Shamela0023696-ara1	['completed']	[]
0400IbnCabdAllahHashimi.Amthal.Shamela0010533-ara1	[]	[]
0394IbnMuhammadAzhari.MuntaqaHadith.Shamela0026545-ara1	[]	[]
0400AnonTranslator.GhrighuriyusFiFadila.GRAR000073-ara1	[]	[]
0400IbnHusaynBazyar.Bayzara.Shamela0003944-ara1	[]	[]
0385IbnHasanSirafi.SharhAbyatMutanabbi.Shamela0037487-ara1	[]	[]
0390IbnCabdAllahCaskari.HaththCalaTalabCilm.JK001096-ara1	[]	[]
0390IbnCabdAllahCaskari.HaththCalaTalabCilm.Shamela0006861-ara1	[]	[]
0390IbnZakariyaNahrawani.JalisSalih.Shamela0007301-ara1	[]	[]
0390IbnZakariyaNahrawani.JalisSalih.JK010552-ara1	[]	[]
0380AbuBakrKalabadhi.BahrFawaid.Shamela0013084-ara1	[]	[]
0380AbuBakrKalabadhi.BahrFawaid.JK009190-ara1	[]	[]
0380AbuBakrKalabadhi.TacarrufLiMadhhabAhlTasawwuf.JK000347-ara1	[]	[]
0380AbuBakrKalabadhi.TacarrufLiMadhhabAhlTasawwuf.Shamela0006518-ara1	[]	[]
0392IbnCabdCazizJurjani.Wisata.JK010638-ara1	[]	[]
0392IbnCabdCazizJurjani.Wisata.Shamela0000489-ara1	[]	[]
0393InShahidQurtubi.Diwan.JK007570-ara1	[]	[]
0392IbnIsmacilMisri.CuqalaMajanin.Shamela0027093-ara1	[]	[]
0379MuhammadRabci.TarikhMawlidCulama.Shamela0005791-ara1	[]	[]
0379MuhammadRabci.TarikhMawlidCulama.JK000651-ara1	['mARkdwon']	[]
0379MuhammadRabci.Juz.Shamela0026343-ara1	[]	[]
0379MuhammadRabci.WasayaCulama.JK000830-ara1	[]	[]
0379MuhammadRabci.WasayaCulama.Shamela0013186-ara1	[]	[]
0384AbuHasanRummani.RisalatHudud.JK006988-ara1	['completed']	[]
0384AbuHasanRummani.RisalatHudud.Shamela0006981-ara1	[]	[]
0384AbuHasanRummani.MacaniHuruf.Shamela0005353-ara2	['completed']	[]
0384AbuHasanRummani.MacaniHuruf.JK001218-ara1	['completed']	[]
0384AbuHasanRummani.MacaniHuruf.Shamela0006997-ara1	[]	[]
0378IbnIsmacilWarraq.MajlisFiFadlYawmCarafa.Shamela0027097-ara1	[]	[]
0399IbnAbiZamanaynIlbiri.QudwatGhazi.Shamela0030760-ara1	[]	[]
0399IbnAbiZamanaynIlbiri.Tafsir.Shamela0002154-ara1	[]	[]
0399IbnAbiZamanaynIlbiri.Tafsir.Shia002520Vols-ara1	[]	[]
0399IbnAbiZamanaynIlbiri.Tafsir.JK007095-ara1	[]	[]
0399IbnAbiZamanaynIlbiri.RiyadJanna.JK009194-ara1	[]	[]
0399IbnAbiZamanaynIlbiri.RiyadJanna.Shamela0009698-ara1	[]	[]
0381IbnYusufCallaf.Amali.Shamela0012818-ara1	[]	[]
0381IbnMuqriIsbahani.Mucjam.JK011634-ara1	[]	[]
0381IbnMuqriIsbahani.Mucjam.Shamela0008244-ara1	[]	[]
0381IbnMuqriIsbahani.JuzNafic.Shia002075-ara1	[]	[]
0381IbnMuqriIsbahani.JuzNafic.JK000634-ara1	[]	[]
0381IbnMuqriIsbahani.JuzNafic.Shamela0013103-ara1	[]	[]
0381IbnMuqriIsbahani.MinHadith.Shamela0021482-ara1	[]	[]
0381IbnMuqriIsbahani.MuntakhabMinGharaibMalik.Shamela0026500-ara1	[]	[]
0381IbnMuqriIsbahani.Fawaid.Shamela0029942-ara1	[]	[]
0381IbnMuqriIsbahani.Arbacuna.Shamela0021473-ara1	[]	[]
0381IbnMuqriIsbahani.Rukhsa.Shamela0013021-ara1	[]	[]
0381IbnMuqriIsbahani.Rukhsa.JK000026-ara1	[]	[]
0381IbnMuqriIsbahani.Rukhsa.Shia002074-ara1	[]	[]
0396IbnCumarWarraq.Hadith.Shamela0021483-ara1	[]	[]
0398AbuNasrKalabadhi.HidayaWaIrshad.Shamela0010902-ara1	['completed']	[]
0398AbuNasrKalabadhi.HidayaWaIrshad.JK000689-ara1	[]	[]
0377IbnAhmadJurjani.JuzIbnGhitrif.Shamela0013096-ara1	[]	[]
0377IbnAhmadJurjani.JuzIbnGhitrif.JK000646-ara1	[]	[]
0386AbuTalibMakki.QutQulub.JK009298-ara1	[]	[]
0386AbuTalibMakki.QutQulub.Shamela0000482-ara1	[]	[]
0400IbnMuhammadBusti.QasidatCunwanHukm.Shamela0006873-ara1	[]	[]
0400IbnMuhammadBusti.QasidatCunwanHukm.JK000037-ara1	[]	[]
0398IbnZurca.SufistiqaLiAristutalis.GRAR000027-ara1	[]	[]
0380IbnCabdRahmanIsbahani.Wadih.JK010779-ara1	[]	[]
0380IbnCabdRahmanIsbahani.Wadih.Shamela0000779-ara1	[]	[]
0385IbnShahin.FadailFatima.Shia002087-ara1	[]	[]
0385IbnShahin.FadailFatima.JK000579-ara1	[]	[]
0385IbnShahin.FadailFatima.Shamela0009434-ara1	[]	[]
0385IbnShahin.FadailFatima.Shamela0009449-ara1	[]	[]
0385IbnShahin.Afrad.Shamela0026514-ara1	[]	[]
0385IbnShahin.DhikrManIkhtalafaCulama.Shamela0008542-ara1	[]	[]
0385IbnShahin.DhikrManIkhtalafaCulama.JK000965-ara1	[]	[]
0385IbnShahin.DhikrManIkhtalafaCulama.Shamela0005800-ara1	[]	[]
0385IbnShahin.JuzHadith.Shamela0008226-ara1	[]	[]
0385IbnShahin.JuzHadith.Shamela0026517-ara1	[]	[]
0385IbnShahin.JuzHadith.JK011503-ara1	[]	[]
0385IbnShahin.TarghibFiFadailAcmal.Shamela0008209-ara1	[]	[]
0385IbnShahin.SharhMadhahib.Shamela0013124-ara1	[]	[]
0385IbnShahin.SharhMadhahib.JK009188-ara1	[]	[]
0385IbnShahin.SharhMadhahib.JK001143-ara1	[]	[]
0385IbnShahin.TarikhAsmaDucafa.Shamela0011083-ara1	['completed']	[]
0385IbnShahin.NasikhHadithWaMansukhuh.JK000424-ara1	[]	[]
0385IbnShahin.NasikhHadithWaMansukhuh.Shia002088-ara1	[]	[]
0385IbnShahin.NasikhHadithWaMansukhuh.Shamela0013184-ara1	[]	[]
0385IbnShahin.TarikhAsmaThiqat.JK000511-ara1	['completed']	[]
0385IbnShahin.TarikhAsmaThiqat.Shamela0005818-ara1	[]	[]
0385IbnShahin.TarikhAsmaThiqat.Shia003116-ara1	[]	[]
0385IbnShahin.Fawaid.Shamela0022418-ara1	[]	[]
0385IbnShahin.FadailRamadan.JK011570-ara1	[]	[]
0380Khalidiyyan.AshbahWaNazair.JK010747-ara1	[]	[]
0380Khalidiyyan.AshbahWaNazair.Shamela0010806-ara1	[]	[]
0380Khalidiyyan.TuhafWaHadaya.Shamela0005429-ara1	[]	[]
0400IbnHusaynYamani.MudahatAmthal.Shamela0000674-ara1	[]	[]
0400IbnHusaynYamani.MudahatAmthal.JK009361-ara1	[]	[]
0387IbnSamcunBaghdadi.Amali.Shamela0021476-ara1	[]	[]
0387IbnSamcunBaghdadi.Amali.JK010542-ara1	[]	[]
0384IbnCimranMarzubani.Muwashshah.Shamela0009427-ara1	['completed']	[]
0384IbnCimranMarzubani.MucjamShucara.Shamela0026552-ara1	['completed']	[]
0384IbnCimranMarzubani.MucjamShucara.JK010275-ara1	[]	[]
0384IbnCimranMarzubani.AshcarNisa.Shamela0008189-ara1	['completed']	[]
0384IbnCimranMarzubani.AkhbarSayyidHimyari.Shia003993-ara1	['completed']	[]
0380AbuKhazarTunisi.RaddCalaJamicMukhalifin.ShamIbadiyya0000432-ara1	[]	[]
0381IbnCabdRahmanZuhri.Hadith.Shamela0008227-ara1	[]	[]
0381IbnCabdRahmanZuhri.Hadith.JK011496-ara1	[]	[]
0400MuallifMajhul.HududCalam.Shamela0010809-ara1	['completed']	[]
0382IbnCabdAllahCaskari.JamharatAmthal.JK010560-ara1	[]	[]
0382IbnCabdAllahCaskari.JamharatAmthal.JK000972-ara1	[]	[]
0382IbnCabdAllahCaskari.JamharatAmthal.Shamela0006897-ara1	['completed']	[]
0382IbnCabdAllahCaskari.MasunFiAdab.JK010726-ara1	[]	[]
0382IbnCabdAllahCaskari.MasunFiAdab.Shamela0005502-ara1	['completed']	[]
0382IbnCabdAllahCaskari.TashifatMuhaddithin.JK000777-ara1	[]	[]
0382IbnCabdAllahCaskari.TashifatMuhaddithin.Shia002077Vols-ara1	[]	[]
0382IbnCabdAllahCaskari.TashifatMuhaddithin.Shamela0002449-ara1	['completed']	[]
0382IbnCabdAllahCaskari.AkhbarMusahhifin.JK000722-ara1	[]	[]
0382IbnCabdAllahCaskari.AkhbarMusahhifin.Shamela0006722-ara1	['completed']	[]
0382IbnCabdAllahCaskari.AkhbarMusahhifin.Shia002076-ara1	[]	[]
0379IbnMuzaffarBazzaz.Hadith.Shamela0029739-ara1	[]	[]
0379IbnMuzaffarBazzaz.GharaibHadithMalik.JK011554-ara1	[]	[]
0379IbnMuzaffarBazzaz.GharaibHadithMalik.Shamela0008236-ara1	[]	[]
0379IbnMuzaffarBazzaz.HadithShucba.Shamela0005732-ara1	[]	[]
0379IbnMuzaffarBazzaz.HadithShucba.JK007105-ara1	[]	[]
0400IbnCamashliqJacfari.JuzIbnCamashliq.Shamela0005660-ara1	[]	[]
0400IbnCamashliqJacfari.JuzIbnCamashliq.Shia002092-ara1	[]	[]
0400IbnCamashliqJacfari.JuzIbnCamashliq.JK000589-ara1	[]	[]
0381MuhammadIbnYusufCamiri.SacadaWaIscad.SAWS20200409-ara1	['completed']	[]
0387IbnBattaCukbari.IbanaKubra.Shamela0008206-ara1	[]	[]
0387IbnBattaCukbari.IbanaCanSharica.JK001487-ara1	[]	[]
0387IbnBattaCukbari.IbtalHiyal.JK000181-ara1	[]	[]
0387IbnBattaCukbari.IbtalHiyal.Shamela0008257-ara1	[]	[]
0387IbnBattaCukbari.SabcunaFiJihad.Shamela0001582-ara1	[]	[]
0387IbnBattaCukbari.SabcunaFiJihad.JK010195-ara1	[]	[]
0395IbnFarisQazwini.Sahibi.JK010092-ara1	[]	[]
0395IbnFarisQazwini.Sahibi.Shamela0009977-ara1	[]	[]
0395IbnFarisQazwini.MucjamMaqayis.JK008008-ara1	[]	[]
0395IbnFarisQazwini.MucjamMaqayis.Shamela0021710-ara1	[]	[]
0395IbnFarisQazwini.MucjamMaqayis.Shia003913Vols-ara1	[]	[]
0395IbnFarisQazwini.Ittibac.Shamela0006933-ara1	[]	[]
0395IbnFarisQazwini.Ittibac.JK009165-ara1	[]	[]
0395IbnFarisQazwini.MakhadhCilm.Shamela0026675-ara1	[]	[]
0395IbnFarisQazwini.MujmalLugha.Shamela0009252-ara1	[]	[]
0377IbnZaydAnsari.Hadith.Shamela0029714-ara1	[]	[]
0380IbnIbrahimNucmani.Ghayba.Shia001281-ara1	[]	[]
0380IbnIbrahimNucmani.Ghayba.Zaydiyya0000198-ara1	[]	[]
0388Shabushti.Diyarat.JK010589-ara1	[]	[]
0388Shabushti.Diyarat.Shamela0000589-ara1	['completed']	[]
0383IbnCabbasKhwarizmi.MufidCulum.Shamela0010262-ara1	['completed']	[]
0383IbnCabbasKhwarizmi.Amthal.Shamela0010497-ara1	['completed']	[]
0400IbnRifacaHashimi.ArbacunHadithan.Zaydiyya0000341-ara1	[]	[]
0377IbnAhmadFarisi.HujjaLiQurraSabca.Shamela0035101-ara1	[]	[]
0377IbnAhmadFarisi.SharhAbyat.Shamela0037492-ara1	[]	[]
0387KatibKhwarizmi.MafatihCulum.JK001148-ara1	[]	[]
0387KatibKhwarizmi.MafatihCulum.Shamela0012077-ara1	[]	[]
0385SahibIbnCabbadTalqani.AmthalSaira.Shamela0037460-ara1	[]	[]
0385SahibIbnCabbadTalqani.KashfCanMusawiShicrMutanabbi.Shamela0037056-ara1	[]	[]
0385SahibIbnCabbadTalqani.MuhitFiLugha.Shamela0000083-ara1	[]	[]
0385SahibIbnCabbadTalqani.MuhitFiLugha.JK009326-ara1	[]	[]
0385SahibIbnCabbadTalqani.Ruznamaja.Shamela0037461-ara1	[]	[]
0377IbnAhmadCasqalani.TanbihWaRadd.JK001263-ara1	[]	[]
0377IbnAhmadCasqalani.TanbihWaRadd.Shamela0006537-ara1	[]	[]
0377IbnMuhammadShimshati.AnwarWaMahasinAshcar.JK009283-ara1	[]	[]
0377IbnMuhammadShimshati.AnwarWaMahasinAshcar.Shamela0000601-ara1	[]	[]
0382IbnMuhammadBazdawi.KanzWusul.JK000173-ara1	[]	[]
0378HakimKabir.CawaliMalik.Shamela0026365-ara1	[]	[]
0378HakimKabir.ShicarAshabHadith.Shamela0013126-ara1	[]	[]
0378HakimKabir.ShicarAshabHadith.JK000580-ara1	[]	[]
0378HakimKabir.ShicarAshabHadith.Shia002073-ara1	[]	[]
0378HakimKabir.Fawaid.Shamela0026730-ara1	[]	[]
0381AbuQasimJawhari.MusnadMuwatta.Shamela0021479-ara1	[]	[]
0400IbnJarirTabariSaghir.DalailImama.Shia001286-ara1	[]	[]
0400IbnJarirTabariSaghir.Mustarshid.Shia001285-ara1	[]	[]
0400IbnJarirTabariSaghir.NawadirMucjizat.Shia001287-ara1	[]	[]
0381IbnBabawayh.KamalDin.Shia001146-ara1	['completed']	[]
0381IbnBabawayh.Khisal.Shia001137-ara1	['completed']	[]
0381IbnBabawayh.Khisal.Zaydiyya0000128-ara1	[]	[]
0381IbnBabawayh.SifatShica.Shia001139-ara1	['completed']	[]
0381IbnBabawayh.Muqnic.Shia000003-ara1	['completed']	[]
0381IbnBabawayh.Tawhid.Shia001136-ara1	['completed']	[]
0381IbnBabawayh.FadailAshhurThalatha.Shia001144-ara1	['completed']	[]
0381IbnBabawayh.Amali.Zaydiyya0000114-ara1	[]	[]
0381IbnBabawayh.Amali.Shia001134-ara1	['completed']	[]
0381IbnBabawayh.MacaniAkhbar.Shia001148-ara1	['completed']	[]
0381IbnBabawayh.CilalSharaic.Zaydiyya0000332-ara1	[]	[]
0381IbnBabawayh.CilalSharaic.Zaydiyya0000192-ara1	[]	[]
0381IbnBabawayh.CilalSharaic.Shia001140Vols-ara1	['completed']	[]
0381IbnBabawayh.ManLaYahduruhuFaqih.Zaydiyya0000239-ara1	[]	[]
0381IbnBabawayh.ManLaYahduruhuFaqih.Shia001149Vols-ara1	[]	[]
0381IbnBabawayh.ThawabAcmal.Shia001138BK1-ara1	['completed']	[]
0381IbnBabawayh.CiqabAcmal.Shia001138BK2-ara1	['completed']	[]
0381IbnBabawayh.Hidaya.Shia000004-ara1	['completed']	[]
0381IbnBabawayh.Ictiqadat.Shia001135-ara1	['completed']	[]
0381IbnBabawayh.CuyunAkhbarRida.Zaydiyya0000193-ara1	[]	[]
0381IbnBabawayh.CuyunAkhbarRida.Shia001142Vols-ara1	['completed']	[]
0381IbnBabawayh.FadailShica.Shia001145-ara1	['completed']	[]
0380IbnMuhammadBasili.TaqyidKabir.Shamela0095565-ara1	[]	[]
0386IbnHasnunMuqri.LughatFiQuran.Shamela0009598-ara1	[]	[]
0386IbnHasnunMuqri.LughatFiQuran.JK009253-ara1	[]	[]
0400IbnCaliHarrani.TuhafCuqul.Shia001153-ara1	[]	[]
0395IbnMandahMuhammad.RisalaFiFadlAkhbar.JK000714-ara1	[]	[]
0395IbnMandahMuhammad.RisalaFiFadlAkhbar.Shamela0006015-ara1	[]	[]
0395IbnMandahMuhammad.MacrifaSahaba.Shamela0021481-ara1	['completed']	[]
0395IbnMandahMuhammad.RaddCalaJahmiyya.Shamela0003976-ara1	[]	[]
0395IbnMandahMuhammad.RaddCalaJahmiyya.Shamela0013022-ara1	[]	[]
0395IbnMandahMuhammad.RaddCalaJahmiyya.JK000248-ara1	[]	[]
0395IbnMandahMuhammad.Tawhid.JK011329-ara1	[]	[]
0395IbnMandahMuhammad.Tawhid.Shamela0008210-ara1	[]	[]
0395IbnMandahMuhammad.Fawaid.JK000587-ara1	[]	[]
0395IbnMandahMuhammad.Fawaid.Shamela0009347-ara1	[]	[]
0395IbnMandahMuhammad.Iman.Shamela0013005-ara1	[]	[]
0395IbnMandahMuhammad.Iman.JK000384-ara1	[]	[]
0395IbnMandahMuhammad.Asami.Shamela0026889-ara1	['completed']	[]
0395IbnMandahMuhammad.FathBab.Shamela0005813-ara1	['completed']	[]
0395IbnMandahMuhammad.FathBab.JK007024-ara1	[]	[]
0395IbnMandahMuhammad.MusnadIbnAdham.Shamela0013153-ara1	[]	[]
0395IbnMandahMuhammad.MusnadIbnAdham.JK000570-ara1	[]	[]
0395IbnMandahMuhammad.MusnadIbnAdham.Shia002091-ara1	[]	[]
0395IbnMandahMuhammad.Amali.Shamela0030769-ara1	[]	[]
0395IbnMandahMuhammad.Amali.Shamela0021663-ara1	[]	[]
0395IbnMandahMuhammad.Amali.Shamela0029737-ara1	[]	[]
0400IbnTahirMaqdisi.BadWaTarikh.Shamela0012318-ara1	['completed']	[]
0400IbnTahirMaqdisi.BadWaTarikh.JK001289-ara1	[]	[]
0395AbuHilalCaskari.FuruqLughawiyya.Shamela0010414-ara1	[]	[]
0395AbuHilalCaskari.FuruqLughawiyya.Shia003912-ara1	[]	[]
0395AbuHilalCaskari.FuruqLughawiyya.Shamela0001736-ara1	[]	[]
0395AbuHilalCaskari.FuruqLughawiyya.JK006960-ara1	[]	[]
0395AbuHilalCaskari.Talkhis.Shamela0037471-ara1	[]	[]
0395AbuHilalCaskari.Awail.JK010370-ara1	[]	[]
0395AbuHilalCaskari.Awail.Shamela0010529-ara1	[]	[]
0395AbuHilalCaskari.DiwanMacani.Shamela0006909-ara1	['completed']	[]
0395AbuHilalCaskari.DiwanMacani.JK006921-ara1	[]	[]
0395AbuHilalCaskari.Sinacatayn.Shamela0023787-ara1	['inProgress', 'no-ext']	['inProgress']
0395AbuHilalCaskari.Sinacatayn.JK006910-ara1	[]	[]
0395AbuHilalCaskari.WujuhWaNazair.Shamela0037586-ara1	[]	[]
0385IbnNadim.Fihrist.Shamela0007642-ara1	[]	[]
0385IbnNadim.Fihrist.GRAR000030-ara1	[]	[]
0385IbnNadim.Fihrist.JK000557-ara1	[]	[]
0385IbnNadim.Fihrist.Shia003355-ara1	['mARkdwon']	[]
0392IbnAbiShurayhHarawi.AhathidMia.Shamela0029734-ara1	[]	[]
0378IbnKhalafJubayri.Tawassut.Shamela0096925-ara1	[]	[]
0390IbnAkhiMimiDaqqaq.Fawaid.Shamela0009564-ara1	[]	[]
0384IbnCaliTanukhi.NishwarMuhadara.JK009297-ara1	[]	[]
0384IbnCaliTanukhi.NishwarMuhadara.Shamela0010275-ara1	[]	[]
0384IbnCaliTanukhi.FarajBacdaShidda.Shia001282Vols-ara1	[]	[]
0384IbnCaliTanukhi.FarajBacdaShidda.Shamela0012828-ara1	['completed']	[]
0384IbnCaliTanukhi.Mustajad.Shamela0000768-ara1	[]	[]
0384IbnCaliTanukhi.Mustajad.JK010768-ara1	['completed']	[]
0477BibiHarawiyya.Juz.Shamela0005668-ara1	[]	[]
0477BibiHarawiyya.Juz.JK000643-ara1	[]	[]
0497IbnIbnZahraTuraythithi.Hadith.Shamela0011441-ara1	[]	[]
0497IbnIbnZahraTuraythithi.Hadith.Shamela0029777-ara1	[]	[]
0496IbnNajahAndalusi.MukhtasarTabyin.Shamela0029988-ara1	[]	[]
0500IbnAhmadHakimHaskari.ShawahidTanzil.Shia002550Vols-ara1	[]	[]
0485NizamMulkWazir.Amali.Shamela0009608-ara1	[]	[]
0485NizamMulkWazir.Amali.JK000563-ara1	[]	[]
0485NizamMulkWazir.SiyasatNama.JK000419-ara1	[]	[]
0485NizamMulkWazir.SiyasatNama.Shamela0008345-ara1	[]	[]
0489IbnYusufJurjani.CillatHadith.Shamela0027094-ara1	[]	[]
0498AbuCaliJayyani.TaqyidMuhmal.JK000986-ara1	[]	[]
0498AbuCaliJayyani.TaqyidMuhmal.Shamela0005795-ara1	['completed']	[]
0498AbuCaliJayyani.AlqabSahaba.JK007034-ara1	[]	[]
0498AbuCaliJayyani.AlqabSahaba.Shamela0005895-ara1	['completed']	[]
0494IbnCaliMawsili.ArbacunaWacdaniyya.Shamela0030584-ara1	[]	[]
0494IbnCaliMawsili.ArbacunaWacdaniyya.Shamela0012882-ara1	[]	[]
0500HusaynIbnCabdWahhab.CuyunMucjizat.Shia001336-ara1	[]	[]
0479IbnFaddalQayruwani.NukatFiQuran.Shamela0009066-ara1	[]	[]
0489IbnMuhammadSamcani.QawaticAdilla.JK001304-ara1	[]	[]
0489IbnMuhammadSamcani.QawaticAdilla.Shamela0012049-ara1	[]	[]
0489IbnMuhammadSamcani.IntisarAshabHadith.JK000969-ara1	[]	[]
0489IbnMuhammadSamcani.IntisarAshabHadith.Shamela0005727-ara1	[]	[]
0489IbnMuhammadSamcani.TafsirQuran.JK006476-ara1	[]	[]
0489IbnMuhammadSamcani.TafsirQuran.Shia002544Vols-ara1	[]	[]
0489IbnMuhammadSamcani.TafsirQuran.Shamela0008320-ara1	[]	[]
0490IbnIbrahimNabulusi.TahrimNikahMutca.Shamela0009391-ara1	[]	[]
0490IbnIbrahimNabulusi.Amali.Shamela0029774-ara1	[]	[]
0490IbnIbrahimNabulusi.Amali.Shamela0030574-ara1	[]	[]
0490IbnIbrahimNabulusi.Amali.Shamela0029895-ara1	[]	[]
0476AclamShantamari.AshcarShucara.Shamela0005449-ara1	[]	[]
0482AbuIshaqHabbal.WafayatMisriyyin.Shamela0005871-ara1	[]	[]
0482AbuIshaqHabbal.WafayatMisriyyin.JK000712-ara1	['completed']	[]
0500IbnCabdAllahQadiTanukhi.Qawafi.Shamela0010911-ara1	[]	[]
0486IbnAhmadZuzani.SharhMucallaqat.Shamela0011253-ara1	[]	[]
0488IbnFutuhHumaydi.Tadhkira.Shamela0010025-ara1	[]	[]
0488IbnFutuhHumaydi.JadhwaMuqtabis.JK010310-ara1	[]	[]
0488IbnFutuhHumaydi.JadhwaMuqtabis.Shamela0005742-ara1	['completed']	[]
0488IbnFutuhHumaydi.JamcBaynaSahihayn.JK007065-ara1	[]	[]
0488IbnFutuhHumaydi.JamcBaynaSahihayn.Shamela0005567-ara1	[]	[]
0488IbnFutuhHumaydi.AkhbarWaAshcar.Shamela0009357-ara1	[]	[]
0488IbnFutuhHumaydi.TafsirGharib.JK001211-ara1	[]	[]
0488IbnFutuhHumaydi.TafsirGharib.Shamela0007014-ara1	[]	[]
0483IbnAhmadSarakhsi.Usul.Shamela0006301-ara1	[]	[]
0483IbnAhmadSarakhsi.Usul.Shia002914Vols-ara1	[]	[]
0483IbnAhmadSarakhsi.Usul.JK000211-ara1	[]	[]
0483IbnAhmadSarakhsi.Mabsut.Shamela0005423-ara1	[]	[]
0483IbnAhmadSarakhsi.Mabsut.JK000266-ara1	[]	[]
0483IbnAhmadSarakhsi.Mabsut.Shia000923Vols-ara1	[]	[]
0483IbnAhmadSarakhsi.SharhSiyarKabir.Shia003154Vols-ara1	[]	[]
0483IbnAhmadSarakhsi.SharhSiyarKabir.Shamela0005434-ara1	[]	[]
0500IbnHusaynGhadairiWasiti.Rijal.Shia002936-ara1	['completed']	[]
0494IbnSacidIbnKarama.TahkimCuqul.Zaydiyya0000214-ara1	[]	[]
0494IbnSacidIbnKarama.RisalatIblis.Zaydiyya0000040-ara1	[]	[]
0494IbnSacidIbnKarama.TanbihGhalifin.Zaydiyya0000137-ara1	[]	[]
0494IbnSacidIbnKarama.TanbihGhalifin.Shia003691-ara1	[]	[]
0483IbnMuhammadIbnMaghaziliWasiti.ManaqibCali.Shamela0026456-ara1	[]	[]
0481AnsariHarawi.ManazilSairin.JK000052-ara1	[]	[]
0481AnsariHarawi.ManazilSairin.Shamela0006876-ara1	[]	[]
0481AnsariHarawi.ArbacunaFiDalailTawhid.JK000317-ara1	[]	[]
0481AnsariHarawi.ArbacunaFiDalailTawhid.Shia002164-ara1	[]	[]
0481AnsariHarawi.ArbacunaFiDalailTawhid.Shamela0006410-ara1	[]	[]
0481AnsariHarawi.DhammKalam.Shamela0001427-ara1	[]	[]
0481AnsariHarawi.DhammKalam.JK001006-ara1	[]	[]
0481AnsariHarawi.DhammKalam.Shia004494Vols-ara1	[]	[]
0478MutawalliNaysaburi.GhunyaFiUsulDin.JK001094-ara1	[]	[]
0492AbuHasanKhulci.Khulciyat.Shamela0030592Vols-ara1	[]	[]
0492AbuHasanKhulci.HadithSufyanIbnCuyayna.Shamela0029776-ara1	[]	[]
0492AbuHasanKhulci.Fawaid.Shamela0010835-ara1	[]	[]
0492AbuHasanKhulci.Fawaid.Shamela0029775-ara1	[]	[]
0492AbuHasanKhulci.MuntaqaMinKhulciyat.Shamela0030340-ara1	[]	[]
0488IbnWahhabHanbali.Masmucat.Shamela0029773-ara1	[]	[]
0500IbnAhmadSarrajBaghdadi.MasaricCushshaq.Shamela0026549-ara1	[]	[]
0500IbnAhmadSarrajBaghdadi.MasaricCushshaq.JK009304-ara1	[]	[]
0481NasirKhusraw.SafarNamah.Shia003490-ara1	[]	[]
0481NasirKhusraw.SafarNamah.JK000392-ara1	[]	[]
0481NasirKhusraw.SafarNamah.Shamela0006707-ara1	[]	[]
0499IbnHusaynJurjani.TartibAmali.Zaydiyya0000342-ara1	[]	[]
0499IbnHusaynJurjani.TartibAmali.Shamela0009392-ara1	[]	[]
0499IbnHusaynJurjani.TartibAmali.JK009226-ara1	[]	[]
0499IbnHusaynJurjani.TartibAmali.Zaydiyya0000230-ara1	[]	[]
0499IbnHusaynJurjani.SiratImamMuayyad.Zaydiyya0000253-ara1	[]	[]
0478IbnCabSamadQattan.Juz.Shamela0011454-ara1	[]	[]
0491IbnMuhammadZaynabi.MajlisYawmJumca.Shamela0029744-ara1	[]	[]
0491IbnMuhammadZaynabi.Juz.Shamela0030045-ara1	[]	[]
0491IbnMuhammadZaynabi.Amali.Shamela0012549-ara1	[]	[]
0491IbnMuhammadZaynabi.Amali.Shamela0030725-ara1	[]	[]
0500IbnMuhammadKhatibBushanji.Juz.Shamela0026886-ara1	[]	[]
0486IbnAhmadHakkari.HadiyyatAhya.Shamela0026926-ara1	[]	[]
0480IbnHilalSabi.HafawatNadira.Shamela0005363-ara1	[]	[]
0500IbnMuhammadHulwani.NuzhatNazir.Shia002165-ara1	[]	[]
0485IbnMuhammadHaddadMahdawi.HasrHarfZa.JK006961-ara1	[]	[]
0485IbnMuhammadHaddadMahdawi.HasrHarfZa.Shamela0001150-ara1	[]	[]
0489IbnFadlIsbahani.FawaidCawali.Shamela0010514-ara1	[]	[]
0498IbnMuhammadAbuBakrIsbahani.Juz.Shamela0013105-ara1	[]	[]
0498IbnMuhammadAbuBakrIsbahani.Juz.JK000572-ara1	[]	[]
0480IbnHaddadQaysi.Diwan.JK007573-ara1	[]	[]
0482IbnSacidNucmani.Juz.Shamela0030054-ara1	[]	[]
0481IbnBarrajTarabulusi.JawahirFiqh.Shia000045-ara1	[]	[]
0481IbnBarrajTarabulusi.Muhadhdhib.Shia000043Vols-ara1	[]	[]
0487IbnCaliShirazi.Amali.Shamela0012287-ara1	[]	[]
0499IbnBattalQurtubi.SharhSahihBukhari.Shamela0010486-ara1	[]	[]
0499IbnBattalQurtubi.SharhSahihBukhari.JK009324-ara1	[]	[]
0476AbuIshaqShirazi.MacunaFiJadal.JK000230-ara1	[]	[]
0476AbuIshaqShirazi.MacunaFiJadal.Shamela0006320-ara1	[]	[]
0476AbuIshaqShirazi.TabsiraFiUsulFiqh.JK000214-ara1	[]	[]
0476AbuIshaqShirazi.TabsiraFiUsulFiqh.Shamela0025787-ara1	[]	[]
0476AbuIshaqShirazi.TabaqatFuqaha.JK000217-ara1	[]	[]
0476AbuIshaqShirazi.TabaqatFuqaha.Shamela0001031-ara1	['completed']	[]
0476AbuIshaqShirazi.TanbihFiFiqhShafici.Shamela0007589-ara1	[]	[]
0476AbuIshaqShirazi.TanbihFiFiqhShafici.JK000303-ara1	[]	[]
0476AbuIshaqShirazi.LumacFiUsulFiqh.Shamela0008536-ara1	[]	[]
0476AbuIshaqShirazi.LumacFiUsulFiqh.Shia002913-ara1	[]	[]
0476AbuIshaqShirazi.LumacFiUsulFiqh.JK000427-ara1	[]	[]
0476AbuIshaqShirazi.MuhadhdhabFiFiqh.Shamela0011813-ara1	[]	[]
0476AbuIshaqShirazi.MuhadhdhabFiFiqh.JK000272-ara1	[]	[]
0479MurshidYahyaJurjani.AmaliIthnayniyya.Zaydiyya0000131-ara1	[]	[]
0489IbnHasanBaqillaniBaghdadi.IctiqadQadiri.Shamela0026421-ara1	[]	[]
0497IbnFarajIbnTallacQurtubi.AqdiyatRasul.Shamela0009769-ara1	[]	[]
0487AbuCubaydBakri.SimtLaaliFiSharhAmali.Shamela0001586-ara1	[]	[]
0487AbuCubaydBakri.SimtLaaliFiSharhAmali.JK009225-ara1	[]	[]
0487AbuCubaydBakri.FaslMaqal.Shamela0001025-ara1	[]	[]
0487AbuCubaydBakri.FaslMaqal.JK000974-ara1	[]	[]
0487AbuCubaydBakri.MucjamMaIstacjama.Shamela0011802-ara1	[]	[]
0487AbuCubaydBakri.MucjamMaIstacjama.JK000800-ara1	[]	[]
0487AbuCubaydBakri.MucjamMaIstacjama.Shia003919Vols-ara1	[]	[]
0487AbuCubaydBakri.TanbihCalaAwham.JK009208-ara1	[]	[]
0487AbuCubaydBakri.TanbihCalaAwham.JK007123-ara1	[]	[]
0487AbuCubaydBakri.TanbihCalaAwham.Shamela0006752-ara1	[]	[]
0487AbuCubaydBakri.MasalikWaMamalik.Shamela0023849-ara1	['completed']	[]
0478ImamHaramaynJuwayni.LamcAdilla.Shia004493-ara1	[]	[]
0478ImamHaramaynJuwayni.LamcAdilla.JK001133-ara1	[]	[]
0478ImamHaramaynJuwayni.LamcAdilla.Shamela0006398-ara1	[]	[]
0478ImamHaramaynJuwayni.BurhanFuUsulFiqh.JK000781-ara1	[]	[]
0478ImamHaramaynJuwayni.BurhanFuUsulFiqh.Shamela0007439-ara1	[]	[]
0478ImamHaramaynJuwayni.GhiyathUmam.JK000043-ara1	[]	[]
0478ImamHaramaynJuwayni.GhiyathUmam.Shamela0008323-ara1	[]	[]
0478ImamHaramaynJuwayni.NihayatMatlab.Shamela0009851-ara1	[]	[]
0478ImamHaramaynJuwayni.TalkhisFuUsulFiqh.Shamela0006323-ara1	[]	[]
0478ImamHaramaynJuwayni.TalkhisFuUsulFiqh.JK007005-ara1	[]	[]
0478ImamHaramaynJuwayni.IjtihadMinTalkhis.Shamela0006352-ara1	[]	[]
0478ImamHaramaynJuwayni.IjtihadMinTalkhis.JK000185-ara1	[]	[]
0478ImamHaramaynJuwayni.Waraqat.Shamela0006297-ara1	[]	[]
0478ImamHaramaynJuwayni.Waraqat.JK000308-ara1	[]	[]
0045JarwalIbnAwsHutaya.Diwan.JK007531-ara1	[]	[]
0040CaliIbnAbiTalib.Diwan.JK007540-ara1	[]	[]
0030CurwaIbnHizam.Diwan.JK007555-ara1	[]	[]
0050KhirniqBintBadr.Diwan.JK007506-ara1	[]	[]
0026KacbIbnZuhayr.Diwan.JK007537-ara1	[]	[]
0041LabidIbnRabica.Diwan.Shamela0035077-ara1	[]	[]
0041LabidIbnRabica.Diwan.JK007538-ara2	[]	[]
0037IbnMuqbil.Diwan.JK007530-ara1	[]	[]
